user_id,rank,movie_id,title,year,predicted_score
6455,1,13501,Rocky IV,1985,3.5898497104644775
6455,2,15575,Royal Wedding,1951,3.5898497104644775
6455,3,747,Saber Marionette J,1996,3.5898497104644775
6455,4,7798,Deep Evil,2004,3.5898497104644775
6455,5,3165,Dirty Rotten Scoundrels,1988,3.5898497104644775
6455,6,5793,Underworld,2003,3.5898497104644775
6455,7,17147,She's the One,1996,3.5898497104644775
6455,8,8846,Election,1999,3.5898497104644775
6455,9,17152,Next Friday,2000,3.5898497104644775
6455,10,16969,Donnie Darko,2001,3.5898497104644775
30496,1,13501,Rocky IV,1985,3.5898497104644775
30496,2,15575,Royal Wedding,1951,3.5898497104644775
30496,3,747,Saber Marionette J,1996,3.5898497104644775
30496,4,7798,Deep Evil,2004,3.5898497104644775
30496,5,3165,Dirty Rotten Scoundrels,1988,3.5898497104644775
30496,6,5793,Underworld,2003,3.5898497104644775
30496,7,17147,She's the One,1996,3.5898497104644775
30496,8,8846,Election,1999,3.5898497104644775
30496,9,17152,Next Friday,2000,3.5898497104644775
30496,10,16969,Donnie Darko,2001,3.5898497104644775
35708,1,13501,Rocky IV,1985,3.5898497104644775
35708,2,15575,Royal Wedding,1951,3.5898497104644775
35708,3,747,Saber Marionette J,1996,3.5898497104644775
35708,4,7798,Deep Evil,2004,3.5898497104644775
35708,5,3165,Dirty Rotten Scoundrels,1988,3.5898497104644775
35708,6,5793,Underworld,2003,3.5898497104644775
35708,7,17147,She's the One,1996,3.5898497104644775
35708,8,8846,Election,1999,3.5898497104644775
35708,9,17152,Next Friday,2000,3.5898497104644775
35708,10,16969,Donnie Darko,2001,3.5898497104644775
38559,1,13501,Rocky IV,1985,3.5898497104644775
38559,2,15575,Royal Wedding,1951,3.5898497104644775
38559,3,747,Saber Marionette J,1996,3.5898497104644775
38559,4,7798,Deep Evil,2004,3.5898497104644775
38559,5,3165,Dirty Rotten Scoundrels,1988,3.5898497104644775
38559,6,5793,Underworld,2003,3.5898497104644775
38559,7,17147,She's the One,1996,3.5898497104644775
38559,8,8846,Election,1999,3.5898497104644775
38559,9,17152,Next Friday,2000,3.5898497104644775
38559,10,16969,Donnie Darko,2001,3.5898497104644775
46320,1,13501,Rocky IV,1985,3.5898497104644775
46320,2,15575,Royal Wedding,1951,3.5898497104644775
46320,3,747,Saber Marionette J,1996,3.5898497104644775
46320,4,7798,Deep Evil,2004,3.5898497104644775
46320,5,3165,Dirty Rotten Scoundrels,1988,3.5898497104644775
46320,6,5793,Underworld,2003,3.5898497104644775
46320,7,17147,She's the One,1996,3.5898497104644775
46320,8,8846,Election,1999,3.5898497104644775
46320,9,17152,Next Friday,2000,3.5898497104644775
46320,10,16969,Donnie Darko,2001,3.5898497104644775
52153,1,13501,Rocky IV,1985,3.5898497104644775
52153,2,15575,Royal Wedding,1951,3.5898497104644775
52153,3,747,Saber Marionette J,1996,3.5898497104644775
52153,4,7798,Deep Evil,2004,3.5898497104644775
52153,5,3165,Dirty Rotten Scoundrels,1988,3.5898497104644775
52153,6,5793,Underworld,2003,3.5898497104644775
52153,7,17147,She's the One,1996,3.5898497104644775
52153,8,8846,Election,1999,3.5898497104644775
52153,9,17152,Next Friday,2000,3.5898497104644775
52153,10,16969,Donnie Darko,2001,3.5898497104644775
56977,1,13501,Rocky IV,1985,3.5898497104644775
56977,2,15575,Royal Wedding,1951,3.5898497104644775
56977,3,747,Saber Marionette J,1996,3.5898497104644775
56977,4,7798,Deep Evil,2004,3.5898497104644775
56977,5,3165,Dirty Rotten Scoundrels,1988,3.5898497104644775
56977,6,5793,Underworld,2003,3.5898497104644775
56977,7,17147,She's the One,1996,3.5898497104644775
56977,8,8846,Election,1999,3.5898497104644775
56977,9,17152,Next Friday,2000,3.5898497104644775
56977,10,16969,Donnie Darko,2001,3.5898497104644775
57977,1,13501,Rocky IV,1985,3.5898497104644775
57977,2,15575,Royal Wedding,1951,3.5898497104644775
57977,3,747,Saber Marionette J,1996,3.5898497104644775
57977,4,3165,Dirty Rotten Scoundrels,1988,3.5898497104644775
57977,5,5793,Underworld,2003,3.5898497104644775
57977,6,17147,She's the One,1996,3.5898497104644775
57977,7,8846,Election,1999,3.5898497104644775
57977,8,17152,Next Friday,2000,3.5898497104644775
57977,9,16969,Donnie Darko,2001,3.5898497104644775
57977,10,7055,Get Shorty,1995,3.5898497104644775
68560,1,13501,Rocky IV,1985,3.5898497104644775
68560,2,15575,Royal Wedding,1951,3.5898497104644775
68560,3,747,Saber Marionette J,1996,3.5898497104644775
68560,4,7798,Deep Evil,2004,3.5898497104644775
68560,5,3165,Dirty Rotten Scoundrels,1988,3.5898497104644775
68560,6,5793,Underworld,2003,3.5898497104644775
68560,7,17147,She's the One,1996,3.5898497104644775
68560,8,8846,Election,1999,3.5898497104644775
68560,9,17152,Next Friday,2000,3.5898497104644775
68560,10,16969,Donnie Darko,2001,3.5898497104644775
93803,1,13501,Rocky IV,1985,3.5898497104644775
93803,2,15575,Royal Wedding,1951,3.5898497104644775
93803,3,747,Saber Marionette J,1996,3.5898497104644775
93803,4,3165,Dirty Rotten Scoundrels,1988,3.5898497104644775
93803,5,5793,Underworld,2003,3.5898497104644775
93803,6,17147,She's the One,1996,3.5898497104644775
93803,7,8846,Election,1999,3.5898497104644775
93803,8,17152,Next Friday,2000,3.5898497104644775
93803,9,16969,Donnie Darko,2001,3.5898497104644775
93803,10,7055,Get Shorty,1995,3.5898497104644775
104407,1,13501,Rocky IV,1985,3.5898497104644775
104407,2,15575,Royal Wedding,1951,3.5898497104644775
104407,3,747,Saber Marionette J,1996,3.5898497104644775
104407,4,7798,Deep Evil,2004,3.5898497104644775
104407,5,3165,Dirty Rotten Scoundrels,1988,3.5898497104644775
104407,6,5793,Underworld,2003,3.5898497104644775
104407,7,17147,She's the One,1996,3.5898497104644775
104407,8,8846,Election,1999,3.5898497104644775
104407,9,17152,Next Friday,2000,3.5898497104644775
104407,10,16969,Donnie Darko,2001,3.5898497104644775
108984,1,13501,Rocky IV,1985,3.5898497104644775
108984,2,15575,Royal Wedding,1951,3.5898497104644775
108984,3,747,Saber Marionette J,1996,3.5898497104644775
108984,4,7798,Deep Evil,2004,3.5898497104644775
108984,5,3165,Dirty Rotten Scoundrels,1988,3.5898497104644775
108984,6,5793,Underworld,2003,3.5898497104644775
108984,7,17147,She's the One,1996,3.5898497104644775
108984,8,8846,Election,1999,3.5898497104644775
108984,9,17152,Next Friday,2000,3.5898497104644775
108984,10,16969,Donnie Darko,2001,3.5898497104644775
112735,1,13501,Rocky IV,1985,3.5898497104644775
112735,2,15575,Royal Wedding,1951,3.5898497104644775
112735,3,747,Saber Marionette J,1996,3.5898497104644775
112735,4,7798,Deep Evil,2004,3.5898497104644775
112735,5,3165,Dirty Rotten Scoundrels,1988,3.5898497104644775
112735,6,5793,Underworld,2003,3.5898497104644775
112735,7,17147,She's the One,1996,3.5898497104644775
112735,8,8846,Election,1999,3.5898497104644775
112735,9,17152,Next Friday,2000,3.5898497104644775
112735,10,16969,Donnie Darko,2001,3.5898497104644775
125447,1,13501,Rocky IV,1985,3.5898497104644775
125447,2,15575,Royal Wedding,1951,3.5898497104644775
125447,3,747,Saber Marionette J,1996,3.5898497104644775
125447,4,7798,Deep Evil,2004,3.5898497104644775
125447,5,3165,Dirty Rotten Scoundrels,1988,3.5898497104644775
125447,6,5793,Underworld,2003,3.5898497104644775
125447,7,17147,She's the One,1996,3.5898497104644775
125447,8,8846,Election,1999,3.5898497104644775
125447,9,17152,Next Friday,2000,3.5898497104644775
125447,10,16969,Donnie Darko,2001,3.5898497104644775
125467,1,13501,Rocky IV,1985,3.5898497104644775
125467,2,15575,Royal Wedding,1951,3.5898497104644775
125467,3,747,Saber Marionette J,1996,3.5898497104644775
125467,4,7798,Deep Evil,2004,3.5898497104644775
125467,5,3165,Dirty Rotten Scoundrels,1988,3.5898497104644775
125467,6,5793,Underworld,2003,3.5898497104644775
125467,7,17147,She's the One,1996,3.5898497104644775
125467,8,8846,Election,1999,3.5898497104644775
125467,9,17152,Next Friday,2000,3.5898497104644775
125467,10,16969,Donnie Darko,2001,3.5898497104644775
126505,1,13501,Rocky IV,1985,3.5898497104644775
126505,2,15575,Royal Wedding,1951,3.5898497104644775
126505,3,747,Saber Marionette J,1996,3.5898497104644775
126505,4,7798,Deep Evil,2004,3.5898497104644775
126505,5,3165,Dirty Rotten Scoundrels,1988,3.5898497104644775
126505,6,5793,Underworld,2003,3.5898497104644775
126505,7,17147,She's the One,1996,3.5898497104644775
126505,8,8846,Election,1999,3.5898497104644775
126505,9,17152,Next Friday,2000,3.5898497104644775
126505,10,16969,Donnie Darko,2001,3.5898497104644775
141510,1,13501,Rocky IV,1985,3.5898497104644775
141510,2,15575,Royal Wedding,1951,3.5898497104644775
141510,3,747,Saber Marionette J,1996,3.5898497104644775
141510,4,7798,Deep Evil,2004,3.5898497104644775
141510,5,3165,Dirty Rotten Scoundrels,1988,3.5898497104644775
141510,6,5793,Underworld,2003,3.5898497104644775
141510,7,17147,She's the One,1996,3.5898497104644775
141510,8,8846,Election,1999,3.5898497104644775
141510,9,17152,Next Friday,2000,3.5898497104644775
141510,10,16969,Donnie Darko,2001,3.5898497104644775
142078,1,13501,Rocky IV,1985,3.5898497104644775
142078,2,15575,Royal Wedding,1951,3.5898497104644775
142078,3,747,Saber Marionette J,1996,3.5898497104644775
142078,4,3165,Dirty Rotten Scoundrels,1988,3.5898497104644775
142078,5,5793,Underworld,2003,3.5898497104644775
142078,6,17147,She's the One,1996,3.5898497104644775
142078,7,8846,Election,1999,3.5898497104644775
142078,8,17152,Next Friday,2000,3.5898497104644775
142078,9,16969,Donnie Darko,2001,3.5898497104644775
142078,10,7055,Get Shorty,1995,3.5898497104644775
144556,1,13501,Rocky IV,1985,3.5898497104644775
144556,2,15575,Royal Wedding,1951,3.5898497104644775
144556,3,747,Saber Marionette J,1996,3.5898497104644775
144556,4,7798,Deep Evil,2004,3.5898497104644775
144556,5,3165,Dirty Rotten Scoundrels,1988,3.5898497104644775
144556,6,5793,Underworld,2003,3.5898497104644775
144556,7,17147,She's the One,1996,3.5898497104644775
144556,8,8846,Election,1999,3.5898497104644775
144556,9,17152,Next Friday,2000,3.5898497104644775
144556,10,16969,Donnie Darko,2001,3.5898497104644775
153237,1,13501,Rocky IV,1985,3.5898497104644775
153237,2,15575,Royal Wedding,1951,3.5898497104644775
153237,3,5793,Underworld,2003,3.5898497104644775
153237,4,17147,She's the One,1996,3.5898497104644775
153237,5,8846,Election,1999,3.5898497104644775
153237,6,17152,Next Friday,2000,3.5898497104644775
153237,7,16969,Donnie Darko,2001,3.5898497104644775
153237,8,7055,Get Shorty,1995,3.5898497104644775
153237,9,189,Airplane II: The Sequel,1982,3.5898497104644775
153237,10,15582,Sweet Home Alabama,2002,3.5898497104644775
158078,1,13501,Rocky IV,1985,3.5898497104644775
158078,2,15575,Royal Wedding,1951,3.5898497104644775
158078,3,747,Saber Marionette J,1996,3.5898497104644775
158078,4,7798,Deep Evil,2004,3.5898497104644775
158078,5,3165,Dirty Rotten Scoundrels,1988,3.5898497104644775
158078,6,5793,Underworld,2003,3.5898497104644775
158078,7,17147,She's the One,1996,3.5898497104644775
158078,8,8846,Election,1999,3.5898497104644775
158078,9,17152,Next Friday,2000,3.5898497104644775
158078,10,16969,Donnie Darko,2001,3.5898497104644775
159112,1,13501,Rocky IV,1985,3.5898497104644775
159112,2,15575,Royal Wedding,1951,3.5898497104644775
159112,3,747,Saber Marionette J,1996,3.5898497104644775
159112,4,7798,Deep Evil,2004,3.5898497104644775
159112,5,3165,Dirty Rotten Scoundrels,1988,3.5898497104644775
159112,6,5793,Underworld,2003,3.5898497104644775
159112,7,17147,She's the One,1996,3.5898497104644775
159112,8,8846,Election,1999,3.5898497104644775
159112,9,17152,Next Friday,2000,3.5898497104644775
159112,10,16969,Donnie Darko,2001,3.5898497104644775
164909,1,13501,Rocky IV,1985,3.5898497104644775
164909,2,15575,Royal Wedding,1951,3.5898497104644775
164909,3,747,Saber Marionette J,1996,3.5898497104644775
164909,4,7798,Deep Evil,2004,3.5898497104644775
164909,5,3165,Dirty Rotten Scoundrels,1988,3.5898497104644775
164909,6,5793,Underworld,2003,3.5898497104644775
164909,7,17147,She's the One,1996,3.5898497104644775
164909,8,8846,Election,1999,3.5898497104644775
164909,9,17152,Next Friday,2000,3.5898497104644775
164909,10,16969,Donnie Darko,2001,3.5898497104644775
173865,1,13501,Rocky IV,1985,3.5898497104644775
173865,2,15575,Royal Wedding,1951,3.5898497104644775
173865,3,747,Saber Marionette J,1996,3.5898497104644775
173865,4,7798,Deep Evil,2004,3.5898497104644775
173865,5,3165,Dirty Rotten Scoundrels,1988,3.5898497104644775
173865,6,5793,Underworld,2003,3.5898497104644775
173865,7,17147,She's the One,1996,3.5898497104644775
173865,8,8846,Election,1999,3.5898497104644775
173865,9,17152,Next Friday,2000,3.5898497104644775
173865,10,16969,Donnie Darko,2001,3.5898497104644775
176547,1,13501,Rocky IV,1985,3.5898497104644775
176547,2,15575,Royal Wedding,1951,3.5898497104644775
176547,3,747,Saber Marionette J,1996,3.5898497104644775
176547,4,7798,Deep Evil,2004,3.5898497104644775
176547,5,3165,Dirty Rotten Scoundrels,1988,3.5898497104644775
176547,6,5793,Underworld,2003,3.5898497104644775
176547,7,17147,She's the One,1996,3.5898497104644775
176547,8,8846,Election,1999,3.5898497104644775
176547,9,17152,Next Friday,2000,3.5898497104644775
176547,10,16969,Donnie Darko,2001,3.5898497104644775
187371,1,13501,Rocky IV,1985,3.5898497104644775
187371,2,15575,Royal Wedding,1951,3.5898497104644775
187371,3,747,Saber Marionette J,1996,3.5898497104644775
187371,4,7798,Deep Evil,2004,3.5898497104644775
187371,5,3165,Dirty Rotten Scoundrels,1988,3.5898497104644775
187371,6,5793,Underworld,2003,3.5898497104644775
187371,7,17147,She's the One,1996,3.5898497104644775
187371,8,8846,Election,1999,3.5898497104644775
187371,9,17152,Next Friday,2000,3.5898497104644775
187371,10,16969,Donnie Darko,2001,3.5898497104644775
195348,1,13501,Rocky IV,1985,3.5898497104644775
195348,2,15575,Royal Wedding,1951,3.5898497104644775
195348,3,747,Saber Marionette J,1996,3.5898497104644775
195348,4,7798,Deep Evil,2004,3.5898497104644775
195348,5,3165,Dirty Rotten Scoundrels,1988,3.5898497104644775
195348,6,5793,Underworld,2003,3.5898497104644775
195348,7,17147,She's the One,1996,3.5898497104644775
195348,8,8846,Election,1999,3.5898497104644775
195348,9,17152,Next Friday,2000,3.5898497104644775
195348,10,16969,Donnie Darko,2001,3.5898497104644775
198655,1,13501,Rocky IV,1985,3.5898497104644775
198655,2,3165,Dirty Rotten Scoundrels,1988,3.5898497104644775
198655,3,5793,Underworld,2003,3.5898497104644775
198655,4,17147,She's the One,1996,3.5898497104644775
198655,5,8846,Election,1999,3.5898497104644775
198655,6,17152,Next Friday,2000,3.5898497104644775
198655,7,16969,Donnie Darko,2001,3.5898497104644775
198655,8,7055,Get Shorty,1995,3.5898497104644775
198655,9,189,Airplane II: The Sequel,1982,3.5898497104644775
198655,10,15582,Sweet Home Alabama,2002,3.5898497104644775
201633,1,13501,Rocky IV,1985,3.5898497104644775
201633,2,3165,Dirty Rotten Scoundrels,1988,3.5898497104644775
201633,3,5793,Underworld,2003,3.5898497104644775
201633,4,17147,She's the One,1996,3.5898497104644775
201633,5,8846,Election,1999,3.5898497104644775
201633,6,17152,Next Friday,2000,3.5898497104644775
201633,7,16969,Donnie Darko,2001,3.5898497104644775
201633,8,7055,Get Shorty,1995,3.5898497104644775
201633,9,189,Airplane II: The Sequel,1982,3.5898497104644775
201633,10,15582,Sweet Home Alabama,2002,3.5898497104644775
203635,1,13501,Rocky IV,1985,3.5898497104644775
203635,2,15575,Royal Wedding,1951,3.5898497104644775
203635,3,747,Saber Marionette J,1996,3.5898497104644775
203635,4,7798,Deep Evil,2004,3.5898497104644775
203635,5,3165,Dirty Rotten Scoundrels,1988,3.5898497104644775
203635,6,5793,Underworld,2003,3.5898497104644775
203635,7,17147,She's the One,1996,3.5898497104644775
203635,8,8846,Election,1999,3.5898497104644775
203635,9,17152,Next Friday,2000,3.5898497104644775
203635,10,16969,Donnie Darko,2001,3.5898497104644775
204363,1,13501,Rocky IV,1985,3.5898497104644775
204363,2,15575,Royal Wedding,1951,3.5898497104644775
204363,3,747,Saber Marionette J,1996,3.5898497104644775
204363,4,7798,Deep Evil,2004,3.5898497104644775
204363,5,3165,Dirty Rotten Scoundrels,1988,3.5898497104644775
204363,6,5793,Underworld,2003,3.5898497104644775
204363,7,17147,She's the One,1996,3.5898497104644775
204363,8,8846,Election,1999,3.5898497104644775
204363,9,17152,Next Friday,2000,3.5898497104644775
204363,10,16969,Donnie Darko,2001,3.5898497104644775
217732,1,13501,Rocky IV,1985,3.5898497104644775
217732,2,15575,Royal Wedding,1951,3.5898497104644775
217732,3,747,Saber Marionette J,1996,3.5898497104644775
217732,4,7798,Deep Evil,2004,3.5898497104644775
217732,5,3165,Dirty Rotten Scoundrels,1988,3.5898497104644775
217732,6,5793,Underworld,2003,3.5898497104644775
217732,7,17147,She's the One,1996,3.5898497104644775
217732,8,8846,Election,1999,3.5898497104644775
217732,9,17152,Next Friday,2000,3.5898497104644775
217732,10,16969,Donnie Darko,2001,3.5898497104644775
218740,1,13501,Rocky IV,1985,3.5898497104644775
218740,2,15575,Royal Wedding,1951,3.5898497104644775
218740,3,747,Saber Marionette J,1996,3.5898497104644775
218740,4,7798,Deep Evil,2004,3.5898497104644775
218740,5,3165,Dirty Rotten Scoundrels,1988,3.5898497104644775
218740,6,5793,Underworld,2003,3.5898497104644775
218740,7,17147,She's the One,1996,3.5898497104644775
218740,8,8846,Election,1999,3.5898497104644775
218740,9,17152,Next Friday,2000,3.5898497104644775
218740,10,16969,Donnie Darko,2001,3.5898497104644775
227940,1,13501,Rocky IV,1985,3.5898497104644775
227940,2,15575,Royal Wedding,1951,3.5898497104644775
227940,3,747,Saber Marionette J,1996,3.5898497104644775
227940,4,7798,Deep Evil,2004,3.5898497104644775
227940,5,3165,Dirty Rotten Scoundrels,1988,3.5898497104644775
227940,6,5793,Underworld,2003,3.5898497104644775
227940,7,17147,She's the One,1996,3.5898497104644775
227940,8,8846,Election,1999,3.5898497104644775
227940,9,17152,Next Friday,2000,3.5898497104644775
227940,10,16969,Donnie Darko,2001,3.5898497104644775
237278,1,13501,Rocky IV,1985,3.5898497104644775
237278,2,15575,Royal Wedding,1951,3.5898497104644775
237278,3,747,Saber Marionette J,1996,3.5898497104644775
237278,4,3165,Dirty Rotten Scoundrels,1988,3.5898497104644775
237278,5,5793,Underworld,2003,3.5898497104644775
237278,6,17147,She's the One,1996,3.5898497104644775
237278,7,8846,Election,1999,3.5898497104644775
237278,8,17152,Next Friday,2000,3.5898497104644775
237278,9,16969,Donnie Darko,2001,3.5898497104644775
237278,10,7055,Get Shorty,1995,3.5898497104644775
239188,1,13501,Rocky IV,1985,3.5898497104644775
239188,2,15575,Royal Wedding,1951,3.5898497104644775
239188,3,747,Saber Marionette J,1996,3.5898497104644775
239188,4,7798,Deep Evil,2004,3.5898497104644775
239188,5,3165,Dirty Rotten Scoundrels,1988,3.5898497104644775
239188,6,5793,Underworld,2003,3.5898497104644775
239188,7,17147,She's the One,1996,3.5898497104644775
239188,8,8846,Election,1999,3.5898497104644775
239188,9,17152,Next Friday,2000,3.5898497104644775
239188,10,16969,Donnie Darko,2001,3.5898497104644775
243430,1,13501,Rocky IV,1985,3.5898497104644775
243430,2,15575,Royal Wedding,1951,3.5898497104644775
243430,3,3165,Dirty Rotten Scoundrels,1988,3.5898497104644775
243430,4,5793,Underworld,2003,3.5898497104644775
243430,5,17147,She's the One,1996,3.5898497104644775
243430,6,8846,Election,1999,3.5898497104644775
243430,7,17152,Next Friday,2000,3.5898497104644775
243430,8,16969,Donnie Darko,2001,3.5898497104644775
243430,9,7055,Get Shorty,1995,3.5898497104644775
243430,10,189,Airplane II: The Sequel,1982,3.5898497104644775
246874,1,13501,Rocky IV,1985,3.5898497104644775
246874,2,15575,Royal Wedding,1951,3.5898497104644775
246874,3,747,Saber Marionette J,1996,3.5898497104644775
246874,4,7798,Deep Evil,2004,3.5898497104644775
246874,5,3165,Dirty Rotten Scoundrels,1988,3.5898497104644775
246874,6,5793,Underworld,2003,3.5898497104644775
246874,7,17147,She's the One,1996,3.5898497104644775
246874,8,8846,Election,1999,3.5898497104644775
246874,9,17152,Next Friday,2000,3.5898497104644775
246874,10,16969,Donnie Darko,2001,3.5898497104644775
250149,1,13501,Rocky IV,1985,3.5898497104644775
250149,2,15575,Royal Wedding,1951,3.5898497104644775
250149,3,747,Saber Marionette J,1996,3.5898497104644775
250149,4,3165,Dirty Rotten Scoundrels,1988,3.5898497104644775
250149,5,5793,Underworld,2003,3.5898497104644775
250149,6,17147,She's the One,1996,3.5898497104644775
250149,7,8846,Election,1999,3.5898497104644775
250149,8,17152,Next Friday,2000,3.5898497104644775
250149,9,16969,Donnie Darko,2001,3.5898497104644775
250149,10,7055,Get Shorty,1995,3.5898497104644775
251163,1,13501,Rocky IV,1985,3.5898497104644775
251163,2,15575,Royal Wedding,1951,3.5898497104644775
251163,3,747,Saber Marionette J,1996,3.5898497104644775
251163,4,3165,Dirty Rotten Scoundrels,1988,3.5898497104644775
251163,5,5793,Underworld,2003,3.5898497104644775
251163,6,17147,She's the One,1996,3.5898497104644775
251163,7,8846,Election,1999,3.5898497104644775
251163,8,17152,Next Friday,2000,3.5898497104644775
251163,9,16969,Donnie Darko,2001,3.5898497104644775
251163,10,7055,Get Shorty,1995,3.5898497104644775
253326,1,13501,Rocky IV,1985,3.5898497104644775
253326,2,3165,Dirty Rotten Scoundrels,1988,3.5898497104644775
253326,3,5793,Underworld,2003,3.5898497104644775
253326,4,17147,She's the One,1996,3.5898497104644775
253326,5,8846,Election,1999,3.5898497104644775
253326,6,17152,Next Friday,2000,3.5898497104644775
253326,7,16969,Donnie Darko,2001,3.5898497104644775
253326,8,7055,Get Shorty,1995,3.5898497104644775
253326,9,189,Airplane II: The Sequel,1982,3.5898497104644775
253326,10,15582,Sweet Home Alabama,2002,3.5898497104644775
254226,1,13501,Rocky IV,1985,3.5898497104644775
254226,2,15575,Royal Wedding,1951,3.5898497104644775
254226,3,747,Saber Marionette J,1996,3.5898497104644775
254226,4,7798,Deep Evil,2004,3.5898497104644775
254226,5,3165,Dirty Rotten Scoundrels,1988,3.5898497104644775
254226,6,5793,Underworld,2003,3.5898497104644775
254226,7,17147,She's the One,1996,3.5898497104644775
254226,8,8846,Election,1999,3.5898497104644775
254226,9,17152,Next Friday,2000,3.5898497104644775
254226,10,16969,Donnie Darko,2001,3.5898497104644775
255900,1,13501,Rocky IV,1985,3.5898497104644775
255900,2,15575,Royal Wedding,1951,3.5898497104644775
255900,3,747,Saber Marionette J,1996,3.5898497104644775
255900,4,7798,Deep Evil,2004,3.5898497104644775
255900,5,3165,Dirty Rotten Scoundrels,1988,3.5898497104644775
255900,6,5793,Underworld,2003,3.5898497104644775
255900,7,17147,She's the One,1996,3.5898497104644775
255900,8,8846,Election,1999,3.5898497104644775
255900,9,17152,Next Friday,2000,3.5898497104644775
255900,10,16969,Donnie Darko,2001,3.5898497104644775
261556,1,13501,Rocky IV,1985,3.5898497104644775
261556,2,15575,Royal Wedding,1951,3.5898497104644775
261556,3,747,Saber Marionette J,1996,3.5898497104644775
261556,4,7798,Deep Evil,2004,3.5898497104644775
261556,5,3165,Dirty Rotten Scoundrels,1988,3.5898497104644775
261556,6,5793,Underworld,2003,3.5898497104644775
261556,7,17147,She's the One,1996,3.5898497104644775
261556,8,8846,Election,1999,3.5898497104644775
261556,9,17152,Next Friday,2000,3.5898497104644775
261556,10,16969,Donnie Darko,2001,3.5898497104644775
263726,1,13501,Rocky IV,1985,3.5898497104644775
263726,2,15575,Royal Wedding,1951,3.5898497104644775
263726,3,747,Saber Marionette J,1996,3.5898497104644775
263726,4,7798,Deep Evil,2004,3.5898497104644775
263726,5,3165,Dirty Rotten Scoundrels,1988,3.5898497104644775
263726,6,5793,Underworld,2003,3.5898497104644775
263726,7,17147,She's the One,1996,3.5898497104644775
263726,8,8846,Election,1999,3.5898497104644775
263726,9,17152,Next Friday,2000,3.5898497104644775
263726,10,16969,Donnie Darko,2001,3.5898497104644775
265985,1,13501,Rocky IV,1985,3.5898497104644775
265985,2,15575,Royal Wedding,1951,3.5898497104644775
265985,3,747,Saber Marionette J,1996,3.5898497104644775
265985,4,7798,Deep Evil,2004,3.5898497104644775
265985,5,3165,Dirty Rotten Scoundrels,1988,3.5898497104644775
265985,6,5793,Underworld,2003,3.5898497104644775
265985,7,17147,She's the One,1996,3.5898497104644775
265985,8,8846,Election,1999,3.5898497104644775
265985,9,17152,Next Friday,2000,3.5898497104644775
265985,10,16969,Donnie Darko,2001,3.5898497104644775
275844,1,13501,Rocky IV,1985,3.5898497104644775
275844,2,15575,Royal Wedding,1951,3.5898497104644775
275844,3,747,Saber Marionette J,1996,3.5898497104644775
275844,4,7798,Deep Evil,2004,3.5898497104644775
275844,5,3165,Dirty Rotten Scoundrels,1988,3.5898497104644775
275844,6,5793,Underworld,2003,3.5898497104644775
275844,7,17147,She's the One,1996,3.5898497104644775
275844,8,8846,Election,1999,3.5898497104644775
275844,9,17152,Next Friday,2000,3.5898497104644775
275844,10,16969,Donnie Darko,2001,3.5898497104644775
290874,1,3165,Dirty Rotten Scoundrels,1988,3.5898497104644775
290874,2,5793,Underworld,2003,3.5898497104644775
290874,3,17147,She's the One,1996,3.5898497104644775
290874,4,8846,Election,1999,3.5898497104644775
290874,5,17152,Next Friday,2000,3.5898497104644775
290874,6,16969,Donnie Darko,2001,3.5898497104644775
290874,7,7055,Get Shorty,1995,3.5898497104644775
290874,8,189,Airplane II: The Sequel,1982,3.5898497104644775
290874,9,15582,Sweet Home Alabama,2002,3.5898497104644775
290874,10,8636,Lara Croft: Tomb Raider: The Cradle of Life,2003,3.5898497104644775
293284,1,13501,Rocky IV,1985,3.5898497104644775
293284,2,15575,Royal Wedding,1951,3.5898497104644775
293284,3,3165,Dirty Rotten Scoundrels,1988,3.5898497104644775
293284,4,5793,Underworld,2003,3.5898497104644775
293284,5,17147,She's the One,1996,3.5898497104644775
293284,6,8846,Election,1999,3.5898497104644775
293284,7,17152,Next Friday,2000,3.5898497104644775
293284,8,16969,Donnie Darko,2001,3.5898497104644775
293284,9,7055,Get Shorty,1995,3.5898497104644775
293284,10,189,Airplane II: The Sequel,1982,3.5898497104644775
295910,1,13501,Rocky IV,1985,3.5898497104644775
295910,2,15575,Royal Wedding,1951,3.5898497104644775
295910,3,747,Saber Marionette J,1996,3.5898497104644775
295910,4,7798,Deep Evil,2004,3.5898497104644775
295910,5,3165,Dirty Rotten Scoundrels,1988,3.5898497104644775
295910,6,5793,Underworld,2003,3.5898497104644775
295910,7,17147,She's the One,1996,3.5898497104644775
295910,8,8846,Election,1999,3.5898497104644775
295910,9,17152,Next Friday,2000,3.5898497104644775
295910,10,16969,Donnie Darko,2001,3.5898497104644775
310259,1,13501,Rocky IV,1985,3.5898497104644775
310259,2,15575,Royal Wedding,1951,3.5898497104644775
310259,3,747,Saber Marionette J,1996,3.5898497104644775
310259,4,7798,Deep Evil,2004,3.5898497104644775
310259,5,3165,Dirty Rotten Scoundrels,1988,3.5898497104644775
310259,6,5793,Underworld,2003,3.5898497104644775
310259,7,17147,She's the One,1996,3.5898497104644775
310259,8,8846,Election,1999,3.5898497104644775
310259,9,17152,Next Friday,2000,3.5898497104644775
310259,10,16969,Donnie Darko,2001,3.5898497104644775
316715,1,13501,Rocky IV,1985,3.5898497104644775
316715,2,15575,Royal Wedding,1951,3.5898497104644775
316715,3,747,Saber Marionette J,1996,3.5898497104644775
316715,4,7798,Deep Evil,2004,3.5898497104644775
316715,5,3165,Dirty Rotten Scoundrels,1988,3.5898497104644775
316715,6,5793,Underworld,2003,3.5898497104644775
316715,7,17147,She's the One,1996,3.5898497104644775
316715,8,8846,Election,1999,3.5898497104644775
316715,9,17152,Next Friday,2000,3.5898497104644775
316715,10,16969,Donnie Darko,2001,3.5898497104644775
324235,1,13501,Rocky IV,1985,3.5898497104644775
324235,2,15575,Royal Wedding,1951,3.5898497104644775
324235,3,747,Saber Marionette J,1996,3.5898497104644775
324235,4,7798,Deep Evil,2004,3.5898497104644775
324235,5,3165,Dirty Rotten Scoundrels,1988,3.5898497104644775
324235,6,5793,Underworld,2003,3.5898497104644775
324235,7,17147,She's the One,1996,3.5898497104644775
324235,8,8846,Election,1999,3.5898497104644775
324235,9,17152,Next Friday,2000,3.5898497104644775
324235,10,16969,Donnie Darko,2001,3.5898497104644775
331364,1,13501,Rocky IV,1985,3.5898497104644775
331364,2,15575,Royal Wedding,1951,3.5898497104644775
331364,3,747,Saber Marionette J,1996,3.5898497104644775
331364,4,7798,Deep Evil,2004,3.5898497104644775
331364,5,3165,Dirty Rotten Scoundrels,1988,3.5898497104644775
331364,6,5793,Underworld,2003,3.5898497104644775
331364,7,17147,She's the One,1996,3.5898497104644775
331364,8,8846,Election,1999,3.5898497104644775
331364,9,17152,Next Friday,2000,3.5898497104644775
331364,10,16969,Donnie Darko,2001,3.5898497104644775
342904,1,13501,Rocky IV,1985,3.5898497104644775
342904,2,15575,Royal Wedding,1951,3.5898497104644775
342904,3,747,Saber Marionette J,1996,3.5898497104644775
342904,4,7798,Deep Evil,2004,3.5898497104644775
342904,5,3165,Dirty Rotten Scoundrels,1988,3.5898497104644775
342904,6,5793,Underworld,2003,3.5898497104644775
342904,7,17147,She's the One,1996,3.5898497104644775
342904,8,8846,Election,1999,3.5898497104644775
342904,9,17152,Next Friday,2000,3.5898497104644775
342904,10,16969,Donnie Darko,2001,3.5898497104644775
353405,1,13501,Rocky IV,1985,3.5898497104644775
353405,2,15575,Royal Wedding,1951,3.5898497104644775
353405,3,747,Saber Marionette J,1996,3.5898497104644775
353405,4,7798,Deep Evil,2004,3.5898497104644775
353405,5,3165,Dirty Rotten Scoundrels,1988,3.5898497104644775
353405,6,5793,Underworld,2003,3.5898497104644775
353405,7,17147,She's the One,1996,3.5898497104644775
353405,8,8846,Election,1999,3.5898497104644775
353405,9,17152,Next Friday,2000,3.5898497104644775
353405,10,16969,Donnie Darko,2001,3.5898497104644775
359227,1,13501,Rocky IV,1985,3.5898497104644775
359227,2,15575,Royal Wedding,1951,3.5898497104644775
359227,3,747,Saber Marionette J,1996,3.5898497104644775
359227,4,7798,Deep Evil,2004,3.5898497104644775
359227,5,3165,Dirty Rotten Scoundrels,1988,3.5898497104644775
359227,6,5793,Underworld,2003,3.5898497104644775
359227,7,17147,She's the One,1996,3.5898497104644775
359227,8,8846,Election,1999,3.5898497104644775
359227,9,17152,Next Friday,2000,3.5898497104644775
359227,10,16969,Donnie Darko,2001,3.5898497104644775
362548,1,13501,Rocky IV,1985,3.5898497104644775
362548,2,15575,Royal Wedding,1951,3.5898497104644775
362548,3,747,Saber Marionette J,1996,3.5898497104644775
362548,4,7798,Deep Evil,2004,3.5898497104644775
362548,5,3165,Dirty Rotten Scoundrels,1988,3.5898497104644775
362548,6,5793,Underworld,2003,3.5898497104644775
362548,7,17147,She's the One,1996,3.5898497104644775
362548,8,8846,Election,1999,3.5898497104644775
362548,9,17152,Next Friday,2000,3.5898497104644775
362548,10,16969,Donnie Darko,2001,3.5898497104644775
375241,1,13501,Rocky IV,1985,3.5898497104644775
375241,2,15575,Royal Wedding,1951,3.5898497104644775
375241,3,747,Saber Marionette J,1996,3.5898497104644775
375241,4,3165,Dirty Rotten Scoundrels,1988,3.5898497104644775
375241,5,5793,Underworld,2003,3.5898497104644775
375241,6,17147,She's the One,1996,3.5898497104644775
375241,7,8846,Election,1999,3.5898497104644775
375241,8,17152,Next Friday,2000,3.5898497104644775
375241,9,16969,Donnie Darko,2001,3.5898497104644775
375241,10,7055,Get Shorty,1995,3.5898497104644775
380343,1,13501,Rocky IV,1985,3.5898497104644775
380343,2,15575,Royal Wedding,1951,3.5898497104644775
380343,3,747,Saber Marionette J,1996,3.5898497104644775
380343,4,7798,Deep Evil,2004,3.5898497104644775
380343,5,3165,Dirty Rotten Scoundrels,1988,3.5898497104644775
380343,6,5793,Underworld,2003,3.5898497104644775
380343,7,17147,She's the One,1996,3.5898497104644775
380343,8,8846,Election,1999,3.5898497104644775
380343,9,17152,Next Friday,2000,3.5898497104644775
380343,10,16969,Donnie Darko,2001,3.5898497104644775
382380,1,13501,Rocky IV,1985,3.5898497104644775
382380,2,15575,Royal Wedding,1951,3.5898497104644775
382380,3,747,Saber Marionette J,1996,3.5898497104644775
382380,4,7798,Deep Evil,2004,3.5898497104644775
382380,5,3165,Dirty Rotten Scoundrels,1988,3.5898497104644775
382380,6,5793,Underworld,2003,3.5898497104644775
382380,7,17147,She's the One,1996,3.5898497104644775
382380,8,8846,Election,1999,3.5898497104644775
382380,9,17152,Next Friday,2000,3.5898497104644775
382380,10,16969,Donnie Darko,2001,3.5898497104644775
388468,1,13501,Rocky IV,1985,3.5898497104644775
388468,2,15575,Royal Wedding,1951,3.5898497104644775
388468,3,747,Saber Marionette J,1996,3.5898497104644775
388468,4,3165,Dirty Rotten Scoundrels,1988,3.5898497104644775
388468,5,5793,Underworld,2003,3.5898497104644775
388468,6,17147,She's the One,1996,3.5898497104644775
388468,7,8846,Election,1999,3.5898497104644775
388468,8,17152,Next Friday,2000,3.5898497104644775
388468,9,16969,Donnie Darko,2001,3.5898497104644775
388468,10,7055,Get Shorty,1995,3.5898497104644775
397455,1,13501,Rocky IV,1985,3.5898497104644775
397455,2,15575,Royal Wedding,1951,3.5898497104644775
397455,3,747,Saber Marionette J,1996,3.5898497104644775
397455,4,7798,Deep Evil,2004,3.5898497104644775
397455,5,3165,Dirty Rotten Scoundrels,1988,3.5898497104644775
397455,6,5793,Underworld,2003,3.5898497104644775
397455,7,17147,She's the One,1996,3.5898497104644775
397455,8,8846,Election,1999,3.5898497104644775
397455,9,17152,Next Friday,2000,3.5898497104644775
397455,10,16969,Donnie Darko,2001,3.5898497104644775
400744,1,13501,Rocky IV,1985,3.5898497104644775
400744,2,15575,Royal Wedding,1951,3.5898497104644775
400744,3,747,Saber Marionette J,1996,3.5898497104644775
400744,4,7798,Deep Evil,2004,3.5898497104644775
400744,5,3165,Dirty Rotten Scoundrels,1988,3.5898497104644775
400744,6,5793,Underworld,2003,3.5898497104644775
400744,7,17147,She's the One,1996,3.5898497104644775
400744,8,8846,Election,1999,3.5898497104644775
400744,9,17152,Next Friday,2000,3.5898497104644775
400744,10,16969,Donnie Darko,2001,3.5898497104644775
405788,1,13501,Rocky IV,1985,3.5898497104644775
405788,2,15575,Royal Wedding,1951,3.5898497104644775
405788,3,747,Saber Marionette J,1996,3.5898497104644775
405788,4,3165,Dirty Rotten Scoundrels,1988,3.5898497104644775
405788,5,5793,Underworld,2003,3.5898497104644775
405788,6,17147,She's the One,1996,3.5898497104644775
405788,7,8846,Election,1999,3.5898497104644775
405788,8,17152,Next Friday,2000,3.5898497104644775
405788,9,16969,Donnie Darko,2001,3.5898497104644775
405788,10,7055,Get Shorty,1995,3.5898497104644775
406194,1,13501,Rocky IV,1985,3.5898497104644775
406194,2,15575,Royal Wedding,1951,3.5898497104644775
406194,3,3165,Dirty Rotten Scoundrels,1988,3.5898497104644775
406194,4,5793,Underworld,2003,3.5898497104644775
406194,5,17147,She's the One,1996,3.5898497104644775
406194,6,8846,Election,1999,3.5898497104644775
406194,7,17152,Next Friday,2000,3.5898497104644775
406194,8,16969,Donnie Darko,2001,3.5898497104644775
406194,9,7055,Get Shorty,1995,3.5898497104644775
406194,10,189,Airplane II: The Sequel,1982,3.5898497104644775
407115,1,13501,Rocky IV,1985,3.5898497104644775
407115,2,15575,Royal Wedding,1951,3.5898497104644775
407115,3,747,Saber Marionette J,1996,3.5898497104644775
407115,4,3165,Dirty Rotten Scoundrels,1988,3.5898497104644775
407115,5,5793,Underworld,2003,3.5898497104644775
407115,6,17147,She's the One,1996,3.5898497104644775
407115,7,8846,Election,1999,3.5898497104644775
407115,8,17152,Next Friday,2000,3.5898497104644775
407115,9,16969,Donnie Darko,2001,3.5898497104644775
407115,10,7055,Get Shorty,1995,3.5898497104644775
410212,1,13501,Rocky IV,1985,3.5898497104644775
410212,2,15575,Royal Wedding,1951,3.5898497104644775
410212,3,747,Saber Marionette J,1996,3.5898497104644775
410212,4,7798,Deep Evil,2004,3.5898497104644775
410212,5,3165,Dirty Rotten Scoundrels,1988,3.5898497104644775
410212,6,5793,Underworld,2003,3.5898497104644775
410212,7,17147,She's the One,1996,3.5898497104644775
410212,8,8846,Election,1999,3.5898497104644775
410212,9,17152,Next Friday,2000,3.5898497104644775
410212,10,16969,Donnie Darko,2001,3.5898497104644775
418279,1,13501,Rocky IV,1985,3.5898497104644775
418279,2,15575,Royal Wedding,1951,3.5898497104644775
418279,3,747,Saber Marionette J,1996,3.5898497104644775
418279,4,7798,Deep Evil,2004,3.5898497104644775
418279,5,3165,Dirty Rotten Scoundrels,1988,3.5898497104644775
418279,6,5793,Underworld,2003,3.5898497104644775
418279,7,17147,She's the One,1996,3.5898497104644775
418279,8,8846,Election,1999,3.5898497104644775
418279,9,17152,Next Friday,2000,3.5898497104644775
418279,10,16969,Donnie Darko,2001,3.5898497104644775
429604,1,13501,Rocky IV,1985,3.5898497104644775
429604,2,15575,Royal Wedding,1951,3.5898497104644775
429604,3,747,Saber Marionette J,1996,3.5898497104644775
429604,4,7798,Deep Evil,2004,3.5898497104644775
429604,5,3165,Dirty Rotten Scoundrels,1988,3.5898497104644775
429604,6,5793,Underworld,2003,3.5898497104644775
429604,7,17147,She's the One,1996,3.5898497104644775
429604,8,8846,Election,1999,3.5898497104644775
429604,9,17152,Next Friday,2000,3.5898497104644775
429604,10,16969,Donnie Darko,2001,3.5898497104644775
440294,1,13501,Rocky IV,1985,3.5898497104644775
440294,2,15575,Royal Wedding,1951,3.5898497104644775
440294,3,747,Saber Marionette J,1996,3.5898497104644775
440294,4,7798,Deep Evil,2004,3.5898497104644775
440294,5,3165,Dirty Rotten Scoundrels,1988,3.5898497104644775
440294,6,5793,Underworld,2003,3.5898497104644775
440294,7,17147,She's the One,1996,3.5898497104644775
440294,8,8846,Election,1999,3.5898497104644775
440294,9,17152,Next Friday,2000,3.5898497104644775
440294,10,16969,Donnie Darko,2001,3.5898497104644775
446517,1,13501,Rocky IV,1985,3.5898497104644775
446517,2,15575,Royal Wedding,1951,3.5898497104644775
446517,3,747,Saber Marionette J,1996,3.5898497104644775
446517,4,7798,Deep Evil,2004,3.5898497104644775
446517,5,3165,Dirty Rotten Scoundrels,1988,3.5898497104644775
446517,6,5793,Underworld,2003,3.5898497104644775
446517,7,17147,She's the One,1996,3.5898497104644775
446517,8,8846,Election,1999,3.5898497104644775
446517,9,17152,Next Friday,2000,3.5898497104644775
446517,10,16969,Donnie Darko,2001,3.5898497104644775
449419,1,13501,Rocky IV,1985,3.5898497104644775
449419,2,15575,Royal Wedding,1951,3.5898497104644775
449419,3,747,Saber Marionette J,1996,3.5898497104644775
449419,4,7798,Deep Evil,2004,3.5898497104644775
449419,5,3165,Dirty Rotten Scoundrels,1988,3.5898497104644775
449419,6,5793,Underworld,2003,3.5898497104644775
449419,7,17147,She's the One,1996,3.5898497104644775
449419,8,8846,Election,1999,3.5898497104644775
449419,9,17152,Next Friday,2000,3.5898497104644775
449419,10,16969,Donnie Darko,2001,3.5898497104644775
451309,1,13501,Rocky IV,1985,3.5898497104644775
451309,2,15575,Royal Wedding,1951,3.5898497104644775
451309,3,747,Saber Marionette J,1996,3.5898497104644775
451309,4,7798,Deep Evil,2004,3.5898497104644775
451309,5,3165,Dirty Rotten Scoundrels,1988,3.5898497104644775
451309,6,5793,Underworld,2003,3.5898497104644775
451309,7,17147,She's the One,1996,3.5898497104644775
451309,8,8846,Election,1999,3.5898497104644775
451309,9,17152,Next Friday,2000,3.5898497104644775
451309,10,16969,Donnie Darko,2001,3.5898497104644775
457903,1,13501,Rocky IV,1985,3.5898497104644775
457903,2,15575,Royal Wedding,1951,3.5898497104644775
457903,3,3165,Dirty Rotten Scoundrels,1988,3.5898497104644775
457903,4,5793,Underworld,2003,3.5898497104644775
457903,5,17147,She's the One,1996,3.5898497104644775
457903,6,8846,Election,1999,3.5898497104644775
457903,7,17152,Next Friday,2000,3.5898497104644775
457903,8,16969,Donnie Darko,2001,3.5898497104644775
457903,9,7055,Get Shorty,1995,3.5898497104644775
457903,10,189,Airplane II: The Sequel,1982,3.5898497104644775
465695,1,13501,Rocky IV,1985,3.5898497104644775
465695,2,15575,Royal Wedding,1951,3.5898497104644775
465695,3,747,Saber Marionette J,1996,3.5898497104644775
465695,4,7798,Deep Evil,2004,3.5898497104644775
465695,5,3165,Dirty Rotten Scoundrels,1988,3.5898497104644775
465695,6,5793,Underworld,2003,3.5898497104644775
465695,7,17147,She's the One,1996,3.5898497104644775
465695,8,8846,Election,1999,3.5898497104644775
465695,9,17152,Next Friday,2000,3.5898497104644775
465695,10,16969,Donnie Darko,2001,3.5898497104644775
467638,1,13501,Rocky IV,1985,3.5898497104644775
467638,2,15575,Royal Wedding,1951,3.5898497104644775
467638,3,3165,Dirty Rotten Scoundrels,1988,3.5898497104644775
467638,4,5793,Underworld,2003,3.5898497104644775
467638,5,17147,She's the One,1996,3.5898497104644775
467638,6,8846,Election,1999,3.5898497104644775
467638,7,17152,Next Friday,2000,3.5898497104644775
467638,8,16969,Donnie Darko,2001,3.5898497104644775
467638,9,7055,Get Shorty,1995,3.5898497104644775
467638,10,189,Airplane II: The Sequel,1982,3.5898497104644775
480910,1,13501,Rocky IV,1985,3.5898497104644775
480910,2,15575,Royal Wedding,1951,3.5898497104644775
480910,3,747,Saber Marionette J,1996,3.5898497104644775
480910,4,7798,Deep Evil,2004,3.5898497104644775
480910,5,3165,Dirty Rotten Scoundrels,1988,3.5898497104644775
480910,6,5793,Underworld,2003,3.5898497104644775
480910,7,17147,She's the One,1996,3.5898497104644775
480910,8,8846,Election,1999,3.5898497104644775
480910,9,17152,Next Friday,2000,3.5898497104644775
480910,10,16969,Donnie Darko,2001,3.5898497104644775
488183,1,13501,Rocky IV,1985,3.5898497104644775
488183,2,15575,Royal Wedding,1951,3.5898497104644775
488183,3,3165,Dirty Rotten Scoundrels,1988,3.5898497104644775
488183,4,5793,Underworld,2003,3.5898497104644775
488183,5,17147,She's the One,1996,3.5898497104644775
488183,6,8846,Election,1999,3.5898497104644775
488183,7,17152,Next Friday,2000,3.5898497104644775
488183,8,16969,Donnie Darko,2001,3.5898497104644775
488183,9,7055,Get Shorty,1995,3.5898497104644775
488183,10,189,Airplane II: The Sequel,1982,3.5898497104644775
495813,1,13501,Rocky IV,1985,3.5898497104644775
495813,2,15575,Royal Wedding,1951,3.5898497104644775
495813,3,747,Saber Marionette J,1996,3.5898497104644775
495813,4,7798,Deep Evil,2004,3.5898497104644775
495813,5,3165,Dirty Rotten Scoundrels,1988,3.5898497104644775
495813,6,5793,Underworld,2003,3.5898497104644775
495813,7,17147,She's the One,1996,3.5898497104644775
495813,8,8846,Election,1999,3.5898497104644775
495813,9,17152,Next Friday,2000,3.5898497104644775
495813,10,16969,Donnie Darko,2001,3.5898497104644775
498447,1,13501,Rocky IV,1985,3.5898497104644775
498447,2,15575,Royal Wedding,1951,3.5898497104644775
498447,3,747,Saber Marionette J,1996,3.5898497104644775
498447,4,7798,Deep Evil,2004,3.5898497104644775
498447,5,3165,Dirty Rotten Scoundrels,1988,3.5898497104644775
498447,6,5793,Underworld,2003,3.5898497104644775
498447,7,17147,She's the One,1996,3.5898497104644775
498447,8,8846,Election,1999,3.5898497104644775
498447,9,17152,Next Friday,2000,3.5898497104644775
498447,10,16969,Donnie Darko,2001,3.5898497104644775
499894,1,13501,Rocky IV,1985,3.5898497104644775
499894,2,15575,Royal Wedding,1951,3.5898497104644775
499894,3,747,Saber Marionette J,1996,3.5898497104644775
499894,4,7798,Deep Evil,2004,3.5898497104644775
499894,5,3165,Dirty Rotten Scoundrels,1988,3.5898497104644775
499894,6,5793,Underworld,2003,3.5898497104644775
499894,7,17147,She's the One,1996,3.5898497104644775
499894,8,8846,Election,1999,3.5898497104644775
499894,9,17152,Next Friday,2000,3.5898497104644775
499894,10,16969,Donnie Darko,2001,3.5898497104644775
502526,1,13501,Rocky IV,1985,3.5898497104644775
502526,2,15575,Royal Wedding,1951,3.5898497104644775
502526,3,747,Saber Marionette J,1996,3.5898497104644775
502526,4,7798,Deep Evil,2004,3.5898497104644775
502526,5,3165,Dirty Rotten Scoundrels,1988,3.5898497104644775
502526,6,5793,Underworld,2003,3.5898497104644775
502526,7,17147,She's the One,1996,3.5898497104644775
502526,8,8846,Election,1999,3.5898497104644775
502526,9,17152,Next Friday,2000,3.5898497104644775
502526,10,16969,Donnie Darko,2001,3.5898497104644775
503568,1,13501,Rocky IV,1985,3.5898497104644775
503568,2,15575,Royal Wedding,1951,3.5898497104644775
503568,3,747,Saber Marionette J,1996,3.5898497104644775
503568,4,3165,Dirty Rotten Scoundrels,1988,3.5898497104644775
503568,5,5793,Underworld,2003,3.5898497104644775
503568,6,17147,She's the One,1996,3.5898497104644775
503568,7,8846,Election,1999,3.5898497104644775
503568,8,17152,Next Friday,2000,3.5898497104644775
503568,9,16969,Donnie Darko,2001,3.5898497104644775
503568,10,7055,Get Shorty,1995,3.5898497104644775
505088,1,13501,Rocky IV,1985,3.5898497104644775
505088,2,15575,Royal Wedding,1951,3.5898497104644775
505088,3,747,Saber Marionette J,1996,3.5898497104644775
505088,4,7798,Deep Evil,2004,3.5898497104644775
505088,5,3165,Dirty Rotten Scoundrels,1988,3.5898497104644775
505088,6,5793,Underworld,2003,3.5898497104644775
505088,7,17147,She's the One,1996,3.5898497104644775
505088,8,8846,Election,1999,3.5898497104644775
505088,9,17152,Next Friday,2000,3.5898497104644775
505088,10,16969,Donnie Darko,2001,3.5898497104644775
506632,1,13501,Rocky IV,1985,3.5898497104644775
506632,2,15575,Royal Wedding,1951,3.5898497104644775
506632,3,747,Saber Marionette J,1996,3.5898497104644775
506632,4,7798,Deep Evil,2004,3.5898497104644775
506632,5,3165,Dirty Rotten Scoundrels,1988,3.5898497104644775
506632,6,5793,Underworld,2003,3.5898497104644775
506632,7,17147,She's the One,1996,3.5898497104644775
506632,8,8846,Election,1999,3.5898497104644775
506632,9,17152,Next Friday,2000,3.5898497104644775
506632,10,16969,Donnie Darko,2001,3.5898497104644775
510792,1,13501,Rocky IV,1985,3.5898497104644775
510792,2,15575,Royal Wedding,1951,3.5898497104644775
510792,3,3165,Dirty Rotten Scoundrels,1988,3.5898497104644775
510792,4,5793,Underworld,2003,3.5898497104644775
510792,5,17147,She's the One,1996,3.5898497104644775
510792,6,8846,Election,1999,3.5898497104644775
510792,7,17152,Next Friday,2000,3.5898497104644775
510792,8,16969,Donnie Darko,2001,3.5898497104644775
510792,9,7055,Get Shorty,1995,3.5898497104644775
510792,10,189,Airplane II: The Sequel,1982,3.5898497104644775
531255,1,13501,Rocky IV,1985,3.5898497104644775
531255,2,15575,Royal Wedding,1951,3.5898497104644775
531255,3,747,Saber Marionette J,1996,3.5898497104644775
531255,4,7798,Deep Evil,2004,3.5898497104644775
531255,5,3165,Dirty Rotten Scoundrels,1988,3.5898497104644775
531255,6,5793,Underworld,2003,3.5898497104644775
531255,7,17147,She's the One,1996,3.5898497104644775
531255,8,8846,Election,1999,3.5898497104644775
531255,9,17152,Next Friday,2000,3.5898497104644775
531255,10,16969,Donnie Darko,2001,3.5898497104644775
536051,1,13501,Rocky IV,1985,3.5898497104644775
536051,2,15575,Royal Wedding,1951,3.5898497104644775
536051,3,747,Saber Marionette J,1996,3.5898497104644775
536051,4,7798,Deep Evil,2004,3.5898497104644775
536051,5,3165,Dirty Rotten Scoundrels,1988,3.5898497104644775
536051,6,5793,Underworld,2003,3.5898497104644775
536051,7,17147,She's the One,1996,3.5898497104644775
536051,8,8846,Election,1999,3.5898497104644775
536051,9,17152,Next Friday,2000,3.5898497104644775
536051,10,16969,Donnie Darko,2001,3.5898497104644775
539511,1,13501,Rocky IV,1985,3.5898497104644775
539511,2,15575,Royal Wedding,1951,3.5898497104644775
539511,3,747,Saber Marionette J,1996,3.5898497104644775
539511,4,7798,Deep Evil,2004,3.5898497104644775
539511,5,3165,Dirty Rotten Scoundrels,1988,3.5898497104644775
539511,6,5793,Underworld,2003,3.5898497104644775
539511,7,17147,She's the One,1996,3.5898497104644775
539511,8,8846,Election,1999,3.5898497104644775
539511,9,17152,Next Friday,2000,3.5898497104644775
539511,10,16969,Donnie Darko,2001,3.5898497104644775
545822,1,13501,Rocky IV,1985,3.5898497104644775
545822,2,15575,Royal Wedding,1951,3.5898497104644775
545822,3,747,Saber Marionette J,1996,3.5898497104644775
545822,4,7798,Deep Evil,2004,3.5898497104644775
545822,5,3165,Dirty Rotten Scoundrels,1988,3.5898497104644775
545822,6,5793,Underworld,2003,3.5898497104644775
545822,7,17147,She's the One,1996,3.5898497104644775
545822,8,8846,Election,1999,3.5898497104644775
545822,9,17152,Next Friday,2000,3.5898497104644775
545822,10,16969,Donnie Darko,2001,3.5898497104644775
546977,1,13501,Rocky IV,1985,3.5898497104644775
546977,2,15575,Royal Wedding,1951,3.5898497104644775
546977,3,747,Saber Marionette J,1996,3.5898497104644775
546977,4,7798,Deep Evil,2004,3.5898497104644775
546977,5,3165,Dirty Rotten Scoundrels,1988,3.5898497104644775
546977,6,5793,Underworld,2003,3.5898497104644775
546977,7,17147,She's the One,1996,3.5898497104644775
546977,8,8846,Election,1999,3.5898497104644775
546977,9,17152,Next Friday,2000,3.5898497104644775
546977,10,16969,Donnie Darko,2001,3.5898497104644775
552431,1,13501,Rocky IV,1985,3.5898497104644775
552431,2,15575,Royal Wedding,1951,3.5898497104644775
552431,3,747,Saber Marionette J,1996,3.5898497104644775
552431,4,7798,Deep Evil,2004,3.5898497104644775
552431,5,3165,Dirty Rotten Scoundrels,1988,3.5898497104644775
552431,6,5793,Underworld,2003,3.5898497104644775
552431,7,17147,She's the One,1996,3.5898497104644775
552431,8,8846,Election,1999,3.5898497104644775
552431,9,17152,Next Friday,2000,3.5898497104644775
552431,10,16969,Donnie Darko,2001,3.5898497104644775
553224,1,13501,Rocky IV,1985,3.5898497104644775
553224,2,15575,Royal Wedding,1951,3.5898497104644775
553224,3,747,Saber Marionette J,1996,3.5898497104644775
553224,4,7798,Deep Evil,2004,3.5898497104644775
553224,5,3165,Dirty Rotten Scoundrels,1988,3.5898497104644775
553224,6,5793,Underworld,2003,3.5898497104644775
553224,7,17147,She's the One,1996,3.5898497104644775
553224,8,8846,Election,1999,3.5898497104644775
553224,9,17152,Next Friday,2000,3.5898497104644775
553224,10,16969,Donnie Darko,2001,3.5898497104644775
555271,1,13501,Rocky IV,1985,3.5898497104644775
555271,2,15575,Royal Wedding,1951,3.5898497104644775
555271,3,747,Saber Marionette J,1996,3.5898497104644775
555271,4,7798,Deep Evil,2004,3.5898497104644775
555271,5,3165,Dirty Rotten Scoundrels,1988,3.5898497104644775
555271,6,5793,Underworld,2003,3.5898497104644775
555271,7,17147,She's the One,1996,3.5898497104644775
555271,8,8846,Election,1999,3.5898497104644775
555271,9,17152,Next Friday,2000,3.5898497104644775
555271,10,16969,Donnie Darko,2001,3.5898497104644775
562768,1,13501,Rocky IV,1985,3.5898497104644775
562768,2,15575,Royal Wedding,1951,3.5898497104644775
562768,3,747,Saber Marionette J,1996,3.5898497104644775
562768,4,7798,Deep Evil,2004,3.5898497104644775
562768,5,3165,Dirty Rotten Scoundrels,1988,3.5898497104644775
562768,6,5793,Underworld,2003,3.5898497104644775
562768,7,17147,She's the One,1996,3.5898497104644775
562768,8,8846,Election,1999,3.5898497104644775
562768,9,17152,Next Friday,2000,3.5898497104644775
562768,10,16969,Donnie Darko,2001,3.5898497104644775
569056,1,13501,Rocky IV,1985,3.5898497104644775
569056,2,15575,Royal Wedding,1951,3.5898497104644775
569056,3,747,Saber Marionette J,1996,3.5898497104644775
569056,4,3165,Dirty Rotten Scoundrels,1988,3.5898497104644775
569056,5,5793,Underworld,2003,3.5898497104644775
569056,6,17147,She's the One,1996,3.5898497104644775
569056,7,8846,Election,1999,3.5898497104644775
569056,8,17152,Next Friday,2000,3.5898497104644775
569056,9,16969,Donnie Darko,2001,3.5898497104644775
569056,10,7055,Get Shorty,1995,3.5898497104644775
581952,1,13501,Rocky IV,1985,3.5898497104644775
581952,2,3165,Dirty Rotten Scoundrels,1988,3.5898497104644775
581952,3,5793,Underworld,2003,3.5898497104644775
581952,4,17147,She's the One,1996,3.5898497104644775
581952,5,8846,Election,1999,3.5898497104644775
581952,6,17152,Next Friday,2000,3.5898497104644775
581952,7,16969,Donnie Darko,2001,3.5898497104644775
581952,8,7055,Get Shorty,1995,3.5898497104644775
581952,9,189,Airplane II: The Sequel,1982,3.5898497104644775
581952,10,15582,Sweet Home Alabama,2002,3.5898497104644775
583799,1,13501,Rocky IV,1985,3.5898497104644775
583799,2,15575,Royal Wedding,1951,3.5898497104644775
583799,3,747,Saber Marionette J,1996,3.5898497104644775
583799,4,7798,Deep Evil,2004,3.5898497104644775
583799,5,3165,Dirty Rotten Scoundrels,1988,3.5898497104644775
583799,6,5793,Underworld,2003,3.5898497104644775
583799,7,17147,She's the One,1996,3.5898497104644775
583799,8,8846,Election,1999,3.5898497104644775
583799,9,17152,Next Friday,2000,3.5898497104644775
583799,10,16969,Donnie Darko,2001,3.5898497104644775
589499,1,13501,Rocky IV,1985,3.5898497104644775
589499,2,15575,Royal Wedding,1951,3.5898497104644775
589499,3,747,Saber Marionette J,1996,3.5898497104644775
589499,4,7798,Deep Evil,2004,3.5898497104644775
589499,5,3165,Dirty Rotten Scoundrels,1988,3.5898497104644775
589499,6,5793,Underworld,2003,3.5898497104644775
589499,7,17147,She's the One,1996,3.5898497104644775
589499,8,8846,Election,1999,3.5898497104644775
589499,9,17152,Next Friday,2000,3.5898497104644775
589499,10,16969,Donnie Darko,2001,3.5898497104644775
590121,1,13501,Rocky IV,1985,3.5898497104644775
590121,2,15575,Royal Wedding,1951,3.5898497104644775
590121,3,747,Saber Marionette J,1996,3.5898497104644775
590121,4,3165,Dirty Rotten Scoundrels,1988,3.5898497104644775
590121,5,5793,Underworld,2003,3.5898497104644775
590121,6,17147,She's the One,1996,3.5898497104644775
590121,7,8846,Election,1999,3.5898497104644775
590121,8,17152,Next Friday,2000,3.5898497104644775
590121,9,16969,Donnie Darko,2001,3.5898497104644775
590121,10,7055,Get Shorty,1995,3.5898497104644775
601654,1,13501,Rocky IV,1985,3.5898497104644775
601654,2,15575,Royal Wedding,1951,3.5898497104644775
601654,3,747,Saber Marionette J,1996,3.5898497104644775
601654,4,7798,Deep Evil,2004,3.5898497104644775
601654,5,3165,Dirty Rotten Scoundrels,1988,3.5898497104644775
601654,6,5793,Underworld,2003,3.5898497104644775
601654,7,17147,She's the One,1996,3.5898497104644775
601654,8,8846,Election,1999,3.5898497104644775
601654,9,17152,Next Friday,2000,3.5898497104644775
601654,10,16969,Donnie Darko,2001,3.5898497104644775
608076,1,13501,Rocky IV,1985,3.5898497104644775
608076,2,15575,Royal Wedding,1951,3.5898497104644775
608076,3,747,Saber Marionette J,1996,3.5898497104644775
608076,4,7798,Deep Evil,2004,3.5898497104644775
608076,5,3165,Dirty Rotten Scoundrels,1988,3.5898497104644775
608076,6,5793,Underworld,2003,3.5898497104644775
608076,7,17147,She's the One,1996,3.5898497104644775
608076,8,8846,Election,1999,3.5898497104644775
608076,9,17152,Next Friday,2000,3.5898497104644775
608076,10,16969,Donnie Darko,2001,3.5898497104644775
615100,1,13501,Rocky IV,1985,3.5898497104644775
615100,2,15575,Royal Wedding,1951,3.5898497104644775
615100,3,747,Saber Marionette J,1996,3.5898497104644775
615100,4,7798,Deep Evil,2004,3.5898497104644775
615100,5,3165,Dirty Rotten Scoundrels,1988,3.5898497104644775
615100,6,5793,Underworld,2003,3.5898497104644775
615100,7,17147,She's the One,1996,3.5898497104644775
615100,8,8846,Election,1999,3.5898497104644775
615100,9,17152,Next Friday,2000,3.5898497104644775
615100,10,16969,Donnie Darko,2001,3.5898497104644775
615851,1,13501,Rocky IV,1985,3.5898497104644775
615851,2,15575,Royal Wedding,1951,3.5898497104644775
615851,3,747,Saber Marionette J,1996,3.5898497104644775
615851,4,7798,Deep Evil,2004,3.5898497104644775
615851,5,3165,Dirty Rotten Scoundrels,1988,3.5898497104644775
615851,6,5793,Underworld,2003,3.5898497104644775
615851,7,17147,She's the One,1996,3.5898497104644775
615851,8,8846,Election,1999,3.5898497104644775
615851,9,17152,Next Friday,2000,3.5898497104644775
615851,10,16969,Donnie Darko,2001,3.5898497104644775
616603,1,13501,Rocky IV,1985,3.5898497104644775
616603,2,15575,Royal Wedding,1951,3.5898497104644775
616603,3,747,Saber Marionette J,1996,3.5898497104644775
616603,4,7798,Deep Evil,2004,3.5898497104644775
616603,5,3165,Dirty Rotten Scoundrels,1988,3.5898497104644775
616603,6,5793,Underworld,2003,3.5898497104644775
616603,7,17147,She's the One,1996,3.5898497104644775
616603,8,8846,Election,1999,3.5898497104644775
616603,9,17152,Next Friday,2000,3.5898497104644775
616603,10,16969,Donnie Darko,2001,3.5898497104644775
622846,1,13501,Rocky IV,1985,3.5898497104644775
622846,2,15575,Royal Wedding,1951,3.5898497104644775
622846,3,3165,Dirty Rotten Scoundrels,1988,3.5898497104644775
622846,4,5793,Underworld,2003,3.5898497104644775
622846,5,17147,She's the One,1996,3.5898497104644775
622846,6,8846,Election,1999,3.5898497104644775
622846,7,17152,Next Friday,2000,3.5898497104644775
622846,8,16969,Donnie Darko,2001,3.5898497104644775
622846,9,7055,Get Shorty,1995,3.5898497104644775
622846,10,189,Airplane II: The Sequel,1982,3.5898497104644775
626602,1,13501,Rocky IV,1985,3.5898497104644775
626602,2,15575,Royal Wedding,1951,3.5898497104644775
626602,3,747,Saber Marionette J,1996,3.5898497104644775
626602,4,7798,Deep Evil,2004,3.5898497104644775
626602,5,3165,Dirty Rotten Scoundrels,1988,3.5898497104644775
626602,6,5793,Underworld,2003,3.5898497104644775
626602,7,17147,She's the One,1996,3.5898497104644775
626602,8,8846,Election,1999,3.5898497104644775
626602,9,17152,Next Friday,2000,3.5898497104644775
626602,10,16969,Donnie Darko,2001,3.5898497104644775
640520,1,13501,Rocky IV,1985,3.5898497104644775
640520,2,15575,Royal Wedding,1951,3.5898497104644775
640520,3,747,Saber Marionette J,1996,3.5898497104644775
640520,4,7798,Deep Evil,2004,3.5898497104644775
640520,5,3165,Dirty Rotten Scoundrels,1988,3.5898497104644775
640520,6,5793,Underworld,2003,3.5898497104644775
640520,7,17147,She's the One,1996,3.5898497104644775
640520,8,8846,Election,1999,3.5898497104644775
640520,9,17152,Next Friday,2000,3.5898497104644775
640520,10,16969,Donnie Darko,2001,3.5898497104644775
641981,1,13501,Rocky IV,1985,3.5898497104644775
641981,2,15575,Royal Wedding,1951,3.5898497104644775
641981,3,747,Saber Marionette J,1996,3.5898497104644775
641981,4,7798,Deep Evil,2004,3.5898497104644775
641981,5,3165,Dirty Rotten Scoundrels,1988,3.5898497104644775
641981,6,5793,Underworld,2003,3.5898497104644775
641981,7,17147,She's the One,1996,3.5898497104644775
641981,8,8846,Election,1999,3.5898497104644775
641981,9,17152,Next Friday,2000,3.5898497104644775
641981,10,16969,Donnie Darko,2001,3.5898497104644775
653803,1,13501,Rocky IV,1985,3.5898497104644775
653803,2,15575,Royal Wedding,1951,3.5898497104644775
653803,3,747,Saber Marionette J,1996,3.5898497104644775
653803,4,7798,Deep Evil,2004,3.5898497104644775
653803,5,3165,Dirty Rotten Scoundrels,1988,3.5898497104644775
653803,6,5793,Underworld,2003,3.5898497104644775
653803,7,17147,She's the One,1996,3.5898497104644775
653803,8,8846,Election,1999,3.5898497104644775
653803,9,17152,Next Friday,2000,3.5898497104644775
653803,10,16969,Donnie Darko,2001,3.5898497104644775
664887,1,13501,Rocky IV,1985,3.5898497104644775
664887,2,15575,Royal Wedding,1951,3.5898497104644775
664887,3,3165,Dirty Rotten Scoundrels,1988,3.5898497104644775
664887,4,5793,Underworld,2003,3.5898497104644775
664887,5,17147,She's the One,1996,3.5898497104644775
664887,6,8846,Election,1999,3.5898497104644775
664887,7,17152,Next Friday,2000,3.5898497104644775
664887,8,16969,Donnie Darko,2001,3.5898497104644775
664887,9,7055,Get Shorty,1995,3.5898497104644775
664887,10,189,Airplane II: The Sequel,1982,3.5898497104644775
665595,1,13501,Rocky IV,1985,3.5898497104644775
665595,2,15575,Royal Wedding,1951,3.5898497104644775
665595,3,747,Saber Marionette J,1996,3.5898497104644775
665595,4,7798,Deep Evil,2004,3.5898497104644775
665595,5,3165,Dirty Rotten Scoundrels,1988,3.5898497104644775
665595,6,5793,Underworld,2003,3.5898497104644775
665595,7,17147,She's the One,1996,3.5898497104644775
665595,8,8846,Election,1999,3.5898497104644775
665595,9,17152,Next Friday,2000,3.5898497104644775
665595,10,16969,Donnie Darko,2001,3.5898497104644775
666776,1,13501,Rocky IV,1985,3.5898497104644775
666776,2,15575,Royal Wedding,1951,3.5898497104644775
666776,3,747,Saber Marionette J,1996,3.5898497104644775
666776,4,7798,Deep Evil,2004,3.5898497104644775
666776,5,3165,Dirty Rotten Scoundrels,1988,3.5898497104644775
666776,6,5793,Underworld,2003,3.5898497104644775
666776,7,17147,She's the One,1996,3.5898497104644775
666776,8,8846,Election,1999,3.5898497104644775
666776,9,17152,Next Friday,2000,3.5898497104644775
666776,10,16969,Donnie Darko,2001,3.5898497104644775
675057,1,13501,Rocky IV,1985,3.5898497104644775
675057,2,15575,Royal Wedding,1951,3.5898497104644775
675057,3,747,Saber Marionette J,1996,3.5898497104644775
675057,4,7798,Deep Evil,2004,3.5898497104644775
675057,5,3165,Dirty Rotten Scoundrels,1988,3.5898497104644775
675057,6,5793,Underworld,2003,3.5898497104644775
675057,7,17147,She's the One,1996,3.5898497104644775
675057,8,8846,Election,1999,3.5898497104644775
675057,9,17152,Next Friday,2000,3.5898497104644775
675057,10,16969,Donnie Darko,2001,3.5898497104644775
677376,1,13501,Rocky IV,1985,3.5898497104644775
677376,2,15575,Royal Wedding,1951,3.5898497104644775
677376,3,747,Saber Marionette J,1996,3.5898497104644775
677376,4,7798,Deep Evil,2004,3.5898497104644775
677376,5,3165,Dirty Rotten Scoundrels,1988,3.5898497104644775
677376,6,5793,Underworld,2003,3.5898497104644775
677376,7,17147,She's the One,1996,3.5898497104644775
677376,8,8846,Election,1999,3.5898497104644775
677376,9,17152,Next Friday,2000,3.5898497104644775
677376,10,16969,Donnie Darko,2001,3.5898497104644775
680711,1,13501,Rocky IV,1985,3.5898497104644775
680711,2,15575,Royal Wedding,1951,3.5898497104644775
680711,3,747,Saber Marionette J,1996,3.5898497104644775
680711,4,7798,Deep Evil,2004,3.5898497104644775
680711,5,3165,Dirty Rotten Scoundrels,1988,3.5898497104644775
680711,6,5793,Underworld,2003,3.5898497104644775
680711,7,17147,She's the One,1996,3.5898497104644775
680711,8,8846,Election,1999,3.5898497104644775
680711,9,17152,Next Friday,2000,3.5898497104644775
680711,10,16969,Donnie Darko,2001,3.5898497104644775
688943,1,13501,Rocky IV,1985,3.5898497104644775
688943,2,15575,Royal Wedding,1951,3.5898497104644775
688943,3,747,Saber Marionette J,1996,3.5898497104644775
688943,4,7798,Deep Evil,2004,3.5898497104644775
688943,5,3165,Dirty Rotten Scoundrels,1988,3.5898497104644775
688943,6,5793,Underworld,2003,3.5898497104644775
688943,7,17147,She's the One,1996,3.5898497104644775
688943,8,8846,Election,1999,3.5898497104644775
688943,9,17152,Next Friday,2000,3.5898497104644775
688943,10,16969,Donnie Darko,2001,3.5898497104644775
690011,1,13501,Rocky IV,1985,3.5898497104644775
690011,2,15575,Royal Wedding,1951,3.5898497104644775
690011,3,747,Saber Marionette J,1996,3.5898497104644775
690011,4,7798,Deep Evil,2004,3.5898497104644775
690011,5,3165,Dirty Rotten Scoundrels,1988,3.5898497104644775
690011,6,5793,Underworld,2003,3.5898497104644775
690011,7,17147,She's the One,1996,3.5898497104644775
690011,8,8846,Election,1999,3.5898497104644775
690011,9,17152,Next Friday,2000,3.5898497104644775
690011,10,16969,Donnie Darko,2001,3.5898497104644775
697601,1,13501,Rocky IV,1985,3.5898497104644775
697601,2,15575,Royal Wedding,1951,3.5898497104644775
697601,3,747,Saber Marionette J,1996,3.5898497104644775
697601,4,3165,Dirty Rotten Scoundrels,1988,3.5898497104644775
697601,5,5793,Underworld,2003,3.5898497104644775
697601,6,17147,She's the One,1996,3.5898497104644775
697601,7,8846,Election,1999,3.5898497104644775
697601,8,17152,Next Friday,2000,3.5898497104644775
697601,9,16969,Donnie Darko,2001,3.5898497104644775
697601,10,7055,Get Shorty,1995,3.5898497104644775
698888,1,13501,Rocky IV,1985,3.5898497104644775
698888,2,15575,Royal Wedding,1951,3.5898497104644775
698888,3,747,Saber Marionette J,1996,3.5898497104644775
698888,4,7798,Deep Evil,2004,3.5898497104644775
698888,5,3165,Dirty Rotten Scoundrels,1988,3.5898497104644775
698888,6,5793,Underworld,2003,3.5898497104644775
698888,7,17147,She's the One,1996,3.5898497104644775
698888,8,8846,Election,1999,3.5898497104644775
698888,9,17152,Next Friday,2000,3.5898497104644775
698888,10,16969,Donnie Darko,2001,3.5898497104644775
702482,1,13501,Rocky IV,1985,3.5898497104644775
702482,2,15575,Royal Wedding,1951,3.5898497104644775
702482,3,747,Saber Marionette J,1996,3.5898497104644775
702482,4,7798,Deep Evil,2004,3.5898497104644775
702482,5,3165,Dirty Rotten Scoundrels,1988,3.5898497104644775
702482,6,5793,Underworld,2003,3.5898497104644775
702482,7,17147,She's the One,1996,3.5898497104644775
702482,8,8846,Election,1999,3.5898497104644775
702482,9,17152,Next Friday,2000,3.5898497104644775
702482,10,16969,Donnie Darko,2001,3.5898497104644775
708504,1,13501,Rocky IV,1985,3.5898497104644775
708504,2,15575,Royal Wedding,1951,3.5898497104644775
708504,3,747,Saber Marionette J,1996,3.5898497104644775
708504,4,7798,Deep Evil,2004,3.5898497104644775
708504,5,3165,Dirty Rotten Scoundrels,1988,3.5898497104644775
708504,6,5793,Underworld,2003,3.5898497104644775
708504,7,17147,She's the One,1996,3.5898497104644775
708504,8,8846,Election,1999,3.5898497104644775
708504,9,17152,Next Friday,2000,3.5898497104644775
708504,10,16969,Donnie Darko,2001,3.5898497104644775
720151,1,13501,Rocky IV,1985,3.5898497104644775
720151,2,15575,Royal Wedding,1951,3.5898497104644775
720151,3,3165,Dirty Rotten Scoundrels,1988,3.5898497104644775
720151,4,5793,Underworld,2003,3.5898497104644775
720151,5,17147,She's the One,1996,3.5898497104644775
720151,6,8846,Election,1999,3.5898497104644775
720151,7,17152,Next Friday,2000,3.5898497104644775
720151,8,16969,Donnie Darko,2001,3.5898497104644775
720151,9,7055,Get Shorty,1995,3.5898497104644775
720151,10,189,Airplane II: The Sequel,1982,3.5898497104644775
730460,1,13501,Rocky IV,1985,3.5898497104644775
730460,2,15575,Royal Wedding,1951,3.5898497104644775
730460,3,747,Saber Marionette J,1996,3.5898497104644775
730460,4,7798,Deep Evil,2004,3.5898497104644775
730460,5,3165,Dirty Rotten Scoundrels,1988,3.5898497104644775
730460,6,5793,Underworld,2003,3.5898497104644775
730460,7,17147,She's the One,1996,3.5898497104644775
730460,8,8846,Election,1999,3.5898497104644775
730460,9,17152,Next Friday,2000,3.5898497104644775
730460,10,16969,Donnie Darko,2001,3.5898497104644775
732147,1,13501,Rocky IV,1985,3.5898497104644775
732147,2,15575,Royal Wedding,1951,3.5898497104644775
732147,3,747,Saber Marionette J,1996,3.5898497104644775
732147,4,3165,Dirty Rotten Scoundrels,1988,3.5898497104644775
732147,5,5793,Underworld,2003,3.5898497104644775
732147,6,17147,She's the One,1996,3.5898497104644775
732147,7,8846,Election,1999,3.5898497104644775
732147,8,17152,Next Friday,2000,3.5898497104644775
732147,9,16969,Donnie Darko,2001,3.5898497104644775
732147,10,7055,Get Shorty,1995,3.5898497104644775
732873,1,13501,Rocky IV,1985,3.5898497104644775
732873,2,15575,Royal Wedding,1951,3.5898497104644775
732873,3,747,Saber Marionette J,1996,3.5898497104644775
732873,4,7798,Deep Evil,2004,3.5898497104644775
732873,5,3165,Dirty Rotten Scoundrels,1988,3.5898497104644775
732873,6,5793,Underworld,2003,3.5898497104644775
732873,7,17147,She's the One,1996,3.5898497104644775
732873,8,8846,Election,1999,3.5898497104644775
732873,9,17152,Next Friday,2000,3.5898497104644775
732873,10,16969,Donnie Darko,2001,3.5898497104644775
732891,1,13501,Rocky IV,1985,3.5898497104644775
732891,2,15575,Royal Wedding,1951,3.5898497104644775
732891,3,747,Saber Marionette J,1996,3.5898497104644775
732891,4,7798,Deep Evil,2004,3.5898497104644775
732891,5,3165,Dirty Rotten Scoundrels,1988,3.5898497104644775
732891,6,5793,Underworld,2003,3.5898497104644775
732891,7,17147,She's the One,1996,3.5898497104644775
732891,8,8846,Election,1999,3.5898497104644775
732891,9,17152,Next Friday,2000,3.5898497104644775
732891,10,16969,Donnie Darko,2001,3.5898497104644775
749544,1,13501,Rocky IV,1985,3.5898497104644775
749544,2,15575,Royal Wedding,1951,3.5898497104644775
749544,3,747,Saber Marionette J,1996,3.5898497104644775
749544,4,7798,Deep Evil,2004,3.5898497104644775
749544,5,3165,Dirty Rotten Scoundrels,1988,3.5898497104644775
749544,6,5793,Underworld,2003,3.5898497104644775
749544,7,17147,She's the One,1996,3.5898497104644775
749544,8,8846,Election,1999,3.5898497104644775
749544,9,17152,Next Friday,2000,3.5898497104644775
749544,10,16969,Donnie Darko,2001,3.5898497104644775
750426,1,13501,Rocky IV,1985,3.5898497104644775
750426,2,15575,Royal Wedding,1951,3.5898497104644775
750426,3,747,Saber Marionette J,1996,3.5898497104644775
750426,4,7798,Deep Evil,2004,3.5898497104644775
750426,5,3165,Dirty Rotten Scoundrels,1988,3.5898497104644775
750426,6,5793,Underworld,2003,3.5898497104644775
750426,7,17147,She's the One,1996,3.5898497104644775
750426,8,8846,Election,1999,3.5898497104644775
750426,9,17152,Next Friday,2000,3.5898497104644775
750426,10,16969,Donnie Darko,2001,3.5898497104644775
757790,1,13501,Rocky IV,1985,3.5898497104644775
757790,2,15575,Royal Wedding,1951,3.5898497104644775
757790,3,747,Saber Marionette J,1996,3.5898497104644775
757790,4,7798,Deep Evil,2004,3.5898497104644775
757790,5,3165,Dirty Rotten Scoundrels,1988,3.5898497104644775
757790,6,5793,Underworld,2003,3.5898497104644775
757790,7,17147,She's the One,1996,3.5898497104644775
757790,8,8846,Election,1999,3.5898497104644775
757790,9,17152,Next Friday,2000,3.5898497104644775
757790,10,16969,Donnie Darko,2001,3.5898497104644775
762503,1,13501,Rocky IV,1985,3.5898497104644775
762503,2,15575,Royal Wedding,1951,3.5898497104644775
762503,3,747,Saber Marionette J,1996,3.5898497104644775
762503,4,7798,Deep Evil,2004,3.5898497104644775
762503,5,3165,Dirty Rotten Scoundrels,1988,3.5898497104644775
762503,6,5793,Underworld,2003,3.5898497104644775
762503,7,17147,She's the One,1996,3.5898497104644775
762503,8,8846,Election,1999,3.5898497104644775
762503,9,17152,Next Friday,2000,3.5898497104644775
762503,10,16969,Donnie Darko,2001,3.5898497104644775
769879,1,3165,Dirty Rotten Scoundrels,1988,3.5898497104644775
769879,2,5793,Underworld,2003,3.5898497104644775
769879,3,17147,She's the One,1996,3.5898497104644775
769879,4,8846,Election,1999,3.5898497104644775
769879,5,17152,Next Friday,2000,3.5898497104644775
769879,6,16969,Donnie Darko,2001,3.5898497104644775
769879,7,7055,Get Shorty,1995,3.5898497104644775
769879,8,189,Airplane II: The Sequel,1982,3.5898497104644775
769879,9,15582,Sweet Home Alabama,2002,3.5898497104644775
769879,10,8636,Lara Croft: Tomb Raider: The Cradle of Life,2003,3.5898497104644775
770933,1,13501,Rocky IV,1985,3.5898497104644775
770933,2,15575,Royal Wedding,1951,3.5898497104644775
770933,3,747,Saber Marionette J,1996,3.5898497104644775
770933,4,7798,Deep Evil,2004,3.5898497104644775
770933,5,3165,Dirty Rotten Scoundrels,1988,3.5898497104644775
770933,6,5793,Underworld,2003,3.5898497104644775
770933,7,17147,She's the One,1996,3.5898497104644775
770933,8,8846,Election,1999,3.5898497104644775
770933,9,17152,Next Friday,2000,3.5898497104644775
770933,10,16969,Donnie Darko,2001,3.5898497104644775
783446,1,13501,Rocky IV,1985,3.5898497104644775
783446,2,15575,Royal Wedding,1951,3.5898497104644775
783446,3,747,Saber Marionette J,1996,3.5898497104644775
783446,4,7798,Deep Evil,2004,3.5898497104644775
783446,5,3165,Dirty Rotten Scoundrels,1988,3.5898497104644775
783446,6,5793,Underworld,2003,3.5898497104644775
783446,7,17147,She's the One,1996,3.5898497104644775
783446,8,8846,Election,1999,3.5898497104644775
783446,9,17152,Next Friday,2000,3.5898497104644775
783446,10,16969,Donnie Darko,2001,3.5898497104644775
790475,1,13501,Rocky IV,1985,3.5898497104644775
790475,2,15575,Royal Wedding,1951,3.5898497104644775
790475,3,747,Saber Marionette J,1996,3.5898497104644775
790475,4,3165,Dirty Rotten Scoundrels,1988,3.5898497104644775
790475,5,5793,Underworld,2003,3.5898497104644775
790475,6,17147,She's the One,1996,3.5898497104644775
790475,7,8846,Election,1999,3.5898497104644775
790475,8,17152,Next Friday,2000,3.5898497104644775
790475,9,16969,Donnie Darko,2001,3.5898497104644775
790475,10,7055,Get Shorty,1995,3.5898497104644775
794584,1,13501,Rocky IV,1985,3.5898497104644775
794584,2,15575,Royal Wedding,1951,3.5898497104644775
794584,3,747,Saber Marionette J,1996,3.5898497104644775
794584,4,7798,Deep Evil,2004,3.5898497104644775
794584,5,3165,Dirty Rotten Scoundrels,1988,3.5898497104644775
794584,6,5793,Underworld,2003,3.5898497104644775
794584,7,17147,She's the One,1996,3.5898497104644775
794584,8,8846,Election,1999,3.5898497104644775
794584,9,17152,Next Friday,2000,3.5898497104644775
794584,10,16969,Donnie Darko,2001,3.5898497104644775
795917,1,13501,Rocky IV,1985,3.5898497104644775
795917,2,15575,Royal Wedding,1951,3.5898497104644775
795917,3,747,Saber Marionette J,1996,3.5898497104644775
795917,4,7798,Deep Evil,2004,3.5898497104644775
795917,5,3165,Dirty Rotten Scoundrels,1988,3.5898497104644775
795917,6,5793,Underworld,2003,3.5898497104644775
795917,7,17147,She's the One,1996,3.5898497104644775
795917,8,8846,Election,1999,3.5898497104644775
795917,9,17152,Next Friday,2000,3.5898497104644775
795917,10,16969,Donnie Darko,2001,3.5898497104644775
799190,1,13501,Rocky IV,1985,3.5898497104644775
799190,2,15575,Royal Wedding,1951,3.5898497104644775
799190,3,747,Saber Marionette J,1996,3.5898497104644775
799190,4,7798,Deep Evil,2004,3.5898497104644775
799190,5,3165,Dirty Rotten Scoundrels,1988,3.5898497104644775
799190,6,5793,Underworld,2003,3.5898497104644775
799190,7,17147,She's the One,1996,3.5898497104644775
799190,8,8846,Election,1999,3.5898497104644775
799190,9,17152,Next Friday,2000,3.5898497104644775
799190,10,16969,Donnie Darko,2001,3.5898497104644775
799467,1,13501,Rocky IV,1985,3.5898497104644775
799467,2,15575,Royal Wedding,1951,3.5898497104644775
799467,3,747,Saber Marionette J,1996,3.5898497104644775
799467,4,3165,Dirty Rotten Scoundrels,1988,3.5898497104644775
799467,5,5793,Underworld,2003,3.5898497104644775
799467,6,17147,She's the One,1996,3.5898497104644775
799467,7,8846,Election,1999,3.5898497104644775
799467,8,17152,Next Friday,2000,3.5898497104644775
799467,9,16969,Donnie Darko,2001,3.5898497104644775
799467,10,7055,Get Shorty,1995,3.5898497104644775
799940,1,13501,Rocky IV,1985,3.5898497104644775
799940,2,15575,Royal Wedding,1951,3.5898497104644775
799940,3,747,Saber Marionette J,1996,3.5898497104644775
799940,4,7798,Deep Evil,2004,3.5898497104644775
799940,5,3165,Dirty Rotten Scoundrels,1988,3.5898497104644775
799940,6,5793,Underworld,2003,3.5898497104644775
799940,7,17147,She's the One,1996,3.5898497104644775
799940,8,8846,Election,1999,3.5898497104644775
799940,9,17152,Next Friday,2000,3.5898497104644775
799940,10,16969,Donnie Darko,2001,3.5898497104644775
811516,1,13501,Rocky IV,1985,3.5898497104644775
811516,2,15575,Royal Wedding,1951,3.5898497104644775
811516,3,747,Saber Marionette J,1996,3.5898497104644775
811516,4,7798,Deep Evil,2004,3.5898497104644775
811516,5,3165,Dirty Rotten Scoundrels,1988,3.5898497104644775
811516,6,5793,Underworld,2003,3.5898497104644775
811516,7,17147,She's the One,1996,3.5898497104644775
811516,8,8846,Election,1999,3.5898497104644775
811516,9,17152,Next Friday,2000,3.5898497104644775
811516,10,16969,Donnie Darko,2001,3.5898497104644775
815953,1,13501,Rocky IV,1985,3.5898497104644775
815953,2,15575,Royal Wedding,1951,3.5898497104644775
815953,3,3165,Dirty Rotten Scoundrels,1988,3.5898497104644775
815953,4,5793,Underworld,2003,3.5898497104644775
815953,5,17147,She's the One,1996,3.5898497104644775
815953,6,8846,Election,1999,3.5898497104644775
815953,7,17152,Next Friday,2000,3.5898497104644775
815953,8,16969,Donnie Darko,2001,3.5898497104644775
815953,9,7055,Get Shorty,1995,3.5898497104644775
815953,10,189,Airplane II: The Sequel,1982,3.5898497104644775
817339,1,13501,Rocky IV,1985,3.5898497104644775
817339,2,15575,Royal Wedding,1951,3.5898497104644775
817339,3,747,Saber Marionette J,1996,3.5898497104644775
817339,4,7798,Deep Evil,2004,3.5898497104644775
817339,5,11681,Focus,2001,3.5898497104644775
817339,6,2134,Jesus and His Times,2000,3.5898497104644775
817339,7,1713,Patlabor: The Mobile Police: Original Series,1988,3.5898497104644775
817339,8,11108,National Geographic: Inside the U.S. Secret Service,2004,3.5898497104644775
817339,9,10387,One Million Years B.C.,1967,3.5898497104644775
817339,10,11023,Bubblegum Crisis,1998,3.5898497104644775
818116,1,13501,Rocky IV,1985,3.5898497104644775
818116,2,15575,Royal Wedding,1951,3.5898497104644775
818116,3,747,Saber Marionette J,1996,3.5898497104644775
818116,4,7798,Deep Evil,2004,3.5898497104644775
818116,5,3165,Dirty Rotten Scoundrels,1988,3.5898497104644775
818116,6,5793,Underworld,2003,3.5898497104644775
818116,7,17147,She's the One,1996,3.5898497104644775
818116,8,8846,Election,1999,3.5898497104644775
818116,9,17152,Next Friday,2000,3.5898497104644775
818116,10,16969,Donnie Darko,2001,3.5898497104644775
818396,1,13501,Rocky IV,1985,3.5898497104644775
818396,2,15575,Royal Wedding,1951,3.5898497104644775
818396,3,747,Saber Marionette J,1996,3.5898497104644775
818396,4,7798,Deep Evil,2004,3.5898497104644775
818396,5,3165,Dirty Rotten Scoundrels,1988,3.5898497104644775
818396,6,5793,Underworld,2003,3.5898497104644775
818396,7,17147,She's the One,1996,3.5898497104644775
818396,8,8846,Election,1999,3.5898497104644775
818396,9,17152,Next Friday,2000,3.5898497104644775
818396,10,16969,Donnie Darko,2001,3.5898497104644775
821315,1,3165,Dirty Rotten Scoundrels,1988,3.5898497104644775
821315,2,5793,Underworld,2003,3.5898497104644775
821315,3,17147,She's the One,1996,3.5898497104644775
821315,4,8846,Election,1999,3.5898497104644775
821315,5,17152,Next Friday,2000,3.5898497104644775
821315,6,16969,Donnie Darko,2001,3.5898497104644775
821315,7,7055,Get Shorty,1995,3.5898497104644775
821315,8,189,Airplane II: The Sequel,1982,3.5898497104644775
821315,9,15582,Sweet Home Alabama,2002,3.5898497104644775
821315,10,8636,Lara Croft: Tomb Raider: The Cradle of Life,2003,3.5898497104644775
830721,1,13501,Rocky IV,1985,3.5898497104644775
830721,2,15575,Royal Wedding,1951,3.5898497104644775
830721,3,747,Saber Marionette J,1996,3.5898497104644775
830721,4,3165,Dirty Rotten Scoundrels,1988,3.5898497104644775
830721,5,5793,Underworld,2003,3.5898497104644775
830721,6,17147,She's the One,1996,3.5898497104644775
830721,7,8846,Election,1999,3.5898497104644775
830721,8,17152,Next Friday,2000,3.5898497104644775
830721,9,16969,Donnie Darko,2001,3.5898497104644775
830721,10,7055,Get Shorty,1995,3.5898497104644775
835415,1,13501,Rocky IV,1985,3.5898497104644775
835415,2,15575,Royal Wedding,1951,3.5898497104644775
835415,3,747,Saber Marionette J,1996,3.5898497104644775
835415,4,7798,Deep Evil,2004,3.5898497104644775
835415,5,3165,Dirty Rotten Scoundrels,1988,3.5898497104644775
835415,6,5793,Underworld,2003,3.5898497104644775
835415,7,17147,She's the One,1996,3.5898497104644775
835415,8,8846,Election,1999,3.5898497104644775
835415,9,17152,Next Friday,2000,3.5898497104644775
835415,10,16969,Donnie Darko,2001,3.5898497104644775
836471,1,13501,Rocky IV,1985,3.5898497104644775
836471,2,15575,Royal Wedding,1951,3.5898497104644775
836471,3,747,Saber Marionette J,1996,3.5898497104644775
836471,4,7798,Deep Evil,2004,3.5898497104644775
836471,5,3165,Dirty Rotten Scoundrels,1988,3.5898497104644775
836471,6,5793,Underworld,2003,3.5898497104644775
836471,7,17147,She's the One,1996,3.5898497104644775
836471,8,8846,Election,1999,3.5898497104644775
836471,9,17152,Next Friday,2000,3.5898497104644775
836471,10,16969,Donnie Darko,2001,3.5898497104644775
838399,1,13501,Rocky IV,1985,3.5898497104644775
838399,2,15575,Royal Wedding,1951,3.5898497104644775
838399,3,747,Saber Marionette J,1996,3.5898497104644775
838399,4,3165,Dirty Rotten Scoundrels,1988,3.5898497104644775
838399,5,5793,Underworld,2003,3.5898497104644775
838399,6,17147,She's the One,1996,3.5898497104644775
838399,7,8846,Election,1999,3.5898497104644775
838399,8,17152,Next Friday,2000,3.5898497104644775
838399,9,16969,Donnie Darko,2001,3.5898497104644775
838399,10,7055,Get Shorty,1995,3.5898497104644775
839476,1,13501,Rocky IV,1985,3.5898497104644775
839476,2,15575,Royal Wedding,1951,3.5898497104644775
839476,3,747,Saber Marionette J,1996,3.5898497104644775
839476,4,3165,Dirty Rotten Scoundrels,1988,3.5898497104644775
839476,5,5793,Underworld,2003,3.5898497104644775
839476,6,17147,She's the One,1996,3.5898497104644775
839476,7,8846,Election,1999,3.5898497104644775
839476,8,17152,Next Friday,2000,3.5898497104644775
839476,9,16969,Donnie Darko,2001,3.5898497104644775
839476,10,7055,Get Shorty,1995,3.5898497104644775
846021,1,13501,Rocky IV,1985,3.5898497104644775
846021,2,15575,Royal Wedding,1951,3.5898497104644775
846021,3,747,Saber Marionette J,1996,3.5898497104644775
846021,4,3165,Dirty Rotten Scoundrels,1988,3.5898497104644775
846021,5,5793,Underworld,2003,3.5898497104644775
846021,6,17147,She's the One,1996,3.5898497104644775
846021,7,8846,Election,1999,3.5898497104644775
846021,8,17152,Next Friday,2000,3.5898497104644775
846021,9,16969,Donnie Darko,2001,3.5898497104644775
846021,10,7055,Get Shorty,1995,3.5898497104644775
849446,1,13501,Rocky IV,1985,3.5898497104644775
849446,2,15575,Royal Wedding,1951,3.5898497104644775
849446,3,747,Saber Marionette J,1996,3.5898497104644775
849446,4,7798,Deep Evil,2004,3.5898497104644775
849446,5,3165,Dirty Rotten Scoundrels,1988,3.5898497104644775
849446,6,5793,Underworld,2003,3.5898497104644775
849446,7,17147,She's the One,1996,3.5898497104644775
849446,8,8846,Election,1999,3.5898497104644775
849446,9,17152,Next Friday,2000,3.5898497104644775
849446,10,16969,Donnie Darko,2001,3.5898497104644775
850091,1,13501,Rocky IV,1985,3.5898497104644775
850091,2,15575,Royal Wedding,1951,3.5898497104644775
850091,3,747,Saber Marionette J,1996,3.5898497104644775
850091,4,7798,Deep Evil,2004,3.5898497104644775
850091,5,3165,Dirty Rotten Scoundrels,1988,3.5898497104644775
850091,6,5793,Underworld,2003,3.5898497104644775
850091,7,17147,She's the One,1996,3.5898497104644775
850091,8,8846,Election,1999,3.5898497104644775
850091,9,17152,Next Friday,2000,3.5898497104644775
850091,10,16969,Donnie Darko,2001,3.5898497104644775
859143,1,13501,Rocky IV,1985,3.5898497104644775
859143,2,3165,Dirty Rotten Scoundrels,1988,3.5898497104644775
859143,3,5793,Underworld,2003,3.5898497104644775
859143,4,17147,She's the One,1996,3.5898497104644775
859143,5,8846,Election,1999,3.5898497104644775
859143,6,17152,Next Friday,2000,3.5898497104644775
859143,7,16969,Donnie Darko,2001,3.5898497104644775
859143,8,7055,Get Shorty,1995,3.5898497104644775
859143,9,189,Airplane II: The Sequel,1982,3.5898497104644775
859143,10,15582,Sweet Home Alabama,2002,3.5898497104644775
865660,1,13501,Rocky IV,1985,3.5898497104644775
865660,2,15575,Royal Wedding,1951,3.5898497104644775
865660,3,747,Saber Marionette J,1996,3.5898497104644775
865660,4,7798,Deep Evil,2004,3.5898497104644775
865660,5,3165,Dirty Rotten Scoundrels,1988,3.5898497104644775
865660,6,5793,Underworld,2003,3.5898497104644775
865660,7,17147,She's the One,1996,3.5898497104644775
865660,8,8846,Election,1999,3.5898497104644775
865660,9,17152,Next Friday,2000,3.5898497104644775
865660,10,16969,Donnie Darko,2001,3.5898497104644775
881178,1,13501,Rocky IV,1985,3.5898497104644775
881178,2,15575,Royal Wedding,1951,3.5898497104644775
881178,3,747,Saber Marionette J,1996,3.5898497104644775
881178,4,3165,Dirty Rotten Scoundrels,1988,3.5898497104644775
881178,5,5793,Underworld,2003,3.5898497104644775
881178,6,17147,She's the One,1996,3.5898497104644775
881178,7,8846,Election,1999,3.5898497104644775
881178,8,17152,Next Friday,2000,3.5898497104644775
881178,9,16969,Donnie Darko,2001,3.5898497104644775
881178,10,7055,Get Shorty,1995,3.5898497104644775
892176,1,13501,Rocky IV,1985,3.5898497104644775
892176,2,15575,Royal Wedding,1951,3.5898497104644775
892176,3,747,Saber Marionette J,1996,3.5898497104644775
892176,4,3165,Dirty Rotten Scoundrels,1988,3.5898497104644775
892176,5,5793,Underworld,2003,3.5898497104644775
892176,6,17147,She's the One,1996,3.5898497104644775
892176,7,8846,Election,1999,3.5898497104644775
892176,8,17152,Next Friday,2000,3.5898497104644775
892176,9,16969,Donnie Darko,2001,3.5898497104644775
892176,10,7055,Get Shorty,1995,3.5898497104644775
893392,1,13501,Rocky IV,1985,3.5898497104644775
893392,2,15575,Royal Wedding,1951,3.5898497104644775
893392,3,3165,Dirty Rotten Scoundrels,1988,3.5898497104644775
893392,4,5793,Underworld,2003,3.5898497104644775
893392,5,17147,She's the One,1996,3.5898497104644775
893392,6,8846,Election,1999,3.5898497104644775
893392,7,17152,Next Friday,2000,3.5898497104644775
893392,8,16969,Donnie Darko,2001,3.5898497104644775
893392,9,7055,Get Shorty,1995,3.5898497104644775
893392,10,189,Airplane II: The Sequel,1982,3.5898497104644775
899674,1,13501,Rocky IV,1985,3.5898497104644775
899674,2,15575,Royal Wedding,1951,3.5898497104644775
899674,3,747,Saber Marionette J,1996,3.5898497104644775
899674,4,7798,Deep Evil,2004,3.5898497104644775
899674,5,3165,Dirty Rotten Scoundrels,1988,3.5898497104644775
899674,6,5793,Underworld,2003,3.5898497104644775
899674,7,17147,She's the One,1996,3.5898497104644775
899674,8,8846,Election,1999,3.5898497104644775
899674,9,17152,Next Friday,2000,3.5898497104644775
899674,10,16969,Donnie Darko,2001,3.5898497104644775
902324,1,13501,Rocky IV,1985,3.5898497104644775
902324,2,15575,Royal Wedding,1951,3.5898497104644775
902324,3,747,Saber Marionette J,1996,3.5898497104644775
902324,4,3165,Dirty Rotten Scoundrels,1988,3.5898497104644775
902324,5,5793,Underworld,2003,3.5898497104644775
902324,6,17147,She's the One,1996,3.5898497104644775
902324,7,8846,Election,1999,3.5898497104644775
902324,8,17152,Next Friday,2000,3.5898497104644775
902324,9,16969,Donnie Darko,2001,3.5898497104644775
902324,10,7055,Get Shorty,1995,3.5898497104644775
905074,1,13501,Rocky IV,1985,3.5898497104644775
905074,2,15575,Royal Wedding,1951,3.5898497104644775
905074,3,747,Saber Marionette J,1996,3.5898497104644775
905074,4,3165,Dirty Rotten Scoundrels,1988,3.5898497104644775
905074,5,5793,Underworld,2003,3.5898497104644775
905074,6,17147,She's the One,1996,3.5898497104644775
905074,7,8846,Election,1999,3.5898497104644775
905074,8,17152,Next Friday,2000,3.5898497104644775
905074,9,16969,Donnie Darko,2001,3.5898497104644775
905074,10,7055,Get Shorty,1995,3.5898497104644775
908662,1,13501,Rocky IV,1985,3.5898497104644775
908662,2,15575,Royal Wedding,1951,3.5898497104644775
908662,3,747,Saber Marionette J,1996,3.5898497104644775
908662,4,7798,Deep Evil,2004,3.5898497104644775
908662,5,3165,Dirty Rotten Scoundrels,1988,3.5898497104644775
908662,6,5793,Underworld,2003,3.5898497104644775
908662,7,17147,She's the One,1996,3.5898497104644775
908662,8,8846,Election,1999,3.5898497104644775
908662,9,17152,Next Friday,2000,3.5898497104644775
908662,10,16969,Donnie Darko,2001,3.5898497104644775
913568,1,13501,Rocky IV,1985,3.5898497104644775
913568,2,15575,Royal Wedding,1951,3.5898497104644775
913568,3,747,Saber Marionette J,1996,3.5898497104644775
913568,4,7798,Deep Evil,2004,3.5898497104644775
913568,5,3165,Dirty Rotten Scoundrels,1988,3.5898497104644775
913568,6,5793,Underworld,2003,3.5898497104644775
913568,7,17147,She's the One,1996,3.5898497104644775
913568,8,8846,Election,1999,3.5898497104644775
913568,9,17152,Next Friday,2000,3.5898497104644775
913568,10,16969,Donnie Darko,2001,3.5898497104644775
917056,1,13501,Rocky IV,1985,3.5898497104644775
917056,2,15575,Royal Wedding,1951,3.5898497104644775
917056,3,747,Saber Marionette J,1996,3.5898497104644775
917056,4,7798,Deep Evil,2004,3.5898497104644775
917056,5,3165,Dirty Rotten Scoundrels,1988,3.5898497104644775
917056,6,5793,Underworld,2003,3.5898497104644775
917056,7,17147,She's the One,1996,3.5898497104644775
917056,8,8846,Election,1999,3.5898497104644775
917056,9,17152,Next Friday,2000,3.5898497104644775
917056,10,16969,Donnie Darko,2001,3.5898497104644775
917363,1,13501,Rocky IV,1985,3.5898497104644775
917363,2,15575,Royal Wedding,1951,3.5898497104644775
917363,3,747,Saber Marionette J,1996,3.5898497104644775
917363,4,7798,Deep Evil,2004,3.5898497104644775
917363,5,3165,Dirty Rotten Scoundrels,1988,3.5898497104644775
917363,6,5793,Underworld,2003,3.5898497104644775
917363,7,17147,She's the One,1996,3.5898497104644775
917363,8,8846,Election,1999,3.5898497104644775
917363,9,17152,Next Friday,2000,3.5898497104644775
917363,10,16969,Donnie Darko,2001,3.5898497104644775
922551,1,3165,Dirty Rotten Scoundrels,1988,3.5898497104644775
922551,2,5793,Underworld,2003,3.5898497104644775
922551,3,17147,She's the One,1996,3.5898497104644775
922551,4,8846,Election,1999,3.5898497104644775
922551,5,17152,Next Friday,2000,3.5898497104644775
922551,6,16969,Donnie Darko,2001,3.5898497104644775
922551,7,7055,Get Shorty,1995,3.5898497104644775
922551,8,189,Airplane II: The Sequel,1982,3.5898497104644775
922551,9,15582,Sweet Home Alabama,2002,3.5898497104644775
922551,10,8636,Lara Croft: Tomb Raider: The Cradle of Life,2003,3.5898497104644775
923650,1,13501,Rocky IV,1985,3.5898497104644775
923650,2,15575,Royal Wedding,1951,3.5898497104644775
923650,3,747,Saber Marionette J,1996,3.5898497104644775
923650,4,7798,Deep Evil,2004,3.5898497104644775
923650,5,3165,Dirty Rotten Scoundrels,1988,3.5898497104644775
923650,6,5793,Underworld,2003,3.5898497104644775
923650,7,17147,She's the One,1996,3.5898497104644775
923650,8,8846,Election,1999,3.5898497104644775
923650,9,17152,Next Friday,2000,3.5898497104644775
923650,10,16969,Donnie Darko,2001,3.5898497104644775
937922,1,13501,Rocky IV,1985,3.5898497104644775
937922,2,15575,Royal Wedding,1951,3.5898497104644775
937922,3,747,Saber Marionette J,1996,3.5898497104644775
937922,4,7798,Deep Evil,2004,3.5898497104644775
937922,5,3165,Dirty Rotten Scoundrels,1988,3.5898497104644775
937922,6,5793,Underworld,2003,3.5898497104644775
937922,7,17147,She's the One,1996,3.5898497104644775
937922,8,8846,Election,1999,3.5898497104644775
937922,9,17152,Next Friday,2000,3.5898497104644775
937922,10,16969,Donnie Darko,2001,3.5898497104644775
940162,1,13501,Rocky IV,1985,3.5898497104644775
940162,2,15575,Royal Wedding,1951,3.5898497104644775
940162,3,747,Saber Marionette J,1996,3.5898497104644775
940162,4,3165,Dirty Rotten Scoundrels,1988,3.5898497104644775
940162,5,5793,Underworld,2003,3.5898497104644775
940162,6,17147,She's the One,1996,3.5898497104644775
940162,7,8846,Election,1999,3.5898497104644775
940162,8,17152,Next Friday,2000,3.5898497104644775
940162,9,16969,Donnie Darko,2001,3.5898497104644775
940162,10,7055,Get Shorty,1995,3.5898497104644775
941142,1,13501,Rocky IV,1985,3.5898497104644775
941142,2,15575,Royal Wedding,1951,3.5898497104644775
941142,3,747,Saber Marionette J,1996,3.5898497104644775
941142,4,7798,Deep Evil,2004,3.5898497104644775
941142,5,3165,Dirty Rotten Scoundrels,1988,3.5898497104644775
941142,6,5793,Underworld,2003,3.5898497104644775
941142,7,17147,She's the One,1996,3.5898497104644775
941142,8,8846,Election,1999,3.5898497104644775
941142,9,17152,Next Friday,2000,3.5898497104644775
941142,10,16969,Donnie Darko,2001,3.5898497104644775
944339,1,13501,Rocky IV,1985,3.5898497104644775
944339,2,15575,Royal Wedding,1951,3.5898497104644775
944339,3,747,Saber Marionette J,1996,3.5898497104644775
944339,4,3165,Dirty Rotten Scoundrels,1988,3.5898497104644775
944339,5,5793,Underworld,2003,3.5898497104644775
944339,6,17147,She's the One,1996,3.5898497104644775
944339,7,8846,Election,1999,3.5898497104644775
944339,8,17152,Next Friday,2000,3.5898497104644775
944339,9,16969,Donnie Darko,2001,3.5898497104644775
944339,10,7055,Get Shorty,1995,3.5898497104644775
955383,1,13501,Rocky IV,1985,3.5898497104644775
955383,2,15575,Royal Wedding,1951,3.5898497104644775
955383,3,747,Saber Marionette J,1996,3.5898497104644775
955383,4,7798,Deep Evil,2004,3.5898497104644775
955383,5,3165,Dirty Rotten Scoundrels,1988,3.5898497104644775
955383,6,5793,Underworld,2003,3.5898497104644775
955383,7,17147,She's the One,1996,3.5898497104644775
955383,8,8846,Election,1999,3.5898497104644775
955383,9,17152,Next Friday,2000,3.5898497104644775
955383,10,16969,Donnie Darko,2001,3.5898497104644775
961971,1,13501,Rocky IV,1985,3.5898497104644775
961971,2,15575,Royal Wedding,1951,3.5898497104644775
961971,3,747,Saber Marionette J,1996,3.5898497104644775
961971,4,7798,Deep Evil,2004,3.5898497104644775
961971,5,3165,Dirty Rotten Scoundrels,1988,3.5898497104644775
961971,6,5793,Underworld,2003,3.5898497104644775
961971,7,17147,She's the One,1996,3.5898497104644775
961971,8,8846,Election,1999,3.5898497104644775
961971,9,17152,Next Friday,2000,3.5898497104644775
961971,10,16969,Donnie Darko,2001,3.5898497104644775
965652,1,13501,Rocky IV,1985,3.5898497104644775
965652,2,15575,Royal Wedding,1951,3.5898497104644775
965652,3,747,Saber Marionette J,1996,3.5898497104644775
965652,4,7798,Deep Evil,2004,3.5898497104644775
965652,5,3165,Dirty Rotten Scoundrels,1988,3.5898497104644775
965652,6,5793,Underworld,2003,3.5898497104644775
965652,7,17147,She's the One,1996,3.5898497104644775
965652,8,8846,Election,1999,3.5898497104644775
965652,9,17152,Next Friday,2000,3.5898497104644775
965652,10,16969,Donnie Darko,2001,3.5898497104644775
967535,1,13501,Rocky IV,1985,3.5898497104644775
967535,2,15575,Royal Wedding,1951,3.5898497104644775
967535,3,747,Saber Marionette J,1996,3.5898497104644775
967535,4,3165,Dirty Rotten Scoundrels,1988,3.5898497104644775
967535,5,5793,Underworld,2003,3.5898497104644775
967535,6,17147,She's the One,1996,3.5898497104644775
967535,7,8846,Election,1999,3.5898497104644775
967535,8,17152,Next Friday,2000,3.5898497104644775
967535,9,16969,Donnie Darko,2001,3.5898497104644775
967535,10,7055,Get Shorty,1995,3.5898497104644775
968454,1,13501,Rocky IV,1985,3.5898497104644775
968454,2,15575,Royal Wedding,1951,3.5898497104644775
968454,3,3165,Dirty Rotten Scoundrels,1988,3.5898497104644775
968454,4,5793,Underworld,2003,3.5898497104644775
968454,5,17147,She's the One,1996,3.5898497104644775
968454,6,8846,Election,1999,3.5898497104644775
968454,7,17152,Next Friday,2000,3.5898497104644775
968454,8,16969,Donnie Darko,2001,3.5898497104644775
968454,9,7055,Get Shorty,1995,3.5898497104644775
968454,10,189,Airplane II: The Sequel,1982,3.5898497104644775
972950,1,13501,Rocky IV,1985,3.5898497104644775
972950,2,15575,Royal Wedding,1951,3.5898497104644775
972950,3,747,Saber Marionette J,1996,3.5898497104644775
972950,4,7798,Deep Evil,2004,3.5898497104644775
972950,5,3165,Dirty Rotten Scoundrels,1988,3.5898497104644775
972950,6,5793,Underworld,2003,3.5898497104644775
972950,7,17147,She's the One,1996,3.5898497104644775
972950,8,8846,Election,1999,3.5898497104644775
972950,9,17152,Next Friday,2000,3.5898497104644775
972950,10,16969,Donnie Darko,2001,3.5898497104644775
973703,1,13501,Rocky IV,1985,3.5898497104644775
973703,2,15575,Royal Wedding,1951,3.5898497104644775
973703,3,747,Saber Marionette J,1996,3.5898497104644775
973703,4,3165,Dirty Rotten Scoundrels,1988,3.5898497104644775
973703,5,5793,Underworld,2003,3.5898497104644775
973703,6,17147,She's the One,1996,3.5898497104644775
973703,7,8846,Election,1999,3.5898497104644775
973703,8,17152,Next Friday,2000,3.5898497104644775
973703,9,16969,Donnie Darko,2001,3.5898497104644775
973703,10,7055,Get Shorty,1995,3.5898497104644775
991813,1,13501,Rocky IV,1985,3.5898497104644775
991813,2,15575,Royal Wedding,1951,3.5898497104644775
991813,3,747,Saber Marionette J,1996,3.5898497104644775
991813,4,7798,Deep Evil,2004,3.5898497104644775
991813,5,3165,Dirty Rotten Scoundrels,1988,3.5898497104644775
991813,6,5793,Underworld,2003,3.5898497104644775
991813,7,17147,She's the One,1996,3.5898497104644775
991813,8,8846,Election,1999,3.5898497104644775
991813,9,17152,Next Friday,2000,3.5898497104644775
991813,10,16969,Donnie Darko,2001,3.5898497104644775
993520,1,13501,Rocky IV,1985,3.5898497104644775
993520,2,15575,Royal Wedding,1951,3.5898497104644775
993520,3,747,Saber Marionette J,1996,3.5898497104644775
993520,4,3165,Dirty Rotten Scoundrels,1988,3.5898497104644775
993520,5,5793,Underworld,2003,3.5898497104644775
993520,6,17147,She's the One,1996,3.5898497104644775
993520,7,8846,Election,1999,3.5898497104644775
993520,8,17152,Next Friday,2000,3.5898497104644775
993520,9,16969,Donnie Darko,2001,3.5898497104644775
993520,10,7055,Get Shorty,1995,3.5898497104644775
995088,1,13501,Rocky IV,1985,3.5898497104644775
995088,2,15575,Royal Wedding,1951,3.5898497104644775
995088,3,747,Saber Marionette J,1996,3.5898497104644775
995088,4,3165,Dirty Rotten Scoundrels,1988,3.5898497104644775
995088,5,5793,Underworld,2003,3.5898497104644775
995088,6,17147,She's the One,1996,3.5898497104644775
995088,7,8846,Election,1999,3.5898497104644775
995088,8,17152,Next Friday,2000,3.5898497104644775
995088,9,16969,Donnie Darko,2001,3.5898497104644775
995088,10,7055,Get Shorty,1995,3.5898497104644775
995886,1,13501,Rocky IV,1985,3.5898497104644775
995886,2,15575,Royal Wedding,1951,3.5898497104644775
995886,3,747,Saber Marionette J,1996,3.5898497104644775
995886,4,7798,Deep Evil,2004,3.5898497104644775
995886,5,3165,Dirty Rotten Scoundrels,1988,3.5898497104644775
995886,6,5793,Underworld,2003,3.5898497104644775
995886,7,17147,She's the One,1996,3.5898497104644775
995886,8,8846,Election,1999,3.5898497104644775
995886,9,17152,Next Friday,2000,3.5898497104644775
995886,10,16969,Donnie Darko,2001,3.5898497104644775
995925,1,13501,Rocky IV,1985,3.5898497104644775
995925,2,15575,Royal Wedding,1951,3.5898497104644775
995925,3,3165,Dirty Rotten Scoundrels,1988,3.5898497104644775
995925,4,5793,Underworld,2003,3.5898497104644775
995925,5,17147,She's the One,1996,3.5898497104644775
995925,6,8846,Election,1999,3.5898497104644775
995925,7,17152,Next Friday,2000,3.5898497104644775
995925,8,16969,Donnie Darko,2001,3.5898497104644775
995925,9,7055,Get Shorty,1995,3.5898497104644775
995925,10,189,Airplane II: The Sequel,1982,3.5898497104644775
1000868,1,13501,Rocky IV,1985,3.5898497104644775
1000868,2,15575,Royal Wedding,1951,3.5898497104644775
1000868,3,747,Saber Marionette J,1996,3.5898497104644775
1000868,4,7798,Deep Evil,2004,3.5898497104644775
1000868,5,3165,Dirty Rotten Scoundrels,1988,3.5898497104644775
1000868,6,5793,Underworld,2003,3.5898497104644775
1000868,7,17147,She's the One,1996,3.5898497104644775
1000868,8,8846,Election,1999,3.5898497104644775
1000868,9,17152,Next Friday,2000,3.5898497104644775
1000868,10,16969,Donnie Darko,2001,3.5898497104644775
1007172,1,13501,Rocky IV,1985,3.5898497104644775
1007172,2,15575,Royal Wedding,1951,3.5898497104644775
1007172,3,747,Saber Marionette J,1996,3.5898497104644775
1007172,4,7798,Deep Evil,2004,3.5898497104644775
1007172,5,3165,Dirty Rotten Scoundrels,1988,3.5898497104644775
1007172,6,5793,Underworld,2003,3.5898497104644775
1007172,7,17147,She's the One,1996,3.5898497104644775
1007172,8,8846,Election,1999,3.5898497104644775
1007172,9,17152,Next Friday,2000,3.5898497104644775
1007172,10,16969,Donnie Darko,2001,3.5898497104644775
1008196,1,13501,Rocky IV,1985,3.5898497104644775
1008196,2,15575,Royal Wedding,1951,3.5898497104644775
1008196,3,747,Saber Marionette J,1996,3.5898497104644775
1008196,4,3165,Dirty Rotten Scoundrels,1988,3.5898497104644775
1008196,5,5793,Underworld,2003,3.5898497104644775
1008196,6,17147,She's the One,1996,3.5898497104644775
1008196,7,8846,Election,1999,3.5898497104644775
1008196,8,17152,Next Friday,2000,3.5898497104644775
1008196,9,16969,Donnie Darko,2001,3.5898497104644775
1008196,10,7055,Get Shorty,1995,3.5898497104644775
1008490,1,13501,Rocky IV,1985,3.5898497104644775
1008490,2,15575,Royal Wedding,1951,3.5898497104644775
1008490,3,747,Saber Marionette J,1996,3.5898497104644775
1008490,4,7798,Deep Evil,2004,3.5898497104644775
1008490,5,3165,Dirty Rotten Scoundrels,1988,3.5898497104644775
1008490,6,5793,Underworld,2003,3.5898497104644775
1008490,7,17147,She's the One,1996,3.5898497104644775
1008490,8,8846,Election,1999,3.5898497104644775
1008490,9,17152,Next Friday,2000,3.5898497104644775
1008490,10,16969,Donnie Darko,2001,3.5898497104644775
1022487,1,13501,Rocky IV,1985,3.5898497104644775
1022487,2,15575,Royal Wedding,1951,3.5898497104644775
1022487,3,747,Saber Marionette J,1996,3.5898497104644775
1022487,4,7798,Deep Evil,2004,3.5898497104644775
1022487,5,3165,Dirty Rotten Scoundrels,1988,3.5898497104644775
1022487,6,5793,Underworld,2003,3.5898497104644775
1022487,7,17147,She's the One,1996,3.5898497104644775
1022487,8,8846,Election,1999,3.5898497104644775
1022487,9,17152,Next Friday,2000,3.5898497104644775
1022487,10,16969,Donnie Darko,2001,3.5898497104644775
1023432,1,13501,Rocky IV,1985,3.5898497104644775
1023432,2,15575,Royal Wedding,1951,3.5898497104644775
1023432,3,3165,Dirty Rotten Scoundrels,1988,3.5898497104644775
1023432,4,5793,Underworld,2003,3.5898497104644775
1023432,5,17147,She's the One,1996,3.5898497104644775
1023432,6,8846,Election,1999,3.5898497104644775
1023432,7,17152,Next Friday,2000,3.5898497104644775
1023432,8,16969,Donnie Darko,2001,3.5898497104644775
1023432,9,7055,Get Shorty,1995,3.5898497104644775
1023432,10,189,Airplane II: The Sequel,1982,3.5898497104644775
1025592,1,13501,Rocky IV,1985,3.5898497104644775
1025592,2,15575,Royal Wedding,1951,3.5898497104644775
1025592,3,747,Saber Marionette J,1996,3.5898497104644775
1025592,4,3165,Dirty Rotten Scoundrels,1988,3.5898497104644775
1025592,5,5793,Underworld,2003,3.5898497104644775
1025592,6,17147,She's the One,1996,3.5898497104644775
1025592,7,8846,Election,1999,3.5898497104644775
1025592,8,17152,Next Friday,2000,3.5898497104644775
1025592,9,16969,Donnie Darko,2001,3.5898497104644775
1025592,10,7055,Get Shorty,1995,3.5898497104644775
1037308,1,13501,Rocky IV,1985,3.5898497104644775
1037308,2,15575,Royal Wedding,1951,3.5898497104644775
1037308,3,747,Saber Marionette J,1996,3.5898497104644775
1037308,4,7798,Deep Evil,2004,3.5898497104644775
1037308,5,3165,Dirty Rotten Scoundrels,1988,3.5898497104644775
1037308,6,5793,Underworld,2003,3.5898497104644775
1037308,7,17147,She's the One,1996,3.5898497104644775
1037308,8,8846,Election,1999,3.5898497104644775
1037308,9,17152,Next Friday,2000,3.5898497104644775
1037308,10,16969,Donnie Darko,2001,3.5898497104644775
1047830,1,13501,Rocky IV,1985,3.5898497104644775
1047830,2,15575,Royal Wedding,1951,3.5898497104644775
1047830,3,747,Saber Marionette J,1996,3.5898497104644775
1047830,4,7798,Deep Evil,2004,3.5898497104644775
1047830,5,11681,Focus,2001,3.5898497104644775
1047830,6,2134,Jesus and His Times,2000,3.5898497104644775
1047830,7,1713,Patlabor: The Mobile Police: Original Series,1988,3.5898497104644775
1047830,8,11108,National Geographic: Inside the U.S. Secret Service,2004,3.5898497104644775
1047830,9,10387,One Million Years B.C.,1967,3.5898497104644775
1047830,10,11023,Bubblegum Crisis,1998,3.5898497104644775
1050805,1,13501,Rocky IV,1985,3.5898497104644775
1050805,2,15575,Royal Wedding,1951,3.5898497104644775
1050805,3,747,Saber Marionette J,1996,3.5898497104644775
1050805,4,7798,Deep Evil,2004,3.5898497104644775
1050805,5,3165,Dirty Rotten Scoundrels,1988,3.5898497104644775
1050805,6,5793,Underworld,2003,3.5898497104644775
1050805,7,17147,She's the One,1996,3.5898497104644775
1050805,8,8846,Election,1999,3.5898497104644775
1050805,9,17152,Next Friday,2000,3.5898497104644775
1050805,10,16969,Donnie Darko,2001,3.5898497104644775
1052738,1,13501,Rocky IV,1985,3.5898497104644775
1052738,2,15575,Royal Wedding,1951,3.5898497104644775
1052738,3,747,Saber Marionette J,1996,3.5898497104644775
1052738,4,7798,Deep Evil,2004,3.5898497104644775
1052738,5,3165,Dirty Rotten Scoundrels,1988,3.5898497104644775
1052738,6,5793,Underworld,2003,3.5898497104644775
1052738,7,17147,She's the One,1996,3.5898497104644775
1052738,8,8846,Election,1999,3.5898497104644775
1052738,9,17152,Next Friday,2000,3.5898497104644775
1052738,10,16969,Donnie Darko,2001,3.5898497104644775
1052897,1,13501,Rocky IV,1985,3.5898497104644775
1052897,2,15575,Royal Wedding,1951,3.5898497104644775
1052897,3,747,Saber Marionette J,1996,3.5898497104644775
1052897,4,7798,Deep Evil,2004,3.5898497104644775
1052897,5,3165,Dirty Rotten Scoundrels,1988,3.5898497104644775
1052897,6,5793,Underworld,2003,3.5898497104644775
1052897,7,17147,She's the One,1996,3.5898497104644775
1052897,8,8846,Election,1999,3.5898497104644775
1052897,9,17152,Next Friday,2000,3.5898497104644775
1052897,10,16969,Donnie Darko,2001,3.5898497104644775
1059023,1,13501,Rocky IV,1985,3.5898497104644775
1059023,2,15575,Royal Wedding,1951,3.5898497104644775
1059023,3,747,Saber Marionette J,1996,3.5898497104644775
1059023,4,3165,Dirty Rotten Scoundrels,1988,3.5898497104644775
1059023,5,5793,Underworld,2003,3.5898497104644775
1059023,6,17147,She's the One,1996,3.5898497104644775
1059023,7,8846,Election,1999,3.5898497104644775
1059023,8,17152,Next Friday,2000,3.5898497104644775
1059023,9,16969,Donnie Darko,2001,3.5898497104644775
1059023,10,7055,Get Shorty,1995,3.5898497104644775
1070028,1,13501,Rocky IV,1985,3.5898497104644775
1070028,2,15575,Royal Wedding,1951,3.5898497104644775
1070028,3,747,Saber Marionette J,1996,3.5898497104644775
1070028,4,7798,Deep Evil,2004,3.5898497104644775
1070028,5,3165,Dirty Rotten Scoundrels,1988,3.5898497104644775
1070028,6,5793,Underworld,2003,3.5898497104644775
1070028,7,17147,She's the One,1996,3.5898497104644775
1070028,8,8846,Election,1999,3.5898497104644775
1070028,9,17152,Next Friday,2000,3.5898497104644775
1070028,10,16969,Donnie Darko,2001,3.5898497104644775
1077009,1,13501,Rocky IV,1985,3.5898497104644775
1077009,2,15575,Royal Wedding,1951,3.5898497104644775
1077009,3,747,Saber Marionette J,1996,3.5898497104644775
1077009,4,7798,Deep Evil,2004,3.5898497104644775
1077009,5,3165,Dirty Rotten Scoundrels,1988,3.5898497104644775
1077009,6,5793,Underworld,2003,3.5898497104644775
1077009,7,17147,She's the One,1996,3.5898497104644775
1077009,8,8846,Election,1999,3.5898497104644775
1077009,9,17152,Next Friday,2000,3.5898497104644775
1077009,10,16969,Donnie Darko,2001,3.5898497104644775
1081909,1,13501,Rocky IV,1985,3.5898497104644775
1081909,2,15575,Royal Wedding,1951,3.5898497104644775
1081909,3,747,Saber Marionette J,1996,3.5898497104644775
1081909,4,7798,Deep Evil,2004,3.5898497104644775
1081909,5,3165,Dirty Rotten Scoundrels,1988,3.5898497104644775
1081909,6,5793,Underworld,2003,3.5898497104644775
1081909,7,17147,She's the One,1996,3.5898497104644775
1081909,8,8846,Election,1999,3.5898497104644775
1081909,9,17152,Next Friday,2000,3.5898497104644775
1081909,10,16969,Donnie Darko,2001,3.5898497104644775
1090155,1,13501,Rocky IV,1985,3.5898497104644775
1090155,2,15575,Royal Wedding,1951,3.5898497104644775
1090155,3,747,Saber Marionette J,1996,3.5898497104644775
1090155,4,3165,Dirty Rotten Scoundrels,1988,3.5898497104644775
1090155,5,5793,Underworld,2003,3.5898497104644775
1090155,6,17147,She's the One,1996,3.5898497104644775
1090155,7,8846,Election,1999,3.5898497104644775
1090155,8,17152,Next Friday,2000,3.5898497104644775
1090155,9,16969,Donnie Darko,2001,3.5898497104644775
1090155,10,7055,Get Shorty,1995,3.5898497104644775
1100112,1,13501,Rocky IV,1985,3.5898497104644775
1100112,2,15575,Royal Wedding,1951,3.5898497104644775
1100112,3,747,Saber Marionette J,1996,3.5898497104644775
1100112,4,7798,Deep Evil,2004,3.5898497104644775
1100112,5,3165,Dirty Rotten Scoundrels,1988,3.5898497104644775
1100112,6,5793,Underworld,2003,3.5898497104644775
1100112,7,17147,She's the One,1996,3.5898497104644775
1100112,8,8846,Election,1999,3.5898497104644775
1100112,9,17152,Next Friday,2000,3.5898497104644775
1100112,10,16969,Donnie Darko,2001,3.5898497104644775
1108666,1,13501,Rocky IV,1985,3.5898497104644775
1108666,2,15575,Royal Wedding,1951,3.5898497104644775
1108666,3,747,Saber Marionette J,1996,3.5898497104644775
1108666,4,7798,Deep Evil,2004,3.5898497104644775
1108666,5,3165,Dirty Rotten Scoundrels,1988,3.5898497104644775
1108666,6,5793,Underworld,2003,3.5898497104644775
1108666,7,17147,She's the One,1996,3.5898497104644775
1108666,8,8846,Election,1999,3.5898497104644775
1108666,9,17152,Next Friday,2000,3.5898497104644775
1108666,10,16969,Donnie Darko,2001,3.5898497104644775
1110500,1,13501,Rocky IV,1985,3.5898497104644775
1110500,2,15575,Royal Wedding,1951,3.5898497104644775
1110500,3,747,Saber Marionette J,1996,3.5898497104644775
1110500,4,3165,Dirty Rotten Scoundrels,1988,3.5898497104644775
1110500,5,5793,Underworld,2003,3.5898497104644775
1110500,6,17147,She's the One,1996,3.5898497104644775
1110500,7,8846,Election,1999,3.5898497104644775
1110500,8,17152,Next Friday,2000,3.5898497104644775
1110500,9,16969,Donnie Darko,2001,3.5898497104644775
1110500,10,7055,Get Shorty,1995,3.5898497104644775
1120476,1,13501,Rocky IV,1985,3.5898497104644775
1120476,2,15575,Royal Wedding,1951,3.5898497104644775
1120476,3,747,Saber Marionette J,1996,3.5898497104644775
1120476,4,7798,Deep Evil,2004,3.5898497104644775
1120476,5,3165,Dirty Rotten Scoundrels,1988,3.5898497104644775
1120476,6,5793,Underworld,2003,3.5898497104644775
1120476,7,17147,She's the One,1996,3.5898497104644775
1120476,8,8846,Election,1999,3.5898497104644775
1120476,9,17152,Next Friday,2000,3.5898497104644775
1120476,10,16969,Donnie Darko,2001,3.5898497104644775
1137408,1,13501,Rocky IV,1985,3.5898497104644775
1137408,2,15575,Royal Wedding,1951,3.5898497104644775
1137408,3,747,Saber Marionette J,1996,3.5898497104644775
1137408,4,7798,Deep Evil,2004,3.5898497104644775
1137408,5,3165,Dirty Rotten Scoundrels,1988,3.5898497104644775
1137408,6,5793,Underworld,2003,3.5898497104644775
1137408,7,17147,She's the One,1996,3.5898497104644775
1137408,8,8846,Election,1999,3.5898497104644775
1137408,9,17152,Next Friday,2000,3.5898497104644775
1137408,10,16969,Donnie Darko,2001,3.5898497104644775
1143603,1,13501,Rocky IV,1985,3.5898497104644775
1143603,2,15575,Royal Wedding,1951,3.5898497104644775
1143603,3,747,Saber Marionette J,1996,3.5898497104644775
1143603,4,7798,Deep Evil,2004,3.5898497104644775
1143603,5,3165,Dirty Rotten Scoundrels,1988,3.5898497104644775
1143603,6,5793,Underworld,2003,3.5898497104644775
1143603,7,17147,She's the One,1996,3.5898497104644775
1143603,8,8846,Election,1999,3.5898497104644775
1143603,9,17152,Next Friday,2000,3.5898497104644775
1143603,10,16969,Donnie Darko,2001,3.5898497104644775
1160316,1,13501,Rocky IV,1985,3.5898497104644775
1160316,2,15575,Royal Wedding,1951,3.5898497104644775
1160316,3,747,Saber Marionette J,1996,3.5898497104644775
1160316,4,7798,Deep Evil,2004,3.5898497104644775
1160316,5,3165,Dirty Rotten Scoundrels,1988,3.5898497104644775
1160316,6,5793,Underworld,2003,3.5898497104644775
1160316,7,17147,She's the One,1996,3.5898497104644775
1160316,8,8846,Election,1999,3.5898497104644775
1160316,9,17152,Next Friday,2000,3.5898497104644775
1160316,10,16969,Donnie Darko,2001,3.5898497104644775
1163207,1,13501,Rocky IV,1985,3.5898497104644775
1163207,2,15575,Royal Wedding,1951,3.5898497104644775
1163207,3,747,Saber Marionette J,1996,3.5898497104644775
1163207,4,7798,Deep Evil,2004,3.5898497104644775
1163207,5,3165,Dirty Rotten Scoundrels,1988,3.5898497104644775
1163207,6,5793,Underworld,2003,3.5898497104644775
1163207,7,17147,She's the One,1996,3.5898497104644775
1163207,8,8846,Election,1999,3.5898497104644775
1163207,9,17152,Next Friday,2000,3.5898497104644775
1163207,10,16969,Donnie Darko,2001,3.5898497104644775
1164625,1,13501,Rocky IV,1985,3.5898497104644775
1164625,2,15575,Royal Wedding,1951,3.5898497104644775
1164625,3,747,Saber Marionette J,1996,3.5898497104644775
1164625,4,7798,Deep Evil,2004,3.5898497104644775
1164625,5,3165,Dirty Rotten Scoundrels,1988,3.5898497104644775
1164625,6,5793,Underworld,2003,3.5898497104644775
1164625,7,17147,She's the One,1996,3.5898497104644775
1164625,8,8846,Election,1999,3.5898497104644775
1164625,9,17152,Next Friday,2000,3.5898497104644775
1164625,10,16969,Donnie Darko,2001,3.5898497104644775
1170941,1,13501,Rocky IV,1985,3.5898497104644775
1170941,2,15575,Royal Wedding,1951,3.5898497104644775
1170941,3,747,Saber Marionette J,1996,3.5898497104644775
1170941,4,7798,Deep Evil,2004,3.5898497104644775
1170941,5,3165,Dirty Rotten Scoundrels,1988,3.5898497104644775
1170941,6,5793,Underworld,2003,3.5898497104644775
1170941,7,17147,She's the One,1996,3.5898497104644775
1170941,8,8846,Election,1999,3.5898497104644775
1170941,9,17152,Next Friday,2000,3.5898497104644775
1170941,10,16969,Donnie Darko,2001,3.5898497104644775
1179894,1,13501,Rocky IV,1985,3.5898497104644775
1179894,2,15575,Royal Wedding,1951,3.5898497104644775
1179894,3,747,Saber Marionette J,1996,3.5898497104644775
1179894,4,3165,Dirty Rotten Scoundrels,1988,3.5898497104644775
1179894,5,5793,Underworld,2003,3.5898497104644775
1179894,6,17147,She's the One,1996,3.5898497104644775
1179894,7,8846,Election,1999,3.5898497104644775
1179894,8,17152,Next Friday,2000,3.5898497104644775
1179894,9,16969,Donnie Darko,2001,3.5898497104644775
1179894,10,7055,Get Shorty,1995,3.5898497104644775
1185700,1,13501,Rocky IV,1985,3.5898497104644775
1185700,2,15575,Royal Wedding,1951,3.5898497104644775
1185700,3,747,Saber Marionette J,1996,3.5898497104644775
1185700,4,7798,Deep Evil,2004,3.5898497104644775
1185700,5,3165,Dirty Rotten Scoundrels,1988,3.5898497104644775
1185700,6,5793,Underworld,2003,3.5898497104644775
1185700,7,17147,She's the One,1996,3.5898497104644775
1185700,8,8846,Election,1999,3.5898497104644775
1185700,9,17152,Next Friday,2000,3.5898497104644775
1185700,10,16969,Donnie Darko,2001,3.5898497104644775
1190684,1,13501,Rocky IV,1985,3.5898497104644775
1190684,2,15575,Royal Wedding,1951,3.5898497104644775
1190684,3,747,Saber Marionette J,1996,3.5898497104644775
1190684,4,7798,Deep Evil,2004,3.5898497104644775
1190684,5,3165,Dirty Rotten Scoundrels,1988,3.5898497104644775
1190684,6,5793,Underworld,2003,3.5898497104644775
1190684,7,17147,She's the One,1996,3.5898497104644775
1190684,8,8846,Election,1999,3.5898497104644775
1190684,9,17152,Next Friday,2000,3.5898497104644775
1190684,10,16969,Donnie Darko,2001,3.5898497104644775
1193196,1,13501,Rocky IV,1985,3.5898497104644775
1193196,2,15575,Royal Wedding,1951,3.5898497104644775
1193196,3,747,Saber Marionette J,1996,3.5898497104644775
1193196,4,7798,Deep Evil,2004,3.5898497104644775
1193196,5,3165,Dirty Rotten Scoundrels,1988,3.5898497104644775
1193196,6,5793,Underworld,2003,3.5898497104644775
1193196,7,17147,She's the One,1996,3.5898497104644775
1193196,8,8846,Election,1999,3.5898497104644775
1193196,9,17152,Next Friday,2000,3.5898497104644775
1193196,10,16969,Donnie Darko,2001,3.5898497104644775
1195137,1,13501,Rocky IV,1985,3.5898497104644775
1195137,2,15575,Royal Wedding,1951,3.5898497104644775
1195137,3,747,Saber Marionette J,1996,3.5898497104644775
1195137,4,3165,Dirty Rotten Scoundrels,1988,3.5898497104644775
1195137,5,5793,Underworld,2003,3.5898497104644775
1195137,6,17147,She's the One,1996,3.5898497104644775
1195137,7,8846,Election,1999,3.5898497104644775
1195137,8,17152,Next Friday,2000,3.5898497104644775
1195137,9,16969,Donnie Darko,2001,3.5898497104644775
1195137,10,7055,Get Shorty,1995,3.5898497104644775
1201319,1,13501,Rocky IV,1985,3.5898497104644775
1201319,2,15575,Royal Wedding,1951,3.5898497104644775
1201319,3,747,Saber Marionette J,1996,3.5898497104644775
1201319,4,7798,Deep Evil,2004,3.5898497104644775
1201319,5,3165,Dirty Rotten Scoundrels,1988,3.5898497104644775
1201319,6,5793,Underworld,2003,3.5898497104644775
1201319,7,17147,She's the One,1996,3.5898497104644775
1201319,8,8846,Election,1999,3.5898497104644775
1201319,9,17152,Next Friday,2000,3.5898497104644775
1201319,10,16969,Donnie Darko,2001,3.5898497104644775
1201772,1,13501,Rocky IV,1985,3.5898497104644775
1201772,2,15575,Royal Wedding,1951,3.5898497104644775
1201772,3,747,Saber Marionette J,1996,3.5898497104644775
1201772,4,7798,Deep Evil,2004,3.5898497104644775
1201772,5,3165,Dirty Rotten Scoundrels,1988,3.5898497104644775
1201772,6,5793,Underworld,2003,3.5898497104644775
1201772,7,17147,She's the One,1996,3.5898497104644775
1201772,8,8846,Election,1999,3.5898497104644775
1201772,9,17152,Next Friday,2000,3.5898497104644775
1201772,10,16969,Donnie Darko,2001,3.5898497104644775
1215460,1,13501,Rocky IV,1985,3.5898497104644775
1215460,2,15575,Royal Wedding,1951,3.5898497104644775
1215460,3,747,Saber Marionette J,1996,3.5898497104644775
1215460,4,3165,Dirty Rotten Scoundrels,1988,3.5898497104644775
1215460,5,5793,Underworld,2003,3.5898497104644775
1215460,6,17147,She's the One,1996,3.5898497104644775
1215460,7,8846,Election,1999,3.5898497104644775
1215460,8,17152,Next Friday,2000,3.5898497104644775
1215460,9,16969,Donnie Darko,2001,3.5898497104644775
1215460,10,7055,Get Shorty,1995,3.5898497104644775
1215900,1,13501,Rocky IV,1985,3.5898497104644775
1215900,2,15575,Royal Wedding,1951,3.5898497104644775
1215900,3,747,Saber Marionette J,1996,3.5898497104644775
1215900,4,3165,Dirty Rotten Scoundrels,1988,3.5898497104644775
1215900,5,5793,Underworld,2003,3.5898497104644775
1215900,6,17147,She's the One,1996,3.5898497104644775
1215900,7,8846,Election,1999,3.5898497104644775
1215900,8,17152,Next Friday,2000,3.5898497104644775
1215900,9,16969,Donnie Darko,2001,3.5898497104644775
1215900,10,7055,Get Shorty,1995,3.5898497104644775
1222999,1,13501,Rocky IV,1985,3.5898497104644775
1222999,2,15575,Royal Wedding,1951,3.5898497104644775
1222999,3,747,Saber Marionette J,1996,3.5898497104644775
1222999,4,7798,Deep Evil,2004,3.5898497104644775
1222999,5,3165,Dirty Rotten Scoundrels,1988,3.5898497104644775
1222999,6,5793,Underworld,2003,3.5898497104644775
1222999,7,17147,She's the One,1996,3.5898497104644775
1222999,8,8846,Election,1999,3.5898497104644775
1222999,9,17152,Next Friday,2000,3.5898497104644775
1222999,10,16969,Donnie Darko,2001,3.5898497104644775
1226327,1,13501,Rocky IV,1985,3.5898497104644775
1226327,2,15575,Royal Wedding,1951,3.5898497104644775
1226327,3,3165,Dirty Rotten Scoundrels,1988,3.5898497104644775
1226327,4,5793,Underworld,2003,3.5898497104644775
1226327,5,17147,She's the One,1996,3.5898497104644775
1226327,6,8846,Election,1999,3.5898497104644775
1226327,7,17152,Next Friday,2000,3.5898497104644775
1226327,8,16969,Donnie Darko,2001,3.5898497104644775
1226327,9,7055,Get Shorty,1995,3.5898497104644775
1226327,10,189,Airplane II: The Sequel,1982,3.5898497104644775
1232448,1,13501,Rocky IV,1985,3.5898497104644775
1232448,2,15575,Royal Wedding,1951,3.5898497104644775
1232448,3,747,Saber Marionette J,1996,3.5898497104644775
1232448,4,7798,Deep Evil,2004,3.5898497104644775
1232448,5,3165,Dirty Rotten Scoundrels,1988,3.5898497104644775
1232448,6,5793,Underworld,2003,3.5898497104644775
1232448,7,17147,She's the One,1996,3.5898497104644775
1232448,8,8846,Election,1999,3.5898497104644775
1232448,9,17152,Next Friday,2000,3.5898497104644775
1232448,10,16969,Donnie Darko,2001,3.5898497104644775
1242879,1,13501,Rocky IV,1985,3.5898497104644775
1242879,2,15575,Royal Wedding,1951,3.5898497104644775
1242879,3,747,Saber Marionette J,1996,3.5898497104644775
1242879,4,7798,Deep Evil,2004,3.5898497104644775
1242879,5,3165,Dirty Rotten Scoundrels,1988,3.5898497104644775
1242879,6,5793,Underworld,2003,3.5898497104644775
1242879,7,17147,She's the One,1996,3.5898497104644775
1242879,8,8846,Election,1999,3.5898497104644775
1242879,9,17152,Next Friday,2000,3.5898497104644775
1242879,10,16969,Donnie Darko,2001,3.5898497104644775
1243223,1,13501,Rocky IV,1985,3.5898497104644775
1243223,2,15575,Royal Wedding,1951,3.5898497104644775
1243223,3,747,Saber Marionette J,1996,3.5898497104644775
1243223,4,7798,Deep Evil,2004,3.5898497104644775
1243223,5,3165,Dirty Rotten Scoundrels,1988,3.5898497104644775
1243223,6,5793,Underworld,2003,3.5898497104644775
1243223,7,17147,She's the One,1996,3.5898497104644775
1243223,8,8846,Election,1999,3.5898497104644775
1243223,9,17152,Next Friday,2000,3.5898497104644775
1243223,10,16969,Donnie Darko,2001,3.5898497104644775
1246536,1,13501,Rocky IV,1985,3.5898497104644775
1246536,2,15575,Royal Wedding,1951,3.5898497104644775
1246536,3,747,Saber Marionette J,1996,3.5898497104644775
1246536,4,7798,Deep Evil,2004,3.5898497104644775
1246536,5,3165,Dirty Rotten Scoundrels,1988,3.5898497104644775
1246536,6,5793,Underworld,2003,3.5898497104644775
1246536,7,17147,She's the One,1996,3.5898497104644775
1246536,8,8846,Election,1999,3.5898497104644775
1246536,9,17152,Next Friday,2000,3.5898497104644775
1246536,10,16969,Donnie Darko,2001,3.5898497104644775
1254561,1,13501,Rocky IV,1985,3.5898497104644775
1254561,2,15575,Royal Wedding,1951,3.5898497104644775
1254561,3,3165,Dirty Rotten Scoundrels,1988,3.5898497104644775
1254561,4,5793,Underworld,2003,3.5898497104644775
1254561,5,17147,She's the One,1996,3.5898497104644775
1254561,6,8846,Election,1999,3.5898497104644775
1254561,7,17152,Next Friday,2000,3.5898497104644775
1254561,8,16969,Donnie Darko,2001,3.5898497104644775
1254561,9,7055,Get Shorty,1995,3.5898497104644775
1254561,10,189,Airplane II: The Sequel,1982,3.5898497104644775
1256816,1,13501,Rocky IV,1985,3.5898497104644775
1256816,2,15575,Royal Wedding,1951,3.5898497104644775
1256816,3,3165,Dirty Rotten Scoundrels,1988,3.5898497104644775
1256816,4,5793,Underworld,2003,3.5898497104644775
1256816,5,17147,She's the One,1996,3.5898497104644775
1256816,6,8846,Election,1999,3.5898497104644775
1256816,7,17152,Next Friday,2000,3.5898497104644775
1256816,8,16969,Donnie Darko,2001,3.5898497104644775
1256816,9,7055,Get Shorty,1995,3.5898497104644775
1256816,10,189,Airplane II: The Sequel,1982,3.5898497104644775
1262485,1,13501,Rocky IV,1985,3.5898497104644775
1262485,2,15575,Royal Wedding,1951,3.5898497104644775
1262485,3,3165,Dirty Rotten Scoundrels,1988,3.5898497104644775
1262485,4,5793,Underworld,2003,3.5898497104644775
1262485,5,17147,She's the One,1996,3.5898497104644775
1262485,6,8846,Election,1999,3.5898497104644775
1262485,7,17152,Next Friday,2000,3.5898497104644775
1262485,8,16969,Donnie Darko,2001,3.5898497104644775
1262485,9,7055,Get Shorty,1995,3.5898497104644775
1262485,10,189,Airplane II: The Sequel,1982,3.5898497104644775
1271564,1,13501,Rocky IV,1985,3.5898497104644775
1271564,2,15575,Royal Wedding,1951,3.5898497104644775
1271564,3,747,Saber Marionette J,1996,3.5898497104644775
1271564,4,7798,Deep Evil,2004,3.5898497104644775
1271564,5,3165,Dirty Rotten Scoundrels,1988,3.5898497104644775
1271564,6,5793,Underworld,2003,3.5898497104644775
1271564,7,17147,She's the One,1996,3.5898497104644775
1271564,8,8846,Election,1999,3.5898497104644775
1271564,9,17152,Next Friday,2000,3.5898497104644775
1271564,10,16969,Donnie Darko,2001,3.5898497104644775
1276884,1,13501,Rocky IV,1985,3.5898497104644775
1276884,2,3165,Dirty Rotten Scoundrels,1988,3.5898497104644775
1276884,3,5793,Underworld,2003,3.5898497104644775
1276884,4,17147,She's the One,1996,3.5898497104644775
1276884,5,8846,Election,1999,3.5898497104644775
1276884,6,17152,Next Friday,2000,3.5898497104644775
1276884,7,16969,Donnie Darko,2001,3.5898497104644775
1276884,8,7055,Get Shorty,1995,3.5898497104644775
1276884,9,189,Airplane II: The Sequel,1982,3.5898497104644775
1276884,10,15582,Sweet Home Alabama,2002,3.5898497104644775
1278721,1,13501,Rocky IV,1985,3.5898497104644775
1278721,2,15575,Royal Wedding,1951,3.5898497104644775
1278721,3,747,Saber Marionette J,1996,3.5898497104644775
1278721,4,7798,Deep Evil,2004,3.5898497104644775
1278721,5,3165,Dirty Rotten Scoundrels,1988,3.5898497104644775
1278721,6,5793,Underworld,2003,3.5898497104644775
1278721,7,17147,She's the One,1996,3.5898497104644775
1278721,8,8846,Election,1999,3.5898497104644775
1278721,9,17152,Next Friday,2000,3.5898497104644775
1278721,10,16969,Donnie Darko,2001,3.5898497104644775
1282543,1,13501,Rocky IV,1985,3.5898497104644775
1282543,2,15575,Royal Wedding,1951,3.5898497104644775
1282543,3,747,Saber Marionette J,1996,3.5898497104644775
1282543,4,7798,Deep Evil,2004,3.5898497104644775
1282543,5,3165,Dirty Rotten Scoundrels,1988,3.5898497104644775
1282543,6,5793,Underworld,2003,3.5898497104644775
1282543,7,17147,She's the One,1996,3.5898497104644775
1282543,8,8846,Election,1999,3.5898497104644775
1282543,9,17152,Next Friday,2000,3.5898497104644775
1282543,10,16969,Donnie Darko,2001,3.5898497104644775
1283516,1,13501,Rocky IV,1985,3.5898497104644775
1283516,2,15575,Royal Wedding,1951,3.5898497104644775
1283516,3,747,Saber Marionette J,1996,3.5898497104644775
1283516,4,7798,Deep Evil,2004,3.5898497104644775
1283516,5,3165,Dirty Rotten Scoundrels,1988,3.5898497104644775
1283516,6,5793,Underworld,2003,3.5898497104644775
1283516,7,17147,She's the One,1996,3.5898497104644775
1283516,8,8846,Election,1999,3.5898497104644775
1283516,9,17152,Next Friday,2000,3.5898497104644775
1283516,10,16969,Donnie Darko,2001,3.5898497104644775
1286388,1,13501,Rocky IV,1985,3.5898497104644775
1286388,2,15575,Royal Wedding,1951,3.5898497104644775
1286388,3,747,Saber Marionette J,1996,3.5898497104644775
1286388,4,7798,Deep Evil,2004,3.5898497104644775
1286388,5,3165,Dirty Rotten Scoundrels,1988,3.5898497104644775
1286388,6,5793,Underworld,2003,3.5898497104644775
1286388,7,17147,She's the One,1996,3.5898497104644775
1286388,8,8846,Election,1999,3.5898497104644775
1286388,9,17152,Next Friday,2000,3.5898497104644775
1286388,10,16969,Donnie Darko,2001,3.5898497104644775
1286411,1,13501,Rocky IV,1985,3.5898497104644775
1286411,2,15575,Royal Wedding,1951,3.5898497104644775
1286411,3,747,Saber Marionette J,1996,3.5898497104644775
1286411,4,7798,Deep Evil,2004,3.5898497104644775
1286411,5,3165,Dirty Rotten Scoundrels,1988,3.5898497104644775
1286411,6,5793,Underworld,2003,3.5898497104644775
1286411,7,17147,She's the One,1996,3.5898497104644775
1286411,8,8846,Election,1999,3.5898497104644775
1286411,9,17152,Next Friday,2000,3.5898497104644775
1286411,10,16969,Donnie Darko,2001,3.5898497104644775
1287074,1,13501,Rocky IV,1985,3.5898497104644775
1287074,2,15575,Royal Wedding,1951,3.5898497104644775
1287074,3,747,Saber Marionette J,1996,3.5898497104644775
1287074,4,3165,Dirty Rotten Scoundrels,1988,3.5898497104644775
1287074,5,5793,Underworld,2003,3.5898497104644775
1287074,6,17147,She's the One,1996,3.5898497104644775
1287074,7,8846,Election,1999,3.5898497104644775
1287074,8,17152,Next Friday,2000,3.5898497104644775
1287074,9,16969,Donnie Darko,2001,3.5898497104644775
1287074,10,7055,Get Shorty,1995,3.5898497104644775
1289621,1,13501,Rocky IV,1985,3.5898497104644775
1289621,2,15575,Royal Wedding,1951,3.5898497104644775
1289621,3,747,Saber Marionette J,1996,3.5898497104644775
1289621,4,7798,Deep Evil,2004,3.5898497104644775
1289621,5,3165,Dirty Rotten Scoundrels,1988,3.5898497104644775
1289621,6,5793,Underworld,2003,3.5898497104644775
1289621,7,17147,She's the One,1996,3.5898497104644775
1289621,8,8846,Election,1999,3.5898497104644775
1289621,9,17152,Next Friday,2000,3.5898497104644775
1289621,10,16969,Donnie Darko,2001,3.5898497104644775
1289710,1,13501,Rocky IV,1985,3.5898497104644775
1289710,2,15575,Royal Wedding,1951,3.5898497104644775
1289710,3,747,Saber Marionette J,1996,3.5898497104644775
1289710,4,3165,Dirty Rotten Scoundrels,1988,3.5898497104644775
1289710,5,5793,Underworld,2003,3.5898497104644775
1289710,6,17147,She's the One,1996,3.5898497104644775
1289710,7,8846,Election,1999,3.5898497104644775
1289710,8,17152,Next Friday,2000,3.5898497104644775
1289710,9,16969,Donnie Darko,2001,3.5898497104644775
1289710,10,7055,Get Shorty,1995,3.5898497104644775
1291828,1,13501,Rocky IV,1985,3.5898497104644775
1291828,2,15575,Royal Wedding,1951,3.5898497104644775
1291828,3,747,Saber Marionette J,1996,3.5898497104644775
1291828,4,7798,Deep Evil,2004,3.5898497104644775
1291828,5,3165,Dirty Rotten Scoundrels,1988,3.5898497104644775
1291828,6,5793,Underworld,2003,3.5898497104644775
1291828,7,17147,She's the One,1996,3.5898497104644775
1291828,8,8846,Election,1999,3.5898497104644775
1291828,9,17152,Next Friday,2000,3.5898497104644775
1291828,10,16969,Donnie Darko,2001,3.5898497104644775
1292794,1,13501,Rocky IV,1985,3.5898497104644775
1292794,2,15575,Royal Wedding,1951,3.5898497104644775
1292794,3,3165,Dirty Rotten Scoundrels,1988,3.5898497104644775
1292794,4,5793,Underworld,2003,3.5898497104644775
1292794,5,17147,She's the One,1996,3.5898497104644775
1292794,6,8846,Election,1999,3.5898497104644775
1292794,7,17152,Next Friday,2000,3.5898497104644775
1292794,8,16969,Donnie Darko,2001,3.5898497104644775
1292794,9,7055,Get Shorty,1995,3.5898497104644775
1292794,10,189,Airplane II: The Sequel,1982,3.5898497104644775
1310661,1,13501,Rocky IV,1985,3.5898497104644775
1310661,2,15575,Royal Wedding,1951,3.5898497104644775
1310661,3,747,Saber Marionette J,1996,3.5898497104644775
1310661,4,7798,Deep Evil,2004,3.5898497104644775
1310661,5,3165,Dirty Rotten Scoundrels,1988,3.5898497104644775
1310661,6,5793,Underworld,2003,3.5898497104644775
1310661,7,17147,She's the One,1996,3.5898497104644775
1310661,8,8846,Election,1999,3.5898497104644775
1310661,9,17152,Next Friday,2000,3.5898497104644775
1310661,10,16969,Donnie Darko,2001,3.5898497104644775
1315844,1,13501,Rocky IV,1985,3.5898497104644775
1315844,2,15575,Royal Wedding,1951,3.5898497104644775
1315844,3,747,Saber Marionette J,1996,3.5898497104644775
1315844,4,7798,Deep Evil,2004,3.5898497104644775
1315844,5,3165,Dirty Rotten Scoundrels,1988,3.5898497104644775
1315844,6,5793,Underworld,2003,3.5898497104644775
1315844,7,17147,She's the One,1996,3.5898497104644775
1315844,8,8846,Election,1999,3.5898497104644775
1315844,9,17152,Next Friday,2000,3.5898497104644775
1315844,10,16969,Donnie Darko,2001,3.5898497104644775
1317773,1,13501,Rocky IV,1985,3.5898497104644775
1317773,2,15575,Royal Wedding,1951,3.5898497104644775
1317773,3,747,Saber Marionette J,1996,3.5898497104644775
1317773,4,7798,Deep Evil,2004,3.5898497104644775
1317773,5,3165,Dirty Rotten Scoundrels,1988,3.5898497104644775
1317773,6,5793,Underworld,2003,3.5898497104644775
1317773,7,17147,She's the One,1996,3.5898497104644775
1317773,8,8846,Election,1999,3.5898497104644775
1317773,9,17152,Next Friday,2000,3.5898497104644775
1317773,10,16969,Donnie Darko,2001,3.5898497104644775
1326168,1,13501,Rocky IV,1985,3.5898497104644775
1326168,2,15575,Royal Wedding,1951,3.5898497104644775
1326168,3,747,Saber Marionette J,1996,3.5898497104644775
1326168,4,7798,Deep Evil,2004,3.5898497104644775
1326168,5,3165,Dirty Rotten Scoundrels,1988,3.5898497104644775
1326168,6,5793,Underworld,2003,3.5898497104644775
1326168,7,17147,She's the One,1996,3.5898497104644775
1326168,8,8846,Election,1999,3.5898497104644775
1326168,9,17152,Next Friday,2000,3.5898497104644775
1326168,10,16969,Donnie Darko,2001,3.5898497104644775
1340959,1,13501,Rocky IV,1985,3.5898497104644775
1340959,2,15575,Royal Wedding,1951,3.5898497104644775
1340959,3,747,Saber Marionette J,1996,3.5898497104644775
1340959,4,7798,Deep Evil,2004,3.5898497104644775
1340959,5,3165,Dirty Rotten Scoundrels,1988,3.5898497104644775
1340959,6,5793,Underworld,2003,3.5898497104644775
1340959,7,17147,She's the One,1996,3.5898497104644775
1340959,8,8846,Election,1999,3.5898497104644775
1340959,9,17152,Next Friday,2000,3.5898497104644775
1340959,10,16969,Donnie Darko,2001,3.5898497104644775
1341082,1,13501,Rocky IV,1985,3.5898497104644775
1341082,2,15575,Royal Wedding,1951,3.5898497104644775
1341082,3,747,Saber Marionette J,1996,3.5898497104644775
1341082,4,7798,Deep Evil,2004,3.5898497104644775
1341082,5,3165,Dirty Rotten Scoundrels,1988,3.5898497104644775
1341082,6,5793,Underworld,2003,3.5898497104644775
1341082,7,17147,She's the One,1996,3.5898497104644775
1341082,8,8846,Election,1999,3.5898497104644775
1341082,9,17152,Next Friday,2000,3.5898497104644775
1341082,10,16969,Donnie Darko,2001,3.5898497104644775
1344033,1,13501,Rocky IV,1985,3.5898497104644775
1344033,2,15575,Royal Wedding,1951,3.5898497104644775
1344033,3,747,Saber Marionette J,1996,3.5898497104644775
1344033,4,7798,Deep Evil,2004,3.5898497104644775
1344033,5,3165,Dirty Rotten Scoundrels,1988,3.5898497104644775
1344033,6,5793,Underworld,2003,3.5898497104644775
1344033,7,17147,She's the One,1996,3.5898497104644775
1344033,8,8846,Election,1999,3.5898497104644775
1344033,9,17152,Next Friday,2000,3.5898497104644775
1344033,10,16969,Donnie Darko,2001,3.5898497104644775
1345397,1,13501,Rocky IV,1985,3.5898497104644775
1345397,2,15575,Royal Wedding,1951,3.5898497104644775
1345397,3,747,Saber Marionette J,1996,3.5898497104644775
1345397,4,3165,Dirty Rotten Scoundrels,1988,3.5898497104644775
1345397,5,5793,Underworld,2003,3.5898497104644775
1345397,6,17147,She's the One,1996,3.5898497104644775
1345397,7,8846,Election,1999,3.5898497104644775
1345397,8,17152,Next Friday,2000,3.5898497104644775
1345397,9,16969,Donnie Darko,2001,3.5898497104644775
1345397,10,7055,Get Shorty,1995,3.5898497104644775
1347648,1,13501,Rocky IV,1985,3.5898497104644775
1347648,2,15575,Royal Wedding,1951,3.5898497104644775
1347648,3,747,Saber Marionette J,1996,3.5898497104644775
1347648,4,7798,Deep Evil,2004,3.5898497104644775
1347648,5,3165,Dirty Rotten Scoundrels,1988,3.5898497104644775
1347648,6,5793,Underworld,2003,3.5898497104644775
1347648,7,17147,She's the One,1996,3.5898497104644775
1347648,8,8846,Election,1999,3.5898497104644775
1347648,9,17152,Next Friday,2000,3.5898497104644775
1347648,10,16969,Donnie Darko,2001,3.5898497104644775
1368024,1,13501,Rocky IV,1985,3.5898497104644775
1368024,2,15575,Royal Wedding,1951,3.5898497104644775
1368024,3,747,Saber Marionette J,1996,3.5898497104644775
1368024,4,3165,Dirty Rotten Scoundrels,1988,3.5898497104644775
1368024,5,5793,Underworld,2003,3.5898497104644775
1368024,6,17147,She's the One,1996,3.5898497104644775
1368024,7,8846,Election,1999,3.5898497104644775
1368024,8,17152,Next Friday,2000,3.5898497104644775
1368024,9,16969,Donnie Darko,2001,3.5898497104644775
1368024,10,7055,Get Shorty,1995,3.5898497104644775
1377928,1,13501,Rocky IV,1985,3.5898497104644775
1377928,2,15575,Royal Wedding,1951,3.5898497104644775
1377928,3,747,Saber Marionette J,1996,3.5898497104644775
1377928,4,7798,Deep Evil,2004,3.5898497104644775
1377928,5,3165,Dirty Rotten Scoundrels,1988,3.5898497104644775
1377928,6,5793,Underworld,2003,3.5898497104644775
1377928,7,17147,She's the One,1996,3.5898497104644775
1377928,8,8846,Election,1999,3.5898497104644775
1377928,9,17152,Next Friday,2000,3.5898497104644775
1377928,10,16969,Donnie Darko,2001,3.5898497104644775
1380554,1,13501,Rocky IV,1985,3.5898497104644775
1380554,2,15575,Royal Wedding,1951,3.5898497104644775
1380554,3,747,Saber Marionette J,1996,3.5898497104644775
1380554,4,7798,Deep Evil,2004,3.5898497104644775
1380554,5,3165,Dirty Rotten Scoundrels,1988,3.5898497104644775
1380554,6,5793,Underworld,2003,3.5898497104644775
1380554,7,17147,She's the One,1996,3.5898497104644775
1380554,8,8846,Election,1999,3.5898497104644775
1380554,9,17152,Next Friday,2000,3.5898497104644775
1380554,10,16969,Donnie Darko,2001,3.5898497104644775
1395967,1,13501,Rocky IV,1985,3.5898497104644775
1395967,2,15575,Royal Wedding,1951,3.5898497104644775
1395967,3,747,Saber Marionette J,1996,3.5898497104644775
1395967,4,3165,Dirty Rotten Scoundrels,1988,3.5898497104644775
1395967,5,5793,Underworld,2003,3.5898497104644775
1395967,6,17147,She's the One,1996,3.5898497104644775
1395967,7,8846,Election,1999,3.5898497104644775
1395967,8,17152,Next Friday,2000,3.5898497104644775
1395967,9,16969,Donnie Darko,2001,3.5898497104644775
1395967,10,7055,Get Shorty,1995,3.5898497104644775
1397552,1,13501,Rocky IV,1985,3.5898497104644775
1397552,2,15575,Royal Wedding,1951,3.5898497104644775
1397552,3,747,Saber Marionette J,1996,3.5898497104644775
1397552,4,7798,Deep Evil,2004,3.5898497104644775
1397552,5,3165,Dirty Rotten Scoundrels,1988,3.5898497104644775
1397552,6,5793,Underworld,2003,3.5898497104644775
1397552,7,17147,She's the One,1996,3.5898497104644775
1397552,8,8846,Election,1999,3.5898497104644775
1397552,9,17152,Next Friday,2000,3.5898497104644775
1397552,10,16969,Donnie Darko,2001,3.5898497104644775
1406329,1,13501,Rocky IV,1985,3.5898497104644775
1406329,2,15575,Royal Wedding,1951,3.5898497104644775
1406329,3,747,Saber Marionette J,1996,3.5898497104644775
1406329,4,7798,Deep Evil,2004,3.5898497104644775
1406329,5,3165,Dirty Rotten Scoundrels,1988,3.5898497104644775
1406329,6,5793,Underworld,2003,3.5898497104644775
1406329,7,17147,She's the One,1996,3.5898497104644775
1406329,8,8846,Election,1999,3.5898497104644775
1406329,9,17152,Next Friday,2000,3.5898497104644775
1406329,10,16969,Donnie Darko,2001,3.5898497104644775
1420005,1,13501,Rocky IV,1985,3.5898497104644775
1420005,2,15575,Royal Wedding,1951,3.5898497104644775
1420005,3,747,Saber Marionette J,1996,3.5898497104644775
1420005,4,7798,Deep Evil,2004,3.5898497104644775
1420005,5,3165,Dirty Rotten Scoundrels,1988,3.5898497104644775
1420005,6,5793,Underworld,2003,3.5898497104644775
1420005,7,17147,She's the One,1996,3.5898497104644775
1420005,8,8846,Election,1999,3.5898497104644775
1420005,9,17152,Next Friday,2000,3.5898497104644775
1420005,10,16969,Donnie Darko,2001,3.5898497104644775
1427890,1,13501,Rocky IV,1985,3.5898497104644775
1427890,2,15575,Royal Wedding,1951,3.5898497104644775
1427890,3,747,Saber Marionette J,1996,3.5898497104644775
1427890,4,7798,Deep Evil,2004,3.5898497104644775
1427890,5,3165,Dirty Rotten Scoundrels,1988,3.5898497104644775
1427890,6,5793,Underworld,2003,3.5898497104644775
1427890,7,17147,She's the One,1996,3.5898497104644775
1427890,8,8846,Election,1999,3.5898497104644775
1427890,9,17152,Next Friday,2000,3.5898497104644775
1427890,10,16969,Donnie Darko,2001,3.5898497104644775
1428123,1,13501,Rocky IV,1985,3.5898497104644775
1428123,2,15575,Royal Wedding,1951,3.5898497104644775
1428123,3,747,Saber Marionette J,1996,3.5898497104644775
1428123,4,7798,Deep Evil,2004,3.5898497104644775
1428123,5,3165,Dirty Rotten Scoundrels,1988,3.5898497104644775
1428123,6,5793,Underworld,2003,3.5898497104644775
1428123,7,17147,She's the One,1996,3.5898497104644775
1428123,8,8846,Election,1999,3.5898497104644775
1428123,9,17152,Next Friday,2000,3.5898497104644775
1428123,10,16969,Donnie Darko,2001,3.5898497104644775
1428535,1,13501,Rocky IV,1985,3.5898497104644775
1428535,2,15575,Royal Wedding,1951,3.5898497104644775
1428535,3,747,Saber Marionette J,1996,3.5898497104644775
1428535,4,7798,Deep Evil,2004,3.5898497104644775
1428535,5,3165,Dirty Rotten Scoundrels,1988,3.5898497104644775
1428535,6,5793,Underworld,2003,3.5898497104644775
1428535,7,17147,She's the One,1996,3.5898497104644775
1428535,8,8846,Election,1999,3.5898497104644775
1428535,9,17152,Next Friday,2000,3.5898497104644775
1428535,10,16969,Donnie Darko,2001,3.5898497104644775
1441464,1,13501,Rocky IV,1985,3.5898497104644775
1441464,2,15575,Royal Wedding,1951,3.5898497104644775
1441464,3,747,Saber Marionette J,1996,3.5898497104644775
1441464,4,7798,Deep Evil,2004,3.5898497104644775
1441464,5,3165,Dirty Rotten Scoundrels,1988,3.5898497104644775
1441464,6,5793,Underworld,2003,3.5898497104644775
1441464,7,17147,She's the One,1996,3.5898497104644775
1441464,8,8846,Election,1999,3.5898497104644775
1441464,9,17152,Next Friday,2000,3.5898497104644775
1441464,10,16969,Donnie Darko,2001,3.5898497104644775
1445262,1,13501,Rocky IV,1985,3.5898497104644775
1445262,2,15575,Royal Wedding,1951,3.5898497104644775
1445262,3,747,Saber Marionette J,1996,3.5898497104644775
1445262,4,7798,Deep Evil,2004,3.5898497104644775
1445262,5,3165,Dirty Rotten Scoundrels,1988,3.5898497104644775
1445262,6,5793,Underworld,2003,3.5898497104644775
1445262,7,17147,She's the One,1996,3.5898497104644775
1445262,8,8846,Election,1999,3.5898497104644775
1445262,9,17152,Next Friday,2000,3.5898497104644775
1445262,10,16969,Donnie Darko,2001,3.5898497104644775
1446909,1,13501,Rocky IV,1985,3.5898497104644775
1446909,2,15575,Royal Wedding,1951,3.5898497104644775
1446909,3,3165,Dirty Rotten Scoundrels,1988,3.5898497104644775
1446909,4,5793,Underworld,2003,3.5898497104644775
1446909,5,17147,She's the One,1996,3.5898497104644775
1446909,6,8846,Election,1999,3.5898497104644775
1446909,7,17152,Next Friday,2000,3.5898497104644775
1446909,8,16969,Donnie Darko,2001,3.5898497104644775
1446909,9,7055,Get Shorty,1995,3.5898497104644775
1446909,10,189,Airplane II: The Sequel,1982,3.5898497104644775
1448154,1,13501,Rocky IV,1985,3.5898497104644775
1448154,2,15575,Royal Wedding,1951,3.5898497104644775
1448154,3,747,Saber Marionette J,1996,3.5898497104644775
1448154,4,7798,Deep Evil,2004,3.5898497104644775
1448154,5,3165,Dirty Rotten Scoundrels,1988,3.5898497104644775
1448154,6,5793,Underworld,2003,3.5898497104644775
1448154,7,17147,She's the One,1996,3.5898497104644775
1448154,8,8846,Election,1999,3.5898497104644775
1448154,9,17152,Next Friday,2000,3.5898497104644775
1448154,10,16969,Donnie Darko,2001,3.5898497104644775
1456472,1,13501,Rocky IV,1985,3.5898497104644775
1456472,2,15575,Royal Wedding,1951,3.5898497104644775
1456472,3,747,Saber Marionette J,1996,3.5898497104644775
1456472,4,7798,Deep Evil,2004,3.5898497104644775
1456472,5,3165,Dirty Rotten Scoundrels,1988,3.5898497104644775
1456472,6,5793,Underworld,2003,3.5898497104644775
1456472,7,17147,She's the One,1996,3.5898497104644775
1456472,8,8846,Election,1999,3.5898497104644775
1456472,9,17152,Next Friday,2000,3.5898497104644775
1456472,10,16969,Donnie Darko,2001,3.5898497104644775
1468789,1,13501,Rocky IV,1985,3.5898497104644775
1468789,2,15575,Royal Wedding,1951,3.5898497104644775
1468789,3,747,Saber Marionette J,1996,3.5898497104644775
1468789,4,7798,Deep Evil,2004,3.5898497104644775
1468789,5,3165,Dirty Rotten Scoundrels,1988,3.5898497104644775
1468789,6,5793,Underworld,2003,3.5898497104644775
1468789,7,17147,She's the One,1996,3.5898497104644775
1468789,8,8846,Election,1999,3.5898497104644775
1468789,9,17152,Next Friday,2000,3.5898497104644775
1468789,10,16969,Donnie Darko,2001,3.5898497104644775
1469191,1,13501,Rocky IV,1985,3.5898497104644775
1469191,2,15575,Royal Wedding,1951,3.5898497104644775
1469191,3,747,Saber Marionette J,1996,3.5898497104644775
1469191,4,7798,Deep Evil,2004,3.5898497104644775
1469191,5,3165,Dirty Rotten Scoundrels,1988,3.5898497104644775
1469191,6,5793,Underworld,2003,3.5898497104644775
1469191,7,17147,She's the One,1996,3.5898497104644775
1469191,8,8846,Election,1999,3.5898497104644775
1469191,9,17152,Next Friday,2000,3.5898497104644775
1469191,10,16969,Donnie Darko,2001,3.5898497104644775
1472946,1,13501,Rocky IV,1985,3.5898497104644775
1472946,2,15575,Royal Wedding,1951,3.5898497104644775
1472946,3,747,Saber Marionette J,1996,3.5898497104644775
1472946,4,7798,Deep Evil,2004,3.5898497104644775
1472946,5,3165,Dirty Rotten Scoundrels,1988,3.5898497104644775
1472946,6,5793,Underworld,2003,3.5898497104644775
1472946,7,17147,She's the One,1996,3.5898497104644775
1472946,8,8846,Election,1999,3.5898497104644775
1472946,9,17152,Next Friday,2000,3.5898497104644775
1472946,10,16969,Donnie Darko,2001,3.5898497104644775
1476054,1,13501,Rocky IV,1985,3.5898497104644775
1476054,2,3165,Dirty Rotten Scoundrels,1988,3.5898497104644775
1476054,3,5793,Underworld,2003,3.5898497104644775
1476054,4,17147,She's the One,1996,3.5898497104644775
1476054,5,8846,Election,1999,3.5898497104644775
1476054,6,17152,Next Friday,2000,3.5898497104644775
1476054,7,16969,Donnie Darko,2001,3.5898497104644775
1476054,8,7055,Get Shorty,1995,3.5898497104644775
1476054,9,189,Airplane II: The Sequel,1982,3.5898497104644775
1476054,10,15582,Sweet Home Alabama,2002,3.5898497104644775
1481266,1,13501,Rocky IV,1985,3.5898497104644775
1481266,2,15575,Royal Wedding,1951,3.5898497104644775
1481266,3,747,Saber Marionette J,1996,3.5898497104644775
1481266,4,7798,Deep Evil,2004,3.5898497104644775
1481266,5,3165,Dirty Rotten Scoundrels,1988,3.5898497104644775
1481266,6,5793,Underworld,2003,3.5898497104644775
1481266,7,17147,She's the One,1996,3.5898497104644775
1481266,8,8846,Election,1999,3.5898497104644775
1481266,9,17152,Next Friday,2000,3.5898497104644775
1481266,10,16969,Donnie Darko,2001,3.5898497104644775
1482103,1,13501,Rocky IV,1985,3.5898497104644775
1482103,2,15575,Royal Wedding,1951,3.5898497104644775
1482103,3,747,Saber Marionette J,1996,3.5898497104644775
1482103,4,7798,Deep Evil,2004,3.5898497104644775
1482103,5,3165,Dirty Rotten Scoundrels,1988,3.5898497104644775
1482103,6,5793,Underworld,2003,3.5898497104644775
1482103,7,17147,She's the One,1996,3.5898497104644775
1482103,8,8846,Election,1999,3.5898497104644775
1482103,9,17152,Next Friday,2000,3.5898497104644775
1482103,10,16969,Donnie Darko,2001,3.5898497104644775
1482486,1,13501,Rocky IV,1985,3.5898497104644775
1482486,2,15575,Royal Wedding,1951,3.5898497104644775
1482486,3,747,Saber Marionette J,1996,3.5898497104644775
1482486,4,7798,Deep Evil,2004,3.5898497104644775
1482486,5,3165,Dirty Rotten Scoundrels,1988,3.5898497104644775
1482486,6,5793,Underworld,2003,3.5898497104644775
1482486,7,17147,She's the One,1996,3.5898497104644775
1482486,8,8846,Election,1999,3.5898497104644775
1482486,9,17152,Next Friday,2000,3.5898497104644775
1482486,10,16969,Donnie Darko,2001,3.5898497104644775
1483921,1,13501,Rocky IV,1985,3.5898497104644775
1483921,2,15575,Royal Wedding,1951,3.5898497104644775
1483921,3,747,Saber Marionette J,1996,3.5898497104644775
1483921,4,7798,Deep Evil,2004,3.5898497104644775
1483921,5,3165,Dirty Rotten Scoundrels,1988,3.5898497104644775
1483921,6,5793,Underworld,2003,3.5898497104644775
1483921,7,17147,She's the One,1996,3.5898497104644775
1483921,8,8846,Election,1999,3.5898497104644775
1483921,9,17152,Next Friday,2000,3.5898497104644775
1483921,10,16969,Donnie Darko,2001,3.5898497104644775
1497422,1,13501,Rocky IV,1985,3.5898497104644775
1497422,2,15575,Royal Wedding,1951,3.5898497104644775
1497422,3,747,Saber Marionette J,1996,3.5898497104644775
1497422,4,7798,Deep Evil,2004,3.5898497104644775
1497422,5,3165,Dirty Rotten Scoundrels,1988,3.5898497104644775
1497422,6,5793,Underworld,2003,3.5898497104644775
1497422,7,17147,She's the One,1996,3.5898497104644775
1497422,8,8846,Election,1999,3.5898497104644775
1497422,9,17152,Next Friday,2000,3.5898497104644775
1497422,10,16969,Donnie Darko,2001,3.5898497104644775
1498974,1,13501,Rocky IV,1985,3.5898497104644775
1498974,2,15575,Royal Wedding,1951,3.5898497104644775
1498974,3,747,Saber Marionette J,1996,3.5898497104644775
1498974,4,7798,Deep Evil,2004,3.5898497104644775
1498974,5,3165,Dirty Rotten Scoundrels,1988,3.5898497104644775
1498974,6,5793,Underworld,2003,3.5898497104644775
1498974,7,17147,She's the One,1996,3.5898497104644775
1498974,8,8846,Election,1999,3.5898497104644775
1498974,9,17152,Next Friday,2000,3.5898497104644775
1498974,10,16969,Donnie Darko,2001,3.5898497104644775
1508757,1,13501,Rocky IV,1985,3.5898497104644775
1508757,2,15575,Royal Wedding,1951,3.5898497104644775
1508757,3,747,Saber Marionette J,1996,3.5898497104644775
1508757,4,7798,Deep Evil,2004,3.5898497104644775
1508757,5,3165,Dirty Rotten Scoundrels,1988,3.5898497104644775
1508757,6,5793,Underworld,2003,3.5898497104644775
1508757,7,17147,She's the One,1996,3.5898497104644775
1508757,8,8846,Election,1999,3.5898497104644775
1508757,9,17152,Next Friday,2000,3.5898497104644775
1508757,10,16969,Donnie Darko,2001,3.5898497104644775
1514894,1,13501,Rocky IV,1985,3.5898497104644775
1514894,2,15575,Royal Wedding,1951,3.5898497104644775
1514894,3,747,Saber Marionette J,1996,3.5898497104644775
1514894,4,7798,Deep Evil,2004,3.5898497104644775
1514894,5,3165,Dirty Rotten Scoundrels,1988,3.5898497104644775
1514894,6,5793,Underworld,2003,3.5898497104644775
1514894,7,17147,She's the One,1996,3.5898497104644775
1514894,8,8846,Election,1999,3.5898497104644775
1514894,9,17152,Next Friday,2000,3.5898497104644775
1514894,10,16969,Donnie Darko,2001,3.5898497104644775
1516380,1,13501,Rocky IV,1985,3.5898497104644775
1516380,2,15575,Royal Wedding,1951,3.5898497104644775
1516380,3,747,Saber Marionette J,1996,3.5898497104644775
1516380,4,3165,Dirty Rotten Scoundrels,1988,3.5898497104644775
1516380,5,5793,Underworld,2003,3.5898497104644775
1516380,6,17147,She's the One,1996,3.5898497104644775
1516380,7,8846,Election,1999,3.5898497104644775
1516380,8,17152,Next Friday,2000,3.5898497104644775
1516380,9,16969,Donnie Darko,2001,3.5898497104644775
1516380,10,7055,Get Shorty,1995,3.5898497104644775
1517800,1,13501,Rocky IV,1985,3.5898497104644775
1517800,2,15575,Royal Wedding,1951,3.5898497104644775
1517800,3,747,Saber Marionette J,1996,3.5898497104644775
1517800,4,7798,Deep Evil,2004,3.5898497104644775
1517800,5,3165,Dirty Rotten Scoundrels,1988,3.5898497104644775
1517800,6,5793,Underworld,2003,3.5898497104644775
1517800,7,17147,She's the One,1996,3.5898497104644775
1517800,8,8846,Election,1999,3.5898497104644775
1517800,9,17152,Next Friday,2000,3.5898497104644775
1517800,10,16969,Donnie Darko,2001,3.5898497104644775
1526068,1,13501,Rocky IV,1985,3.5898497104644775
1526068,2,15575,Royal Wedding,1951,3.5898497104644775
1526068,3,747,Saber Marionette J,1996,3.5898497104644775
1526068,4,7798,Deep Evil,2004,3.5898497104644775
1526068,5,3165,Dirty Rotten Scoundrels,1988,3.5898497104644775
1526068,6,5793,Underworld,2003,3.5898497104644775
1526068,7,17147,She's the One,1996,3.5898497104644775
1526068,8,8846,Election,1999,3.5898497104644775
1526068,9,17152,Next Friday,2000,3.5898497104644775
1526068,10,16969,Donnie Darko,2001,3.5898497104644775
1533550,1,13501,Rocky IV,1985,3.5898497104644775
1533550,2,15575,Royal Wedding,1951,3.5898497104644775
1533550,3,747,Saber Marionette J,1996,3.5898497104644775
1533550,4,7798,Deep Evil,2004,3.5898497104644775
1533550,5,3165,Dirty Rotten Scoundrels,1988,3.5898497104644775
1533550,6,5793,Underworld,2003,3.5898497104644775
1533550,7,17147,She's the One,1996,3.5898497104644775
1533550,8,8846,Election,1999,3.5898497104644775
1533550,9,17152,Next Friday,2000,3.5898497104644775
1533550,10,16969,Donnie Darko,2001,3.5898497104644775
1542948,1,13501,Rocky IV,1985,3.5898497104644775
1542948,2,15575,Royal Wedding,1951,3.5898497104644775
1542948,3,747,Saber Marionette J,1996,3.5898497104644775
1542948,4,7798,Deep Evil,2004,3.5898497104644775
1542948,5,3165,Dirty Rotten Scoundrels,1988,3.5898497104644775
1542948,6,5793,Underworld,2003,3.5898497104644775
1542948,7,17147,She's the One,1996,3.5898497104644775
1542948,8,8846,Election,1999,3.5898497104644775
1542948,9,17152,Next Friday,2000,3.5898497104644775
1542948,10,16969,Donnie Darko,2001,3.5898497104644775
1549954,1,13501,Rocky IV,1985,3.5898497104644775
1549954,2,15575,Royal Wedding,1951,3.5898497104644775
1549954,3,3165,Dirty Rotten Scoundrels,1988,3.5898497104644775
1549954,4,5793,Underworld,2003,3.5898497104644775
1549954,5,17147,She's the One,1996,3.5898497104644775
1549954,6,8846,Election,1999,3.5898497104644775
1549954,7,17152,Next Friday,2000,3.5898497104644775
1549954,8,16969,Donnie Darko,2001,3.5898497104644775
1549954,9,7055,Get Shorty,1995,3.5898497104644775
1549954,10,189,Airplane II: The Sequel,1982,3.5898497104644775
1551367,1,13501,Rocky IV,1985,3.5898497104644775
1551367,2,15575,Royal Wedding,1951,3.5898497104644775
1551367,3,747,Saber Marionette J,1996,3.5898497104644775
1551367,4,3165,Dirty Rotten Scoundrels,1988,3.5898497104644775
1551367,5,5793,Underworld,2003,3.5898497104644775
1551367,6,17147,She's the One,1996,3.5898497104644775
1551367,7,8846,Election,1999,3.5898497104644775
1551367,8,17152,Next Friday,2000,3.5898497104644775
1551367,9,16969,Donnie Darko,2001,3.5898497104644775
1551367,10,7055,Get Shorty,1995,3.5898497104644775
1558919,1,13501,Rocky IV,1985,3.5898497104644775
1558919,2,15575,Royal Wedding,1951,3.5898497104644775
1558919,3,747,Saber Marionette J,1996,3.5898497104644775
1558919,4,7798,Deep Evil,2004,3.5898497104644775
1558919,5,3165,Dirty Rotten Scoundrels,1988,3.5898497104644775
1558919,6,5793,Underworld,2003,3.5898497104644775
1558919,7,17147,She's the One,1996,3.5898497104644775
1558919,8,8846,Election,1999,3.5898497104644775
1558919,9,17152,Next Friday,2000,3.5898497104644775
1558919,10,16969,Donnie Darko,2001,3.5898497104644775
1563695,1,13501,Rocky IV,1985,3.5898497104644775
1563695,2,15575,Royal Wedding,1951,3.5898497104644775
1563695,3,747,Saber Marionette J,1996,3.5898497104644775
1563695,4,7798,Deep Evil,2004,3.5898497104644775
1563695,5,3165,Dirty Rotten Scoundrels,1988,3.5898497104644775
1563695,6,5793,Underworld,2003,3.5898497104644775
1563695,7,17147,She's the One,1996,3.5898497104644775
1563695,8,8846,Election,1999,3.5898497104644775
1563695,9,17152,Next Friday,2000,3.5898497104644775
1563695,10,16969,Donnie Darko,2001,3.5898497104644775
1564271,1,13501,Rocky IV,1985,3.5898497104644775
1564271,2,15575,Royal Wedding,1951,3.5898497104644775
1564271,3,747,Saber Marionette J,1996,3.5898497104644775
1564271,4,3165,Dirty Rotten Scoundrels,1988,3.5898497104644775
1564271,5,5793,Underworld,2003,3.5898497104644775
1564271,6,17147,She's the One,1996,3.5898497104644775
1564271,7,8846,Election,1999,3.5898497104644775
1564271,8,17152,Next Friday,2000,3.5898497104644775
1564271,9,16969,Donnie Darko,2001,3.5898497104644775
1564271,10,7055,Get Shorty,1995,3.5898497104644775
1567506,1,13501,Rocky IV,1985,3.5898497104644775
1567506,2,15575,Royal Wedding,1951,3.5898497104644775
1567506,3,747,Saber Marionette J,1996,3.5898497104644775
1567506,4,7798,Deep Evil,2004,3.5898497104644775
1567506,5,3165,Dirty Rotten Scoundrels,1988,3.5898497104644775
1567506,6,5793,Underworld,2003,3.5898497104644775
1567506,7,17147,She's the One,1996,3.5898497104644775
1567506,8,8846,Election,1999,3.5898497104644775
1567506,9,17152,Next Friday,2000,3.5898497104644775
1567506,10,16969,Donnie Darko,2001,3.5898497104644775
1574990,1,13501,Rocky IV,1985,3.5898497104644775
1574990,2,15575,Royal Wedding,1951,3.5898497104644775
1574990,3,747,Saber Marionette J,1996,3.5898497104644775
1574990,4,7798,Deep Evil,2004,3.5898497104644775
1574990,5,3165,Dirty Rotten Scoundrels,1988,3.5898497104644775
1574990,6,5793,Underworld,2003,3.5898497104644775
1574990,7,17147,She's the One,1996,3.5898497104644775
1574990,8,8846,Election,1999,3.5898497104644775
1574990,9,17152,Next Friday,2000,3.5898497104644775
1574990,10,16969,Donnie Darko,2001,3.5898497104644775
1585617,1,13501,Rocky IV,1985,3.5898497104644775
1585617,2,15575,Royal Wedding,1951,3.5898497104644775
1585617,3,747,Saber Marionette J,1996,3.5898497104644775
1585617,4,3165,Dirty Rotten Scoundrels,1988,3.5898497104644775
1585617,5,5793,Underworld,2003,3.5898497104644775
1585617,6,17147,She's the One,1996,3.5898497104644775
1585617,7,8846,Election,1999,3.5898497104644775
1585617,8,17152,Next Friday,2000,3.5898497104644775
1585617,9,16969,Donnie Darko,2001,3.5898497104644775
1585617,10,7055,Get Shorty,1995,3.5898497104644775
1590024,1,13501,Rocky IV,1985,3.5898497104644775
1590024,2,15575,Royal Wedding,1951,3.5898497104644775
1590024,3,747,Saber Marionette J,1996,3.5898497104644775
1590024,4,3165,Dirty Rotten Scoundrels,1988,3.5898497104644775
1590024,5,5793,Underworld,2003,3.5898497104644775
1590024,6,17147,She's the One,1996,3.5898497104644775
1590024,7,8846,Election,1999,3.5898497104644775
1590024,8,17152,Next Friday,2000,3.5898497104644775
1590024,9,16969,Donnie Darko,2001,3.5898497104644775
1590024,10,7055,Get Shorty,1995,3.5898497104644775
1592790,1,13501,Rocky IV,1985,3.5898497104644775
1592790,2,15575,Royal Wedding,1951,3.5898497104644775
1592790,3,747,Saber Marionette J,1996,3.5898497104644775
1592790,4,7798,Deep Evil,2004,3.5898497104644775
1592790,5,3165,Dirty Rotten Scoundrels,1988,3.5898497104644775
1592790,6,5793,Underworld,2003,3.5898497104644775
1592790,7,17147,She's the One,1996,3.5898497104644775
1592790,8,8846,Election,1999,3.5898497104644775
1592790,9,17152,Next Friday,2000,3.5898497104644775
1592790,10,16969,Donnie Darko,2001,3.5898497104644775
1592816,1,13501,Rocky IV,1985,3.5898497104644775
1592816,2,15575,Royal Wedding,1951,3.5898497104644775
1592816,3,747,Saber Marionette J,1996,3.5898497104644775
1592816,4,7798,Deep Evil,2004,3.5898497104644775
1592816,5,11681,Focus,2001,3.5898497104644775
1592816,6,2134,Jesus and His Times,2000,3.5898497104644775
1592816,7,1713,Patlabor: The Mobile Police: Original Series,1988,3.5898497104644775
1592816,8,11108,National Geographic: Inside the U.S. Secret Service,2004,3.5898497104644775
1592816,9,10387,One Million Years B.C.,1967,3.5898497104644775
1592816,10,11023,Bubblegum Crisis,1998,3.5898497104644775
1592958,1,3165,Dirty Rotten Scoundrels,1988,3.5898497104644775
1592958,2,5793,Underworld,2003,3.5898497104644775
1592958,3,17147,She's the One,1996,3.5898497104644775
1592958,4,8846,Election,1999,3.5898497104644775
1592958,5,17152,Next Friday,2000,3.5898497104644775
1592958,6,16969,Donnie Darko,2001,3.5898497104644775
1592958,7,7055,Get Shorty,1995,3.5898497104644775
1592958,8,189,Airplane II: The Sequel,1982,3.5898497104644775
1592958,9,15582,Sweet Home Alabama,2002,3.5898497104644775
1592958,10,8636,Lara Croft: Tomb Raider: The Cradle of Life,2003,3.5898497104644775
1602153,1,13501,Rocky IV,1985,3.5898497104644775
1602153,2,15575,Royal Wedding,1951,3.5898497104644775
1602153,3,747,Saber Marionette J,1996,3.5898497104644775
1602153,4,7798,Deep Evil,2004,3.5898497104644775
1602153,5,11681,Focus,2001,3.5898497104644775
1602153,6,2134,Jesus and His Times,2000,3.5898497104644775
1602153,7,1713,Patlabor: The Mobile Police: Original Series,1988,3.5898497104644775
1602153,8,11108,National Geographic: Inside the U.S. Secret Service,2004,3.5898497104644775
1602153,9,10387,One Million Years B.C.,1967,3.5898497104644775
1602153,10,11023,Bubblegum Crisis,1998,3.5898497104644775
1602155,1,13501,Rocky IV,1985,3.5898497104644775
1602155,2,15575,Royal Wedding,1951,3.5898497104644775
1602155,3,747,Saber Marionette J,1996,3.5898497104644775
1602155,4,7798,Deep Evil,2004,3.5898497104644775
1602155,5,3165,Dirty Rotten Scoundrels,1988,3.5898497104644775
1602155,6,5793,Underworld,2003,3.5898497104644775
1602155,7,17147,She's the One,1996,3.5898497104644775
1602155,8,8846,Election,1999,3.5898497104644775
1602155,9,17152,Next Friday,2000,3.5898497104644775
1602155,10,16969,Donnie Darko,2001,3.5898497104644775
1608134,1,13501,Rocky IV,1985,3.5898497104644775
1608134,2,15575,Royal Wedding,1951,3.5898497104644775
1608134,3,747,Saber Marionette J,1996,3.5898497104644775
1608134,4,3165,Dirty Rotten Scoundrels,1988,3.5898497104644775
1608134,5,5793,Underworld,2003,3.5898497104644775
1608134,6,17147,She's the One,1996,3.5898497104644775
1608134,7,8846,Election,1999,3.5898497104644775
1608134,8,17152,Next Friday,2000,3.5898497104644775
1608134,9,16969,Donnie Darko,2001,3.5898497104644775
1608134,10,7055,Get Shorty,1995,3.5898497104644775
1609949,1,13501,Rocky IV,1985,3.5898497104644775
1609949,2,15575,Royal Wedding,1951,3.5898497104644775
1609949,3,747,Saber Marionette J,1996,3.5898497104644775
1609949,4,7798,Deep Evil,2004,3.5898497104644775
1609949,5,3165,Dirty Rotten Scoundrels,1988,3.5898497104644775
1609949,6,5793,Underworld,2003,3.5898497104644775
1609949,7,17147,She's the One,1996,3.5898497104644775
1609949,8,8846,Election,1999,3.5898497104644775
1609949,9,17152,Next Friday,2000,3.5898497104644775
1609949,10,16969,Donnie Darko,2001,3.5898497104644775
1613705,1,13501,Rocky IV,1985,3.5898497104644775
1613705,2,15575,Royal Wedding,1951,3.5898497104644775
1613705,3,747,Saber Marionette J,1996,3.5898497104644775
1613705,4,7798,Deep Evil,2004,3.5898497104644775
1613705,5,3165,Dirty Rotten Scoundrels,1988,3.5898497104644775
1613705,6,5793,Underworld,2003,3.5898497104644775
1613705,7,17147,She's the One,1996,3.5898497104644775
1613705,8,8846,Election,1999,3.5898497104644775
1613705,9,17152,Next Friday,2000,3.5898497104644775
1613705,10,16969,Donnie Darko,2001,3.5898497104644775
1623403,1,13501,Rocky IV,1985,3.5898497104644775
1623403,2,15575,Royal Wedding,1951,3.5898497104644775
1623403,3,747,Saber Marionette J,1996,3.5898497104644775
1623403,4,7798,Deep Evil,2004,3.5898497104644775
1623403,5,3165,Dirty Rotten Scoundrels,1988,3.5898497104644775
1623403,6,5793,Underworld,2003,3.5898497104644775
1623403,7,17147,She's the One,1996,3.5898497104644775
1623403,8,8846,Election,1999,3.5898497104644775
1623403,9,17152,Next Friday,2000,3.5898497104644775
1623403,10,16969,Donnie Darko,2001,3.5898497104644775
1623952,1,13501,Rocky IV,1985,3.5898497104644775
1623952,2,15575,Royal Wedding,1951,3.5898497104644775
1623952,3,747,Saber Marionette J,1996,3.5898497104644775
1623952,4,7798,Deep Evil,2004,3.5898497104644775
1623952,5,3165,Dirty Rotten Scoundrels,1988,3.5898497104644775
1623952,6,5793,Underworld,2003,3.5898497104644775
1623952,7,17147,She's the One,1996,3.5898497104644775
1623952,8,8846,Election,1999,3.5898497104644775
1623952,9,17152,Next Friday,2000,3.5898497104644775
1623952,10,16969,Donnie Darko,2001,3.5898497104644775
1645312,1,13501,Rocky IV,1985,3.5898497104644775
1645312,2,15575,Royal Wedding,1951,3.5898497104644775
1645312,3,747,Saber Marionette J,1996,3.5898497104644775
1645312,4,7798,Deep Evil,2004,3.5898497104644775
1645312,5,3165,Dirty Rotten Scoundrels,1988,3.5898497104644775
1645312,6,5793,Underworld,2003,3.5898497104644775
1645312,7,17147,She's the One,1996,3.5898497104644775
1645312,8,8846,Election,1999,3.5898497104644775
1645312,9,17152,Next Friday,2000,3.5898497104644775
1645312,10,16969,Donnie Darko,2001,3.5898497104644775
1646693,1,13501,Rocky IV,1985,3.5898497104644775
1646693,2,15575,Royal Wedding,1951,3.5898497104644775
1646693,3,747,Saber Marionette J,1996,3.5898497104644775
1646693,4,3165,Dirty Rotten Scoundrels,1988,3.5898497104644775
1646693,5,5793,Underworld,2003,3.5898497104644775
1646693,6,17147,She's the One,1996,3.5898497104644775
1646693,7,8846,Election,1999,3.5898497104644775
1646693,8,17152,Next Friday,2000,3.5898497104644775
1646693,9,16969,Donnie Darko,2001,3.5898497104644775
1646693,10,7055,Get Shorty,1995,3.5898497104644775
1647724,1,13501,Rocky IV,1985,3.5898497104644775
1647724,2,15575,Royal Wedding,1951,3.5898497104644775
1647724,3,747,Saber Marionette J,1996,3.5898497104644775
1647724,4,7798,Deep Evil,2004,3.5898497104644775
1647724,5,3165,Dirty Rotten Scoundrels,1988,3.5898497104644775
1647724,6,5793,Underworld,2003,3.5898497104644775
1647724,7,17147,She's the One,1996,3.5898497104644775
1647724,8,8846,Election,1999,3.5898497104644775
1647724,9,17152,Next Friday,2000,3.5898497104644775
1647724,10,16969,Donnie Darko,2001,3.5898497104644775
1650183,1,13501,Rocky IV,1985,3.5898497104644775
1650183,2,15575,Royal Wedding,1951,3.5898497104644775
1650183,3,747,Saber Marionette J,1996,3.5898497104644775
1650183,4,7798,Deep Evil,2004,3.5898497104644775
1650183,5,3165,Dirty Rotten Scoundrels,1988,3.5898497104644775
1650183,6,5793,Underworld,2003,3.5898497104644775
1650183,7,17147,She's the One,1996,3.5898497104644775
1650183,8,8846,Election,1999,3.5898497104644775
1650183,9,17152,Next Friday,2000,3.5898497104644775
1650183,10,16969,Donnie Darko,2001,3.5898497104644775
1650982,1,13501,Rocky IV,1985,3.5898497104644775
1650982,2,15575,Royal Wedding,1951,3.5898497104644775
1650982,3,747,Saber Marionette J,1996,3.5898497104644775
1650982,4,5793,Underworld,2003,3.5898497104644775
1650982,5,17147,She's the One,1996,3.5898497104644775
1650982,6,8846,Election,1999,3.5898497104644775
1650982,7,17152,Next Friday,2000,3.5898497104644775
1650982,8,16969,Donnie Darko,2001,3.5898497104644775
1650982,9,7055,Get Shorty,1995,3.5898497104644775
1650982,10,189,Airplane II: The Sequel,1982,3.5898497104644775
1653438,1,13501,Rocky IV,1985,3.5898497104644775
1653438,2,15575,Royal Wedding,1951,3.5898497104644775
1653438,3,747,Saber Marionette J,1996,3.5898497104644775
1653438,4,3165,Dirty Rotten Scoundrels,1988,3.5898497104644775
1653438,5,5793,Underworld,2003,3.5898497104644775
1653438,6,17147,She's the One,1996,3.5898497104644775
1653438,7,8846,Election,1999,3.5898497104644775
1653438,8,17152,Next Friday,2000,3.5898497104644775
1653438,9,16969,Donnie Darko,2001,3.5898497104644775
1653438,10,7055,Get Shorty,1995,3.5898497104644775
1659896,1,13501,Rocky IV,1985,3.5898497104644775
1659896,2,15575,Royal Wedding,1951,3.5898497104644775
1659896,3,3165,Dirty Rotten Scoundrels,1988,3.5898497104644775
1659896,4,5793,Underworld,2003,3.5898497104644775
1659896,5,17147,She's the One,1996,3.5898497104644775
1659896,6,8846,Election,1999,3.5898497104644775
1659896,7,17152,Next Friday,2000,3.5898497104644775
1659896,8,16969,Donnie Darko,2001,3.5898497104644775
1659896,9,7055,Get Shorty,1995,3.5898497104644775
1659896,10,189,Airplane II: The Sequel,1982,3.5898497104644775
1660196,1,13501,Rocky IV,1985,3.5898497104644775
1660196,2,15575,Royal Wedding,1951,3.5898497104644775
1660196,3,747,Saber Marionette J,1996,3.5898497104644775
1660196,4,3165,Dirty Rotten Scoundrels,1988,3.5898497104644775
1660196,5,5793,Underworld,2003,3.5898497104644775
1660196,6,17147,She's the One,1996,3.5898497104644775
1660196,7,8846,Election,1999,3.5898497104644775
1660196,8,17152,Next Friday,2000,3.5898497104644775
1660196,9,16969,Donnie Darko,2001,3.5898497104644775
1660196,10,7055,Get Shorty,1995,3.5898497104644775
1666084,1,13501,Rocky IV,1985,3.5898497104644775
1666084,2,15575,Royal Wedding,1951,3.5898497104644775
1666084,3,3165,Dirty Rotten Scoundrels,1988,3.5898497104644775
1666084,4,5793,Underworld,2003,3.5898497104644775
1666084,5,17147,She's the One,1996,3.5898497104644775
1666084,6,8846,Election,1999,3.5898497104644775
1666084,7,17152,Next Friday,2000,3.5898497104644775
1666084,8,16969,Donnie Darko,2001,3.5898497104644775
1666084,9,7055,Get Shorty,1995,3.5898497104644775
1666084,10,189,Airplane II: The Sequel,1982,3.5898497104644775
1676401,1,13501,Rocky IV,1985,3.5898497104644775
1676401,2,15575,Royal Wedding,1951,3.5898497104644775
1676401,3,747,Saber Marionette J,1996,3.5898497104644775
1676401,4,7798,Deep Evil,2004,3.5898497104644775
1676401,5,3165,Dirty Rotten Scoundrels,1988,3.5898497104644775
1676401,6,5793,Underworld,2003,3.5898497104644775
1676401,7,17147,She's the One,1996,3.5898497104644775
1676401,8,8846,Election,1999,3.5898497104644775
1676401,9,17152,Next Friday,2000,3.5898497104644775
1676401,10,16969,Donnie Darko,2001,3.5898497104644775
1678830,1,13501,Rocky IV,1985,3.5898497104644775
1678830,2,15575,Royal Wedding,1951,3.5898497104644775
1678830,3,747,Saber Marionette J,1996,3.5898497104644775
1678830,4,7798,Deep Evil,2004,3.5898497104644775
1678830,5,3165,Dirty Rotten Scoundrels,1988,3.5898497104644775
1678830,6,5793,Underworld,2003,3.5898497104644775
1678830,7,17147,She's the One,1996,3.5898497104644775
1678830,8,8846,Election,1999,3.5898497104644775
1678830,9,17152,Next Friday,2000,3.5898497104644775
1678830,10,16969,Donnie Darko,2001,3.5898497104644775
1678900,1,13501,Rocky IV,1985,3.5898497104644775
1678900,2,15575,Royal Wedding,1951,3.5898497104644775
1678900,3,747,Saber Marionette J,1996,3.5898497104644775
1678900,4,7798,Deep Evil,2004,3.5898497104644775
1678900,5,3165,Dirty Rotten Scoundrels,1988,3.5898497104644775
1678900,6,5793,Underworld,2003,3.5898497104644775
1678900,7,17147,She's the One,1996,3.5898497104644775
1678900,8,8846,Election,1999,3.5898497104644775
1678900,9,17152,Next Friday,2000,3.5898497104644775
1678900,10,16969,Donnie Darko,2001,3.5898497104644775
1688035,1,13501,Rocky IV,1985,3.5898497104644775
1688035,2,15575,Royal Wedding,1951,3.5898497104644775
1688035,3,747,Saber Marionette J,1996,3.5898497104644775
1688035,4,7798,Deep Evil,2004,3.5898497104644775
1688035,5,3165,Dirty Rotten Scoundrels,1988,3.5898497104644775
1688035,6,5793,Underworld,2003,3.5898497104644775
1688035,7,17147,She's the One,1996,3.5898497104644775
1688035,8,8846,Election,1999,3.5898497104644775
1688035,9,17152,Next Friday,2000,3.5898497104644775
1688035,10,16969,Donnie Darko,2001,3.5898497104644775
1693750,1,13501,Rocky IV,1985,3.5898497104644775
1693750,2,15575,Royal Wedding,1951,3.5898497104644775
1693750,3,747,Saber Marionette J,1996,3.5898497104644775
1693750,4,7798,Deep Evil,2004,3.5898497104644775
1693750,5,3165,Dirty Rotten Scoundrels,1988,3.5898497104644775
1693750,6,5793,Underworld,2003,3.5898497104644775
1693750,7,17147,She's the One,1996,3.5898497104644775
1693750,8,8846,Election,1999,3.5898497104644775
1693750,9,17152,Next Friday,2000,3.5898497104644775
1693750,10,16969,Donnie Darko,2001,3.5898497104644775
1694338,1,13501,Rocky IV,1985,3.5898497104644775
1694338,2,15575,Royal Wedding,1951,3.5898497104644775
1694338,3,747,Saber Marionette J,1996,3.5898497104644775
1694338,4,3165,Dirty Rotten Scoundrels,1988,3.5898497104644775
1694338,5,5793,Underworld,2003,3.5898497104644775
1694338,6,17147,She's the One,1996,3.5898497104644775
1694338,7,8846,Election,1999,3.5898497104644775
1694338,8,17152,Next Friday,2000,3.5898497104644775
1694338,9,16969,Donnie Darko,2001,3.5898497104644775
1694338,10,7055,Get Shorty,1995,3.5898497104644775
1701571,1,13501,Rocky IV,1985,3.5898497104644775
1701571,2,15575,Royal Wedding,1951,3.5898497104644775
1701571,3,747,Saber Marionette J,1996,3.5898497104644775
1701571,4,7798,Deep Evil,2004,3.5898497104644775
1701571,5,3165,Dirty Rotten Scoundrels,1988,3.5898497104644775
1701571,6,5793,Underworld,2003,3.5898497104644775
1701571,7,17147,She's the One,1996,3.5898497104644775
1701571,8,8846,Election,1999,3.5898497104644775
1701571,9,17152,Next Friday,2000,3.5898497104644775
1701571,10,16969,Donnie Darko,2001,3.5898497104644775
1710968,1,13501,Rocky IV,1985,3.5898497104644775
1710968,2,15575,Royal Wedding,1951,3.5898497104644775
1710968,3,747,Saber Marionette J,1996,3.5898497104644775
1710968,4,7798,Deep Evil,2004,3.5898497104644775
1710968,5,3165,Dirty Rotten Scoundrels,1988,3.5898497104644775
1710968,6,5793,Underworld,2003,3.5898497104644775
1710968,7,17147,She's the One,1996,3.5898497104644775
1710968,8,8846,Election,1999,3.5898497104644775
1710968,9,17152,Next Friday,2000,3.5898497104644775
1710968,10,16969,Donnie Darko,2001,3.5898497104644775
1715294,1,13501,Rocky IV,1985,3.5898497104644775
1715294,2,15575,Royal Wedding,1951,3.5898497104644775
1715294,3,747,Saber Marionette J,1996,3.5898497104644775
1715294,4,7798,Deep Evil,2004,3.5898497104644775
1715294,5,3165,Dirty Rotten Scoundrels,1988,3.5898497104644775
1715294,6,5793,Underworld,2003,3.5898497104644775
1715294,7,17147,She's the One,1996,3.5898497104644775
1715294,8,8846,Election,1999,3.5898497104644775
1715294,9,17152,Next Friday,2000,3.5898497104644775
1715294,10,16969,Donnie Darko,2001,3.5898497104644775
1721354,1,13501,Rocky IV,1985,3.5898497104644775
1721354,2,15575,Royal Wedding,1951,3.5898497104644775
1721354,3,3165,Dirty Rotten Scoundrels,1988,3.5898497104644775
1721354,4,5793,Underworld,2003,3.5898497104644775
1721354,5,17147,She's the One,1996,3.5898497104644775
1721354,6,8846,Election,1999,3.5898497104644775
1721354,7,17152,Next Friday,2000,3.5898497104644775
1721354,8,16969,Donnie Darko,2001,3.5898497104644775
1721354,9,7055,Get Shorty,1995,3.5898497104644775
1721354,10,189,Airplane II: The Sequel,1982,3.5898497104644775
1722013,1,13501,Rocky IV,1985,3.5898497104644775
1722013,2,15575,Royal Wedding,1951,3.5898497104644775
1722013,3,747,Saber Marionette J,1996,3.5898497104644775
1722013,4,3165,Dirty Rotten Scoundrels,1988,3.5898497104644775
1722013,5,5793,Underworld,2003,3.5898497104644775
1722013,6,17147,She's the One,1996,3.5898497104644775
1722013,7,8846,Election,1999,3.5898497104644775
1722013,8,17152,Next Friday,2000,3.5898497104644775
1722013,9,16969,Donnie Darko,2001,3.5898497104644775
1722013,10,7055,Get Shorty,1995,3.5898497104644775
1732669,1,13501,Rocky IV,1985,3.5898497104644775
1732669,2,15575,Royal Wedding,1951,3.5898497104644775
1732669,3,747,Saber Marionette J,1996,3.5898497104644775
1732669,4,7798,Deep Evil,2004,3.5898497104644775
1732669,5,3165,Dirty Rotten Scoundrels,1988,3.5898497104644775
1732669,6,5793,Underworld,2003,3.5898497104644775
1732669,7,17147,She's the One,1996,3.5898497104644775
1732669,8,8846,Election,1999,3.5898497104644775
1732669,9,17152,Next Friday,2000,3.5898497104644775
1732669,10,16969,Donnie Darko,2001,3.5898497104644775
1743017,1,13501,Rocky IV,1985,3.5898497104644775
1743017,2,15575,Royal Wedding,1951,3.5898497104644775
1743017,3,747,Saber Marionette J,1996,3.5898497104644775
1743017,4,7798,Deep Evil,2004,3.5898497104644775
1743017,5,3165,Dirty Rotten Scoundrels,1988,3.5898497104644775
1743017,6,5793,Underworld,2003,3.5898497104644775
1743017,7,17147,She's the One,1996,3.5898497104644775
1743017,8,8846,Election,1999,3.5898497104644775
1743017,9,17152,Next Friday,2000,3.5898497104644775
1743017,10,16969,Donnie Darko,2001,3.5898497104644775
1745425,1,13501,Rocky IV,1985,3.5898497104644775
1745425,2,15575,Royal Wedding,1951,3.5898497104644775
1745425,3,747,Saber Marionette J,1996,3.5898497104644775
1745425,4,7798,Deep Evil,2004,3.5898497104644775
1745425,5,3165,Dirty Rotten Scoundrels,1988,3.5898497104644775
1745425,6,5793,Underworld,2003,3.5898497104644775
1745425,7,17147,She's the One,1996,3.5898497104644775
1745425,8,8846,Election,1999,3.5898497104644775
1745425,9,17152,Next Friday,2000,3.5898497104644775
1745425,10,16969,Donnie Darko,2001,3.5898497104644775
1747406,1,13501,Rocky IV,1985,3.5898497104644775
1747406,2,15575,Royal Wedding,1951,3.5898497104644775
1747406,3,747,Saber Marionette J,1996,3.5898497104644775
1747406,4,7798,Deep Evil,2004,3.5898497104644775
1747406,5,3165,Dirty Rotten Scoundrels,1988,3.5898497104644775
1747406,6,5793,Underworld,2003,3.5898497104644775
1747406,7,17147,She's the One,1996,3.5898497104644775
1747406,8,8846,Election,1999,3.5898497104644775
1747406,9,17152,Next Friday,2000,3.5898497104644775
1747406,10,16969,Donnie Darko,2001,3.5898497104644775
1748039,1,13501,Rocky IV,1985,3.5898497104644775
1748039,2,15575,Royal Wedding,1951,3.5898497104644775
1748039,3,747,Saber Marionette J,1996,3.5898497104644775
1748039,4,7798,Deep Evil,2004,3.5898497104644775
1748039,5,3165,Dirty Rotten Scoundrels,1988,3.5898497104644775
1748039,6,5793,Underworld,2003,3.5898497104644775
1748039,7,17147,She's the One,1996,3.5898497104644775
1748039,8,8846,Election,1999,3.5898497104644775
1748039,9,17152,Next Friday,2000,3.5898497104644775
1748039,10,16969,Donnie Darko,2001,3.5898497104644775
1755559,1,13501,Rocky IV,1985,3.5898497104644775
1755559,2,15575,Royal Wedding,1951,3.5898497104644775
1755559,3,747,Saber Marionette J,1996,3.5898497104644775
1755559,4,7798,Deep Evil,2004,3.5898497104644775
1755559,5,3165,Dirty Rotten Scoundrels,1988,3.5898497104644775
1755559,6,5793,Underworld,2003,3.5898497104644775
1755559,7,17147,She's the One,1996,3.5898497104644775
1755559,8,8846,Election,1999,3.5898497104644775
1755559,9,17152,Next Friday,2000,3.5898497104644775
1755559,10,16969,Donnie Darko,2001,3.5898497104644775
1780909,1,13501,Rocky IV,1985,3.5898497104644775
1780909,2,15575,Royal Wedding,1951,3.5898497104644775
1780909,3,747,Saber Marionette J,1996,3.5898497104644775
1780909,4,7798,Deep Evil,2004,3.5898497104644775
1780909,5,3165,Dirty Rotten Scoundrels,1988,3.5898497104644775
1780909,6,5793,Underworld,2003,3.5898497104644775
1780909,7,17147,She's the One,1996,3.5898497104644775
1780909,8,8846,Election,1999,3.5898497104644775
1780909,9,17152,Next Friday,2000,3.5898497104644775
1780909,10,16969,Donnie Darko,2001,3.5898497104644775
1784803,1,13501,Rocky IV,1985,3.5898497104644775
1784803,2,15575,Royal Wedding,1951,3.5898497104644775
1784803,3,747,Saber Marionette J,1996,3.5898497104644775
1784803,4,7798,Deep Evil,2004,3.5898497104644775
1784803,5,3165,Dirty Rotten Scoundrels,1988,3.5898497104644775
1784803,6,5793,Underworld,2003,3.5898497104644775
1784803,7,17147,She's the One,1996,3.5898497104644775
1784803,8,8846,Election,1999,3.5898497104644775
1784803,9,17152,Next Friday,2000,3.5898497104644775
1784803,10,16969,Donnie Darko,2001,3.5898497104644775
1785760,1,13501,Rocky IV,1985,3.5898497104644775
1785760,2,15575,Royal Wedding,1951,3.5898497104644775
1785760,3,747,Saber Marionette J,1996,3.5898497104644775
1785760,4,7798,Deep Evil,2004,3.5898497104644775
1785760,5,3165,Dirty Rotten Scoundrels,1988,3.5898497104644775
1785760,6,5793,Underworld,2003,3.5898497104644775
1785760,7,17147,She's the One,1996,3.5898497104644775
1785760,8,8846,Election,1999,3.5898497104644775
1785760,9,17152,Next Friday,2000,3.5898497104644775
1785760,10,16969,Donnie Darko,2001,3.5898497104644775
1799009,1,13501,Rocky IV,1985,3.5898497104644775
1799009,2,15575,Royal Wedding,1951,3.5898497104644775
1799009,3,3165,Dirty Rotten Scoundrels,1988,3.5898497104644775
1799009,4,5793,Underworld,2003,3.5898497104644775
1799009,5,17147,She's the One,1996,3.5898497104644775
1799009,6,8846,Election,1999,3.5898497104644775
1799009,7,17152,Next Friday,2000,3.5898497104644775
1799009,8,16969,Donnie Darko,2001,3.5898497104644775
1799009,9,7055,Get Shorty,1995,3.5898497104644775
1799009,10,189,Airplane II: The Sequel,1982,3.5898497104644775
1800117,1,13501,Rocky IV,1985,3.5898497104644775
1800117,2,15575,Royal Wedding,1951,3.5898497104644775
1800117,3,747,Saber Marionette J,1996,3.5898497104644775
1800117,4,7798,Deep Evil,2004,3.5898497104644775
1800117,5,3165,Dirty Rotten Scoundrels,1988,3.5898497104644775
1800117,6,5793,Underworld,2003,3.5898497104644775
1800117,7,17147,She's the One,1996,3.5898497104644775
1800117,8,8846,Election,1999,3.5898497104644775
1800117,9,17152,Next Friday,2000,3.5898497104644775
1800117,10,16969,Donnie Darko,2001,3.5898497104644775
1801454,1,13501,Rocky IV,1985,3.5898497104644775
1801454,2,15575,Royal Wedding,1951,3.5898497104644775
1801454,3,747,Saber Marionette J,1996,3.5898497104644775
1801454,4,3165,Dirty Rotten Scoundrels,1988,3.5898497104644775
1801454,5,5793,Underworld,2003,3.5898497104644775
1801454,6,17147,She's the One,1996,3.5898497104644775
1801454,7,8846,Election,1999,3.5898497104644775
1801454,8,17152,Next Friday,2000,3.5898497104644775
1801454,9,16969,Donnie Darko,2001,3.5898497104644775
1801454,10,7055,Get Shorty,1995,3.5898497104644775
1803287,1,13501,Rocky IV,1985,3.5898497104644775
1803287,2,15575,Royal Wedding,1951,3.5898497104644775
1803287,3,747,Saber Marionette J,1996,3.5898497104644775
1803287,4,3165,Dirty Rotten Scoundrels,1988,3.5898497104644775
1803287,5,5793,Underworld,2003,3.5898497104644775
1803287,6,17147,She's the One,1996,3.5898497104644775
1803287,7,8846,Election,1999,3.5898497104644775
1803287,8,17152,Next Friday,2000,3.5898497104644775
1803287,9,16969,Donnie Darko,2001,3.5898497104644775
1803287,10,7055,Get Shorty,1995,3.5898497104644775
1805690,1,13501,Rocky IV,1985,3.5898497104644775
1805690,2,15575,Royal Wedding,1951,3.5898497104644775
1805690,3,747,Saber Marionette J,1996,3.5898497104644775
1805690,4,3165,Dirty Rotten Scoundrels,1988,3.5898497104644775
1805690,5,5793,Underworld,2003,3.5898497104644775
1805690,6,17147,She's the One,1996,3.5898497104644775
1805690,7,8846,Election,1999,3.5898497104644775
1805690,8,17152,Next Friday,2000,3.5898497104644775
1805690,9,16969,Donnie Darko,2001,3.5898497104644775
1805690,10,7055,Get Shorty,1995,3.5898497104644775
1809573,1,13501,Rocky IV,1985,3.5898497104644775
1809573,2,15575,Royal Wedding,1951,3.5898497104644775
1809573,3,747,Saber Marionette J,1996,3.5898497104644775
1809573,4,3165,Dirty Rotten Scoundrels,1988,3.5898497104644775
1809573,5,5793,Underworld,2003,3.5898497104644775
1809573,6,17147,She's the One,1996,3.5898497104644775
1809573,7,8846,Election,1999,3.5898497104644775
1809573,8,17152,Next Friday,2000,3.5898497104644775
1809573,9,16969,Donnie Darko,2001,3.5898497104644775
1809573,10,7055,Get Shorty,1995,3.5898497104644775
1819416,1,13501,Rocky IV,1985,3.5898497104644775
1819416,2,15575,Royal Wedding,1951,3.5898497104644775
1819416,3,747,Saber Marionette J,1996,3.5898497104644775
1819416,4,7798,Deep Evil,2004,3.5898497104644775
1819416,5,3165,Dirty Rotten Scoundrels,1988,3.5898497104644775
1819416,6,5793,Underworld,2003,3.5898497104644775
1819416,7,17147,She's the One,1996,3.5898497104644775
1819416,8,8846,Election,1999,3.5898497104644775
1819416,9,17152,Next Friday,2000,3.5898497104644775
1819416,10,16969,Donnie Darko,2001,3.5898497104644775
1819845,1,13501,Rocky IV,1985,3.5898497104644775
1819845,2,15575,Royal Wedding,1951,3.5898497104644775
1819845,3,747,Saber Marionette J,1996,3.5898497104644775
1819845,4,7798,Deep Evil,2004,3.5898497104644775
1819845,5,3165,Dirty Rotten Scoundrels,1988,3.5898497104644775
1819845,6,5793,Underworld,2003,3.5898497104644775
1819845,7,17147,She's the One,1996,3.5898497104644775
1819845,8,8846,Election,1999,3.5898497104644775
1819845,9,17152,Next Friday,2000,3.5898497104644775
1819845,10,16969,Donnie Darko,2001,3.5898497104644775
1832701,1,13501,Rocky IV,1985,3.5898497104644775
1832701,2,15575,Royal Wedding,1951,3.5898497104644775
1832701,3,747,Saber Marionette J,1996,3.5898497104644775
1832701,4,7798,Deep Evil,2004,3.5898497104644775
1832701,5,3165,Dirty Rotten Scoundrels,1988,3.5898497104644775
1832701,6,5793,Underworld,2003,3.5898497104644775
1832701,7,17147,She's the One,1996,3.5898497104644775
1832701,8,8846,Election,1999,3.5898497104644775
1832701,9,17152,Next Friday,2000,3.5898497104644775
1832701,10,16969,Donnie Darko,2001,3.5898497104644775
1833549,1,13501,Rocky IV,1985,3.5898497104644775
1833549,2,15575,Royal Wedding,1951,3.5898497104644775
1833549,3,747,Saber Marionette J,1996,3.5898497104644775
1833549,4,7798,Deep Evil,2004,3.5898497104644775
1833549,5,3165,Dirty Rotten Scoundrels,1988,3.5898497104644775
1833549,6,5793,Underworld,2003,3.5898497104644775
1833549,7,17147,She's the One,1996,3.5898497104644775
1833549,8,8846,Election,1999,3.5898497104644775
1833549,9,17152,Next Friday,2000,3.5898497104644775
1833549,10,16969,Donnie Darko,2001,3.5898497104644775
1848671,1,13501,Rocky IV,1985,3.5898497104644775
1848671,2,15575,Royal Wedding,1951,3.5898497104644775
1848671,3,747,Saber Marionette J,1996,3.5898497104644775
1848671,4,7798,Deep Evil,2004,3.5898497104644775
1848671,5,3165,Dirty Rotten Scoundrels,1988,3.5898497104644775
1848671,6,5793,Underworld,2003,3.5898497104644775
1848671,7,17147,She's the One,1996,3.5898497104644775
1848671,8,8846,Election,1999,3.5898497104644775
1848671,9,17152,Next Friday,2000,3.5898497104644775
1848671,10,16969,Donnie Darko,2001,3.5898497104644775
1854947,1,13501,Rocky IV,1985,3.5898497104644775
1854947,2,3165,Dirty Rotten Scoundrels,1988,3.5898497104644775
1854947,3,5793,Underworld,2003,3.5898497104644775
1854947,4,17147,She's the One,1996,3.5898497104644775
1854947,5,8846,Election,1999,3.5898497104644775
1854947,6,17152,Next Friday,2000,3.5898497104644775
1854947,7,16969,Donnie Darko,2001,3.5898497104644775
1854947,8,7055,Get Shorty,1995,3.5898497104644775
1854947,9,189,Airplane II: The Sequel,1982,3.5898497104644775
1854947,10,15582,Sweet Home Alabama,2002,3.5898497104644775
1855029,1,13501,Rocky IV,1985,3.5898497104644775
1855029,2,15575,Royal Wedding,1951,3.5898497104644775
1855029,3,747,Saber Marionette J,1996,3.5898497104644775
1855029,4,7798,Deep Evil,2004,3.5898497104644775
1855029,5,3165,Dirty Rotten Scoundrels,1988,3.5898497104644775
1855029,6,5793,Underworld,2003,3.5898497104644775
1855029,7,17147,She's the One,1996,3.5898497104644775
1855029,8,8846,Election,1999,3.5898497104644775
1855029,9,17152,Next Friday,2000,3.5898497104644775
1855029,10,16969,Donnie Darko,2001,3.5898497104644775
1857720,1,13501,Rocky IV,1985,3.5898497104644775
1857720,2,15575,Royal Wedding,1951,3.5898497104644775
1857720,3,747,Saber Marionette J,1996,3.5898497104644775
1857720,4,7798,Deep Evil,2004,3.5898497104644775
1857720,5,3165,Dirty Rotten Scoundrels,1988,3.5898497104644775
1857720,6,5793,Underworld,2003,3.5898497104644775
1857720,7,17147,She's the One,1996,3.5898497104644775
1857720,8,8846,Election,1999,3.5898497104644775
1857720,9,17152,Next Friday,2000,3.5898497104644775
1857720,10,16969,Donnie Darko,2001,3.5898497104644775
1860150,1,13501,Rocky IV,1985,3.5898497104644775
1860150,2,15575,Royal Wedding,1951,3.5898497104644775
1860150,3,747,Saber Marionette J,1996,3.5898497104644775
1860150,4,3165,Dirty Rotten Scoundrels,1988,3.5898497104644775
1860150,5,5793,Underworld,2003,3.5898497104644775
1860150,6,17147,She's the One,1996,3.5898497104644775
1860150,7,8846,Election,1999,3.5898497104644775
1860150,8,17152,Next Friday,2000,3.5898497104644775
1860150,9,16969,Donnie Darko,2001,3.5898497104644775
1860150,10,7055,Get Shorty,1995,3.5898497104644775
1867982,1,13501,Rocky IV,1985,3.5898497104644775
1867982,2,15575,Royal Wedding,1951,3.5898497104644775
1867982,3,747,Saber Marionette J,1996,3.5898497104644775
1867982,4,7798,Deep Evil,2004,3.5898497104644775
1867982,5,3165,Dirty Rotten Scoundrels,1988,3.5898497104644775
1867982,6,5793,Underworld,2003,3.5898497104644775
1867982,7,17147,She's the One,1996,3.5898497104644775
1867982,8,8846,Election,1999,3.5898497104644775
1867982,9,17152,Next Friday,2000,3.5898497104644775
1867982,10,16969,Donnie Darko,2001,3.5898497104644775
1873493,1,13501,Rocky IV,1985,3.5898497104644775
1873493,2,15575,Royal Wedding,1951,3.5898497104644775
1873493,3,747,Saber Marionette J,1996,3.5898497104644775
1873493,4,7798,Deep Evil,2004,3.5898497104644775
1873493,5,3165,Dirty Rotten Scoundrels,1988,3.5898497104644775
1873493,6,5793,Underworld,2003,3.5898497104644775
1873493,7,17147,She's the One,1996,3.5898497104644775
1873493,8,8846,Election,1999,3.5898497104644775
1873493,9,17152,Next Friday,2000,3.5898497104644775
1873493,10,16969,Donnie Darko,2001,3.5898497104644775
1895495,1,13501,Rocky IV,1985,3.5898497104644775
1895495,2,15575,Royal Wedding,1951,3.5898497104644775
1895495,3,747,Saber Marionette J,1996,3.5898497104644775
1895495,4,7798,Deep Evil,2004,3.5898497104644775
1895495,5,3165,Dirty Rotten Scoundrels,1988,3.5898497104644775
1895495,6,5793,Underworld,2003,3.5898497104644775
1895495,7,17147,She's the One,1996,3.5898497104644775
1895495,8,8846,Election,1999,3.5898497104644775
1895495,9,17152,Next Friday,2000,3.5898497104644775
1895495,10,16969,Donnie Darko,2001,3.5898497104644775
1896771,1,13501,Rocky IV,1985,3.5898497104644775
1896771,2,15575,Royal Wedding,1951,3.5898497104644775
1896771,3,747,Saber Marionette J,1996,3.5898497104644775
1896771,4,7798,Deep Evil,2004,3.5898497104644775
1896771,5,3165,Dirty Rotten Scoundrels,1988,3.5898497104644775
1896771,6,5793,Underworld,2003,3.5898497104644775
1896771,7,17147,She's the One,1996,3.5898497104644775
1896771,8,8846,Election,1999,3.5898497104644775
1896771,9,17152,Next Friday,2000,3.5898497104644775
1896771,10,16969,Donnie Darko,2001,3.5898497104644775
1908051,1,13501,Rocky IV,1985,3.5898497104644775
1908051,2,3165,Dirty Rotten Scoundrels,1988,3.5898497104644775
1908051,3,5793,Underworld,2003,3.5898497104644775
1908051,4,17147,She's the One,1996,3.5898497104644775
1908051,5,8846,Election,1999,3.5898497104644775
1908051,6,17152,Next Friday,2000,3.5898497104644775
1908051,7,16969,Donnie Darko,2001,3.5898497104644775
1908051,8,7055,Get Shorty,1995,3.5898497104644775
1908051,9,189,Airplane II: The Sequel,1982,3.5898497104644775
1908051,10,15582,Sweet Home Alabama,2002,3.5898497104644775
1908579,1,13501,Rocky IV,1985,3.5898497104644775
1908579,2,15575,Royal Wedding,1951,3.5898497104644775
1908579,3,747,Saber Marionette J,1996,3.5898497104644775
1908579,4,7798,Deep Evil,2004,3.5898497104644775
1908579,5,3165,Dirty Rotten Scoundrels,1988,3.5898497104644775
1908579,6,5793,Underworld,2003,3.5898497104644775
1908579,7,17147,She's the One,1996,3.5898497104644775
1908579,8,8846,Election,1999,3.5898497104644775
1908579,9,17152,Next Friday,2000,3.5898497104644775
1908579,10,16969,Donnie Darko,2001,3.5898497104644775
1908980,1,13501,Rocky IV,1985,3.5898497104644775
1908980,2,15575,Royal Wedding,1951,3.5898497104644775
1908980,3,747,Saber Marionette J,1996,3.5898497104644775
1908980,4,3165,Dirty Rotten Scoundrels,1988,3.5898497104644775
1908980,5,5793,Underworld,2003,3.5898497104644775
1908980,6,17147,She's the One,1996,3.5898497104644775
1908980,7,8846,Election,1999,3.5898497104644775
1908980,8,17152,Next Friday,2000,3.5898497104644775
1908980,9,16969,Donnie Darko,2001,3.5898497104644775
1908980,10,7055,Get Shorty,1995,3.5898497104644775
1912985,1,13501,Rocky IV,1985,3.5898497104644775
1912985,2,15575,Royal Wedding,1951,3.5898497104644775
1912985,3,747,Saber Marionette J,1996,3.5898497104644775
1912985,4,7798,Deep Evil,2004,3.5898497104644775
1912985,5,3165,Dirty Rotten Scoundrels,1988,3.5898497104644775
1912985,6,5793,Underworld,2003,3.5898497104644775
1912985,7,17147,She's the One,1996,3.5898497104644775
1912985,8,8846,Election,1999,3.5898497104644775
1912985,9,17152,Next Friday,2000,3.5898497104644775
1912985,10,16969,Donnie Darko,2001,3.5898497104644775
1915014,1,13501,Rocky IV,1985,3.5898497104644775
1915014,2,15575,Royal Wedding,1951,3.5898497104644775
1915014,3,3165,Dirty Rotten Scoundrels,1988,3.5898497104644775
1915014,4,5793,Underworld,2003,3.5898497104644775
1915014,5,17147,She's the One,1996,3.5898497104644775
1915014,6,8846,Election,1999,3.5898497104644775
1915014,7,17152,Next Friday,2000,3.5898497104644775
1915014,8,16969,Donnie Darko,2001,3.5898497104644775
1915014,9,7055,Get Shorty,1995,3.5898497104644775
1915014,10,189,Airplane II: The Sequel,1982,3.5898497104644775
1921809,1,13501,Rocky IV,1985,3.5898497104644775
1921809,2,15575,Royal Wedding,1951,3.5898497104644775
1921809,3,747,Saber Marionette J,1996,3.5898497104644775
1921809,4,7798,Deep Evil,2004,3.5898497104644775
1921809,5,3165,Dirty Rotten Scoundrels,1988,3.5898497104644775
1921809,6,5793,Underworld,2003,3.5898497104644775
1921809,7,17147,She's the One,1996,3.5898497104644775
1921809,8,8846,Election,1999,3.5898497104644775
1921809,9,17152,Next Friday,2000,3.5898497104644775
1921809,10,16969,Donnie Darko,2001,3.5898497104644775
1934002,1,13501,Rocky IV,1985,3.5898497104644775
1934002,2,15575,Royal Wedding,1951,3.5898497104644775
1934002,3,747,Saber Marionette J,1996,3.5898497104644775
1934002,4,7798,Deep Evil,2004,3.5898497104644775
1934002,5,3165,Dirty Rotten Scoundrels,1988,3.5898497104644775
1934002,6,5793,Underworld,2003,3.5898497104644775
1934002,7,17147,She's the One,1996,3.5898497104644775
1934002,8,8846,Election,1999,3.5898497104644775
1934002,9,17152,Next Friday,2000,3.5898497104644775
1934002,10,16969,Donnie Darko,2001,3.5898497104644775
1939728,1,13501,Rocky IV,1985,3.5898497104644775
1939728,2,15575,Royal Wedding,1951,3.5898497104644775
1939728,3,747,Saber Marionette J,1996,3.5898497104644775
1939728,4,7798,Deep Evil,2004,3.5898497104644775
1939728,5,3165,Dirty Rotten Scoundrels,1988,3.5898497104644775
1939728,6,5793,Underworld,2003,3.5898497104644775
1939728,7,17147,She's the One,1996,3.5898497104644775
1939728,8,8846,Election,1999,3.5898497104644775
1939728,9,17152,Next Friday,2000,3.5898497104644775
1939728,10,16969,Donnie Darko,2001,3.5898497104644775
1939830,1,13501,Rocky IV,1985,3.5898497104644775
1939830,2,15575,Royal Wedding,1951,3.5898497104644775
1939830,3,747,Saber Marionette J,1996,3.5898497104644775
1939830,4,7798,Deep Evil,2004,3.5898497104644775
1939830,5,3165,Dirty Rotten Scoundrels,1988,3.5898497104644775
1939830,6,5793,Underworld,2003,3.5898497104644775
1939830,7,17147,She's the One,1996,3.5898497104644775
1939830,8,8846,Election,1999,3.5898497104644775
1939830,9,17152,Next Friday,2000,3.5898497104644775
1939830,10,16969,Donnie Darko,2001,3.5898497104644775
1947961,1,13501,Rocky IV,1985,3.5898497104644775
1947961,2,15575,Royal Wedding,1951,3.5898497104644775
1947961,3,747,Saber Marionette J,1996,3.5898497104644775
1947961,4,7798,Deep Evil,2004,3.5898497104644775
1947961,5,3165,Dirty Rotten Scoundrels,1988,3.5898497104644775
1947961,6,5793,Underworld,2003,3.5898497104644775
1947961,7,17147,She's the One,1996,3.5898497104644775
1947961,8,8846,Election,1999,3.5898497104644775
1947961,9,17152,Next Friday,2000,3.5898497104644775
1947961,10,16969,Donnie Darko,2001,3.5898497104644775
1951089,1,13501,Rocky IV,1985,3.5898497104644775
1951089,2,15575,Royal Wedding,1951,3.5898497104644775
1951089,3,747,Saber Marionette J,1996,3.5898497104644775
1951089,4,3165,Dirty Rotten Scoundrels,1988,3.5898497104644775
1951089,5,5793,Underworld,2003,3.5898497104644775
1951089,6,17147,She's the One,1996,3.5898497104644775
1951089,7,8846,Election,1999,3.5898497104644775
1951089,8,17152,Next Friday,2000,3.5898497104644775
1951089,9,16969,Donnie Darko,2001,3.5898497104644775
1951089,10,7055,Get Shorty,1995,3.5898497104644775
1951200,1,13501,Rocky IV,1985,3.5898497104644775
1951200,2,15575,Royal Wedding,1951,3.5898497104644775
1951200,3,747,Saber Marionette J,1996,3.5898497104644775
1951200,4,3165,Dirty Rotten Scoundrels,1988,3.5898497104644775
1951200,5,5793,Underworld,2003,3.5898497104644775
1951200,6,17147,She's the One,1996,3.5898497104644775
1951200,7,8846,Election,1999,3.5898497104644775
1951200,8,17152,Next Friday,2000,3.5898497104644775
1951200,9,16969,Donnie Darko,2001,3.5898497104644775
1951200,10,7055,Get Shorty,1995,3.5898497104644775
1964181,1,13501,Rocky IV,1985,3.5898497104644775
1964181,2,15575,Royal Wedding,1951,3.5898497104644775
1964181,3,747,Saber Marionette J,1996,3.5898497104644775
1964181,4,7798,Deep Evil,2004,3.5898497104644775
1964181,5,3165,Dirty Rotten Scoundrels,1988,3.5898497104644775
1964181,6,5793,Underworld,2003,3.5898497104644775
1964181,7,17147,She's the One,1996,3.5898497104644775
1964181,8,8846,Election,1999,3.5898497104644775
1964181,9,17152,Next Friday,2000,3.5898497104644775
1964181,10,16969,Donnie Darko,2001,3.5898497104644775
1964350,1,13501,Rocky IV,1985,3.5898497104644775
1964350,2,15575,Royal Wedding,1951,3.5898497104644775
1964350,3,747,Saber Marionette J,1996,3.5898497104644775
1964350,4,3165,Dirty Rotten Scoundrels,1988,3.5898497104644775
1964350,5,5793,Underworld,2003,3.5898497104644775
1964350,6,17147,She's the One,1996,3.5898497104644775
1964350,7,8846,Election,1999,3.5898497104644775
1964350,8,17152,Next Friday,2000,3.5898497104644775
1964350,9,16969,Donnie Darko,2001,3.5898497104644775
1964350,10,7055,Get Shorty,1995,3.5898497104644775
1969907,1,13501,Rocky IV,1985,3.5898497104644775
1969907,2,15575,Royal Wedding,1951,3.5898497104644775
1969907,3,747,Saber Marionette J,1996,3.5898497104644775
1969907,4,7798,Deep Evil,2004,3.5898497104644775
1969907,5,3165,Dirty Rotten Scoundrels,1988,3.5898497104644775
1969907,6,5793,Underworld,2003,3.5898497104644775
1969907,7,17147,She's the One,1996,3.5898497104644775
1969907,8,8846,Election,1999,3.5898497104644775
1969907,9,17152,Next Friday,2000,3.5898497104644775
1969907,10,16969,Donnie Darko,2001,3.5898497104644775
1973470,1,13501,Rocky IV,1985,3.5898497104644775
1973470,2,15575,Royal Wedding,1951,3.5898497104644775
1973470,3,747,Saber Marionette J,1996,3.5898497104644775
1973470,4,7798,Deep Evil,2004,3.5898497104644775
1973470,5,3165,Dirty Rotten Scoundrels,1988,3.5898497104644775
1973470,6,5793,Underworld,2003,3.5898497104644775
1973470,7,17147,She's the One,1996,3.5898497104644775
1973470,8,8846,Election,1999,3.5898497104644775
1973470,9,17152,Next Friday,2000,3.5898497104644775
1973470,10,16969,Donnie Darko,2001,3.5898497104644775
1977261,1,13501,Rocky IV,1985,3.5898497104644775
1977261,2,15575,Royal Wedding,1951,3.5898497104644775
1977261,3,747,Saber Marionette J,1996,3.5898497104644775
1977261,4,7798,Deep Evil,2004,3.5898497104644775
1977261,5,3165,Dirty Rotten Scoundrels,1988,3.5898497104644775
1977261,6,5793,Underworld,2003,3.5898497104644775
1977261,7,17147,She's the One,1996,3.5898497104644775
1977261,8,8846,Election,1999,3.5898497104644775
1977261,9,17152,Next Friday,2000,3.5898497104644775
1977261,10,16969,Donnie Darko,2001,3.5898497104644775
1977930,1,13501,Rocky IV,1985,3.5898497104644775
1977930,2,15575,Royal Wedding,1951,3.5898497104644775
1977930,3,747,Saber Marionette J,1996,3.5898497104644775
1977930,4,7798,Deep Evil,2004,3.5898497104644775
1977930,5,3165,Dirty Rotten Scoundrels,1988,3.5898497104644775
1977930,6,5793,Underworld,2003,3.5898497104644775
1977930,7,17147,She's the One,1996,3.5898497104644775
1977930,8,8846,Election,1999,3.5898497104644775
1977930,9,17152,Next Friday,2000,3.5898497104644775
1977930,10,16969,Donnie Darko,2001,3.5898497104644775
1982753,1,13501,Rocky IV,1985,3.5898497104644775
1982753,2,15575,Royal Wedding,1951,3.5898497104644775
1982753,3,747,Saber Marionette J,1996,3.5898497104644775
1982753,4,3165,Dirty Rotten Scoundrels,1988,3.5898497104644775
1982753,5,5793,Underworld,2003,3.5898497104644775
1982753,6,17147,She's the One,1996,3.5898497104644775
1982753,7,8846,Election,1999,3.5898497104644775
1982753,8,17152,Next Friday,2000,3.5898497104644775
1982753,9,16969,Donnie Darko,2001,3.5898497104644775
1982753,10,7055,Get Shorty,1995,3.5898497104644775
1984445,1,13501,Rocky IV,1985,3.5898497104644775
1984445,2,15575,Royal Wedding,1951,3.5898497104644775
1984445,3,747,Saber Marionette J,1996,3.5898497104644775
1984445,4,7798,Deep Evil,2004,3.5898497104644775
1984445,5,3165,Dirty Rotten Scoundrels,1988,3.5898497104644775
1984445,6,5793,Underworld,2003,3.5898497104644775
1984445,7,17147,She's the One,1996,3.5898497104644775
1984445,8,8846,Election,1999,3.5898497104644775
1984445,9,17152,Next Friday,2000,3.5898497104644775
1984445,10,16969,Donnie Darko,2001,3.5898497104644775
1985490,1,13501,Rocky IV,1985,3.5898497104644775
1985490,2,15575,Royal Wedding,1951,3.5898497104644775
1985490,3,747,Saber Marionette J,1996,3.5898497104644775
1985490,4,7798,Deep Evil,2004,3.5898497104644775
1985490,5,3165,Dirty Rotten Scoundrels,1988,3.5898497104644775
1985490,6,5793,Underworld,2003,3.5898497104644775
1985490,7,17147,She's the One,1996,3.5898497104644775
1985490,8,8846,Election,1999,3.5898497104644775
1985490,9,17152,Next Friday,2000,3.5898497104644775
1985490,10,16969,Donnie Darko,2001,3.5898497104644775
1986616,1,13501,Rocky IV,1985,3.5898497104644775
1986616,2,15575,Royal Wedding,1951,3.5898497104644775
1986616,3,747,Saber Marionette J,1996,3.5898497104644775
1986616,4,7798,Deep Evil,2004,3.5898497104644775
1986616,5,3165,Dirty Rotten Scoundrels,1988,3.5898497104644775
1986616,6,5793,Underworld,2003,3.5898497104644775
1986616,7,17147,She's the One,1996,3.5898497104644775
1986616,8,8846,Election,1999,3.5898497104644775
1986616,9,17152,Next Friday,2000,3.5898497104644775
1986616,10,16969,Donnie Darko,2001,3.5898497104644775
1986678,1,13501,Rocky IV,1985,3.5898497104644775
1986678,2,15575,Royal Wedding,1951,3.5898497104644775
1986678,3,747,Saber Marionette J,1996,3.5898497104644775
1986678,4,7798,Deep Evil,2004,3.5898497104644775
1986678,5,3165,Dirty Rotten Scoundrels,1988,3.5898497104644775
1986678,6,5793,Underworld,2003,3.5898497104644775
1986678,7,17147,She's the One,1996,3.5898497104644775
1986678,8,8846,Election,1999,3.5898497104644775
1986678,9,17152,Next Friday,2000,3.5898497104644775
1986678,10,16969,Donnie Darko,2001,3.5898497104644775
1989027,1,13501,Rocky IV,1985,3.5898497104644775
1989027,2,15575,Royal Wedding,1951,3.5898497104644775
1989027,3,747,Saber Marionette J,1996,3.5898497104644775
1989027,4,3165,Dirty Rotten Scoundrels,1988,3.5898497104644775
1989027,5,5793,Underworld,2003,3.5898497104644775
1989027,6,17147,She's the One,1996,3.5898497104644775
1989027,7,8846,Election,1999,3.5898497104644775
1989027,8,17152,Next Friday,2000,3.5898497104644775
1989027,9,16969,Donnie Darko,2001,3.5898497104644775
1989027,10,7055,Get Shorty,1995,3.5898497104644775
1990317,1,13501,Rocky IV,1985,3.5898497104644775
1990317,2,15575,Royal Wedding,1951,3.5898497104644775
1990317,3,3165,Dirty Rotten Scoundrels,1988,3.5898497104644775
1990317,4,5793,Underworld,2003,3.5898497104644775
1990317,5,17147,She's the One,1996,3.5898497104644775
1990317,6,8846,Election,1999,3.5898497104644775
1990317,7,17152,Next Friday,2000,3.5898497104644775
1990317,8,16969,Donnie Darko,2001,3.5898497104644775
1990317,9,7055,Get Shorty,1995,3.5898497104644775
1990317,10,189,Airplane II: The Sequel,1982,3.5898497104644775
1996271,1,13501,Rocky IV,1985,3.5898497104644775
1996271,2,15575,Royal Wedding,1951,3.5898497104644775
1996271,3,747,Saber Marionette J,1996,3.5898497104644775
1996271,4,7798,Deep Evil,2004,3.5898497104644775
1996271,5,3165,Dirty Rotten Scoundrels,1988,3.5898497104644775
1996271,6,5793,Underworld,2003,3.5898497104644775
1996271,7,17147,She's the One,1996,3.5898497104644775
1996271,8,8846,Election,1999,3.5898497104644775
1996271,9,17152,Next Friday,2000,3.5898497104644775
1996271,10,16969,Donnie Darko,2001,3.5898497104644775
2015005,1,13501,Rocky IV,1985,3.5898497104644775
2015005,2,15575,Royal Wedding,1951,3.5898497104644775
2015005,3,747,Saber Marionette J,1996,3.5898497104644775
2015005,4,7798,Deep Evil,2004,3.5898497104644775
2015005,5,3165,Dirty Rotten Scoundrels,1988,3.5898497104644775
2015005,6,5793,Underworld,2003,3.5898497104644775
2015005,7,17147,She's the One,1996,3.5898497104644775
2015005,8,8846,Election,1999,3.5898497104644775
2015005,9,17152,Next Friday,2000,3.5898497104644775
2015005,10,16969,Donnie Darko,2001,3.5898497104644775
2018422,1,13501,Rocky IV,1985,3.5898497104644775
2018422,2,15575,Royal Wedding,1951,3.5898497104644775
2018422,3,747,Saber Marionette J,1996,3.5898497104644775
2018422,4,7798,Deep Evil,2004,3.5898497104644775
2018422,5,3165,Dirty Rotten Scoundrels,1988,3.5898497104644775
2018422,6,5793,Underworld,2003,3.5898497104644775
2018422,7,17147,She's the One,1996,3.5898497104644775
2018422,8,8846,Election,1999,3.5898497104644775
2018422,9,17152,Next Friday,2000,3.5898497104644775
2018422,10,16969,Donnie Darko,2001,3.5898497104644775
2022008,1,13501,Rocky IV,1985,3.5898497104644775
2022008,2,15575,Royal Wedding,1951,3.5898497104644775
2022008,3,747,Saber Marionette J,1996,3.5898497104644775
2022008,4,7798,Deep Evil,2004,3.5898497104644775
2022008,5,3165,Dirty Rotten Scoundrels,1988,3.5898497104644775
2022008,6,5793,Underworld,2003,3.5898497104644775
2022008,7,17147,She's the One,1996,3.5898497104644775
2022008,8,8846,Election,1999,3.5898497104644775
2022008,9,17152,Next Friday,2000,3.5898497104644775
2022008,10,16969,Donnie Darko,2001,3.5898497104644775
2031545,1,13501,Rocky IV,1985,3.5898497104644775
2031545,2,15575,Royal Wedding,1951,3.5898497104644775
2031545,3,747,Saber Marionette J,1996,3.5898497104644775
2031545,4,7798,Deep Evil,2004,3.5898497104644775
2031545,5,3165,Dirty Rotten Scoundrels,1988,3.5898497104644775
2031545,6,5793,Underworld,2003,3.5898497104644775
2031545,7,17147,She's the One,1996,3.5898497104644775
2031545,8,8846,Election,1999,3.5898497104644775
2031545,9,17152,Next Friday,2000,3.5898497104644775
2031545,10,16969,Donnie Darko,2001,3.5898497104644775
2036365,1,13501,Rocky IV,1985,3.5898497104644775
2036365,2,15575,Royal Wedding,1951,3.5898497104644775
2036365,3,747,Saber Marionette J,1996,3.5898497104644775
2036365,4,7798,Deep Evil,2004,3.5898497104644775
2036365,5,11681,Focus,2001,3.5898497104644775
2036365,6,2134,Jesus and His Times,2000,3.5898497104644775
2036365,7,1713,Patlabor: The Mobile Police: Original Series,1988,3.5898497104644775
2036365,8,11108,National Geographic: Inside the U.S. Secret Service,2004,3.5898497104644775
2036365,9,10387,One Million Years B.C.,1967,3.5898497104644775
2036365,10,11023,Bubblegum Crisis,1998,3.5898497104644775
2036838,1,13501,Rocky IV,1985,3.5898497104644775
2036838,2,3165,Dirty Rotten Scoundrels,1988,3.5898497104644775
2036838,3,5793,Underworld,2003,3.5898497104644775
2036838,4,17147,She's the One,1996,3.5898497104644775
2036838,5,8846,Election,1999,3.5898497104644775
2036838,6,17152,Next Friday,2000,3.5898497104644775
2036838,7,16969,Donnie Darko,2001,3.5898497104644775
2036838,8,7055,Get Shorty,1995,3.5898497104644775
2036838,9,189,Airplane II: The Sequel,1982,3.5898497104644775
2036838,10,15582,Sweet Home Alabama,2002,3.5898497104644775
2040978,1,13501,Rocky IV,1985,3.5898497104644775
2040978,2,15575,Royal Wedding,1951,3.5898497104644775
2040978,3,747,Saber Marionette J,1996,3.5898497104644775
2040978,4,7798,Deep Evil,2004,3.5898497104644775
2040978,5,3165,Dirty Rotten Scoundrels,1988,3.5898497104644775
2040978,6,5793,Underworld,2003,3.5898497104644775
2040978,7,17147,She's the One,1996,3.5898497104644775
2040978,8,8846,Election,1999,3.5898497104644775
2040978,9,17152,Next Friday,2000,3.5898497104644775
2040978,10,16969,Donnie Darko,2001,3.5898497104644775
2048340,1,13501,Rocky IV,1985,3.5898497104644775
2048340,2,15575,Royal Wedding,1951,3.5898497104644775
2048340,3,747,Saber Marionette J,1996,3.5898497104644775
2048340,4,3165,Dirty Rotten Scoundrels,1988,3.5898497104644775
2048340,5,5793,Underworld,2003,3.5898497104644775
2048340,6,17147,She's the One,1996,3.5898497104644775
2048340,7,8846,Election,1999,3.5898497104644775
2048340,8,17152,Next Friday,2000,3.5898497104644775
2048340,9,16969,Donnie Darko,2001,3.5898497104644775
2048340,10,7055,Get Shorty,1995,3.5898497104644775
2054315,1,13501,Rocky IV,1985,3.5898497104644775
2054315,2,15575,Royal Wedding,1951,3.5898497104644775
2054315,3,747,Saber Marionette J,1996,3.5898497104644775
2054315,4,7798,Deep Evil,2004,3.5898497104644775
2054315,5,3165,Dirty Rotten Scoundrels,1988,3.5898497104644775
2054315,6,5793,Underworld,2003,3.5898497104644775
2054315,7,17147,She's the One,1996,3.5898497104644775
2054315,8,8846,Election,1999,3.5898497104644775
2054315,9,17152,Next Friday,2000,3.5898497104644775
2054315,10,16969,Donnie Darko,2001,3.5898497104644775
2057915,1,13501,Rocky IV,1985,3.5898497104644775
2057915,2,15575,Royal Wedding,1951,3.5898497104644775
2057915,3,747,Saber Marionette J,1996,3.5898497104644775
2057915,4,7798,Deep Evil,2004,3.5898497104644775
2057915,5,11681,Focus,2001,3.5898497104644775
2057915,6,2134,Jesus and His Times,2000,3.5898497104644775
2057915,7,1713,Patlabor: The Mobile Police: Original Series,1988,3.5898497104644775
2057915,8,11108,National Geographic: Inside the U.S. Secret Service,2004,3.5898497104644775
2057915,9,10387,One Million Years B.C.,1967,3.5898497104644775
2057915,10,11023,Bubblegum Crisis,1998,3.5898497104644775
2059967,1,13501,Rocky IV,1985,3.5898497104644775
2059967,2,15575,Royal Wedding,1951,3.5898497104644775
2059967,3,747,Saber Marionette J,1996,3.5898497104644775
2059967,4,7798,Deep Evil,2004,3.5898497104644775
2059967,5,3165,Dirty Rotten Scoundrels,1988,3.5898497104644775
2059967,6,5793,Underworld,2003,3.5898497104644775
2059967,7,17147,She's the One,1996,3.5898497104644775
2059967,8,8846,Election,1999,3.5898497104644775
2059967,9,17152,Next Friday,2000,3.5898497104644775
2059967,10,16969,Donnie Darko,2001,3.5898497104644775
2061246,1,13501,Rocky IV,1985,3.5898497104644775
2061246,2,15575,Royal Wedding,1951,3.5898497104644775
2061246,3,747,Saber Marionette J,1996,3.5898497104644775
2061246,4,3165,Dirty Rotten Scoundrels,1988,3.5898497104644775
2061246,5,5793,Underworld,2003,3.5898497104644775
2061246,6,17147,She's the One,1996,3.5898497104644775
2061246,7,8846,Election,1999,3.5898497104644775
2061246,8,17152,Next Friday,2000,3.5898497104644775
2061246,9,16969,Donnie Darko,2001,3.5898497104644775
2061246,10,7055,Get Shorty,1995,3.5898497104644775
2061834,1,13501,Rocky IV,1985,3.5898497104644775
2061834,2,15575,Royal Wedding,1951,3.5898497104644775
2061834,3,747,Saber Marionette J,1996,3.5898497104644775
2061834,4,7798,Deep Evil,2004,3.5898497104644775
2061834,5,3165,Dirty Rotten Scoundrels,1988,3.5898497104644775
2061834,6,5793,Underworld,2003,3.5898497104644775
2061834,7,17147,She's the One,1996,3.5898497104644775
2061834,8,8846,Election,1999,3.5898497104644775
2061834,9,17152,Next Friday,2000,3.5898497104644775
2061834,10,16969,Donnie Darko,2001,3.5898497104644775
2064713,1,13501,Rocky IV,1985,3.5898497104644775
2064713,2,3165,Dirty Rotten Scoundrels,1988,3.5898497104644775
2064713,3,5793,Underworld,2003,3.5898497104644775
2064713,4,17147,She's the One,1996,3.5898497104644775
2064713,5,8846,Election,1999,3.5898497104644775
2064713,6,17152,Next Friday,2000,3.5898497104644775
2064713,7,16969,Donnie Darko,2001,3.5898497104644775
2064713,8,7055,Get Shorty,1995,3.5898497104644775
2064713,9,189,Airplane II: The Sequel,1982,3.5898497104644775
2064713,10,15582,Sweet Home Alabama,2002,3.5898497104644775
2067068,1,13501,Rocky IV,1985,3.5898497104644775
2067068,2,15575,Royal Wedding,1951,3.5898497104644775
2067068,3,747,Saber Marionette J,1996,3.5898497104644775
2067068,4,7798,Deep Evil,2004,3.5898497104644775
2067068,5,3165,Dirty Rotten Scoundrels,1988,3.5898497104644775
2067068,6,5793,Underworld,2003,3.5898497104644775
2067068,7,17147,She's the One,1996,3.5898497104644775
2067068,8,8846,Election,1999,3.5898497104644775
2067068,9,17152,Next Friday,2000,3.5898497104644775
2067068,10,16969,Donnie Darko,2001,3.5898497104644775
2069906,1,13501,Rocky IV,1985,3.5898497104644775
2069906,2,15575,Royal Wedding,1951,3.5898497104644775
2069906,3,747,Saber Marionette J,1996,3.5898497104644775
2069906,4,7798,Deep Evil,2004,3.5898497104644775
2069906,5,3165,Dirty Rotten Scoundrels,1988,3.5898497104644775
2069906,6,5793,Underworld,2003,3.5898497104644775
2069906,7,17147,She's the One,1996,3.5898497104644775
2069906,8,8846,Election,1999,3.5898497104644775
2069906,9,17152,Next Friday,2000,3.5898497104644775
2069906,10,16969,Donnie Darko,2001,3.5898497104644775
2081824,1,13501,Rocky IV,1985,3.5898497104644775
2081824,2,15575,Royal Wedding,1951,3.5898497104644775
2081824,3,747,Saber Marionette J,1996,3.5898497104644775
2081824,4,7798,Deep Evil,2004,3.5898497104644775
2081824,5,3165,Dirty Rotten Scoundrels,1988,3.5898497104644775
2081824,6,5793,Underworld,2003,3.5898497104644775
2081824,7,17147,She's the One,1996,3.5898497104644775
2081824,8,8846,Election,1999,3.5898497104644775
2081824,9,17152,Next Friday,2000,3.5898497104644775
2081824,10,16969,Donnie Darko,2001,3.5898497104644775
2084326,1,13501,Rocky IV,1985,3.5898497104644775
2084326,2,15575,Royal Wedding,1951,3.5898497104644775
2084326,3,747,Saber Marionette J,1996,3.5898497104644775
2084326,4,7798,Deep Evil,2004,3.5898497104644775
2084326,5,3165,Dirty Rotten Scoundrels,1988,3.5898497104644775
2084326,6,5793,Underworld,2003,3.5898497104644775
2084326,7,17147,She's the One,1996,3.5898497104644775
2084326,8,8846,Election,1999,3.5898497104644775
2084326,9,17152,Next Friday,2000,3.5898497104644775
2084326,10,16969,Donnie Darko,2001,3.5898497104644775
2085953,1,13501,Rocky IV,1985,3.5898497104644775
2085953,2,15575,Royal Wedding,1951,3.5898497104644775
2085953,3,747,Saber Marionette J,1996,3.5898497104644775
2085953,4,3165,Dirty Rotten Scoundrels,1988,3.5898497104644775
2085953,5,5793,Underworld,2003,3.5898497104644775
2085953,6,17147,She's the One,1996,3.5898497104644775
2085953,7,8846,Election,1999,3.5898497104644775
2085953,8,17152,Next Friday,2000,3.5898497104644775
2085953,9,16969,Donnie Darko,2001,3.5898497104644775
2085953,10,7055,Get Shorty,1995,3.5898497104644775
2095209,1,13501,Rocky IV,1985,3.5898497104644775
2095209,2,15575,Royal Wedding,1951,3.5898497104644775
2095209,3,747,Saber Marionette J,1996,3.5898497104644775
2095209,4,7798,Deep Evil,2004,3.5898497104644775
2095209,5,3165,Dirty Rotten Scoundrels,1988,3.5898497104644775
2095209,6,5793,Underworld,2003,3.5898497104644775
2095209,7,17147,She's the One,1996,3.5898497104644775
2095209,8,8846,Election,1999,3.5898497104644775
2095209,9,17152,Next Friday,2000,3.5898497104644775
2095209,10,16969,Donnie Darko,2001,3.5898497104644775
2095550,1,13501,Rocky IV,1985,3.5898497104644775
2095550,2,15575,Royal Wedding,1951,3.5898497104644775
2095550,3,747,Saber Marionette J,1996,3.5898497104644775
2095550,4,7798,Deep Evil,2004,3.5898497104644775
2095550,5,3165,Dirty Rotten Scoundrels,1988,3.5898497104644775
2095550,6,5793,Underworld,2003,3.5898497104644775
2095550,7,17147,She's the One,1996,3.5898497104644775
2095550,8,8846,Election,1999,3.5898497104644775
2095550,9,17152,Next Friday,2000,3.5898497104644775
2095550,10,16969,Donnie Darko,2001,3.5898497104644775
2103246,1,13501,Rocky IV,1985,3.5898497104644775
2103246,2,15575,Royal Wedding,1951,3.5898497104644775
2103246,3,747,Saber Marionette J,1996,3.5898497104644775
2103246,4,7798,Deep Evil,2004,3.5898497104644775
2103246,5,3165,Dirty Rotten Scoundrels,1988,3.5898497104644775
2103246,6,5793,Underworld,2003,3.5898497104644775
2103246,7,17147,She's the One,1996,3.5898497104644775
2103246,8,8846,Election,1999,3.5898497104644775
2103246,9,17152,Next Friday,2000,3.5898497104644775
2103246,10,16969,Donnie Darko,2001,3.5898497104644775
2106687,1,13501,Rocky IV,1985,3.5898497104644775
2106687,2,15575,Royal Wedding,1951,3.5898497104644775
2106687,3,747,Saber Marionette J,1996,3.5898497104644775
2106687,4,7798,Deep Evil,2004,3.5898497104644775
2106687,5,3165,Dirty Rotten Scoundrels,1988,3.5898497104644775
2106687,6,5793,Underworld,2003,3.5898497104644775
2106687,7,17147,She's the One,1996,3.5898497104644775
2106687,8,8846,Election,1999,3.5898497104644775
2106687,9,17152,Next Friday,2000,3.5898497104644775
2106687,10,16969,Donnie Darko,2001,3.5898497104644775
2108168,1,13501,Rocky IV,1985,3.5898497104644775
2108168,2,15575,Royal Wedding,1951,3.5898497104644775
2108168,3,747,Saber Marionette J,1996,3.5898497104644775
2108168,4,7798,Deep Evil,2004,3.5898497104644775
2108168,5,3165,Dirty Rotten Scoundrels,1988,3.5898497104644775
2108168,6,5793,Underworld,2003,3.5898497104644775
2108168,7,17147,She's the One,1996,3.5898497104644775
2108168,8,8846,Election,1999,3.5898497104644775
2108168,9,17152,Next Friday,2000,3.5898497104644775
2108168,10,16969,Donnie Darko,2001,3.5898497104644775
2108748,1,13501,Rocky IV,1985,3.5898497104644775
2108748,2,15575,Royal Wedding,1951,3.5898497104644775
2108748,3,747,Saber Marionette J,1996,3.5898497104644775
2108748,4,7798,Deep Evil,2004,3.5898497104644775
2108748,5,3165,Dirty Rotten Scoundrels,1988,3.5898497104644775
2108748,6,5793,Underworld,2003,3.5898497104644775
2108748,7,17147,She's the One,1996,3.5898497104644775
2108748,8,8846,Election,1999,3.5898497104644775
2108748,9,17152,Next Friday,2000,3.5898497104644775
2108748,10,16969,Donnie Darko,2001,3.5898497104644775
2109881,1,13501,Rocky IV,1985,3.5898497104644775
2109881,2,15575,Royal Wedding,1951,3.5898497104644775
2109881,3,747,Saber Marionette J,1996,3.5898497104644775
2109881,4,7798,Deep Evil,2004,3.5898497104644775
2109881,5,3165,Dirty Rotten Scoundrels,1988,3.5898497104644775
2109881,6,5793,Underworld,2003,3.5898497104644775
2109881,7,17147,She's the One,1996,3.5898497104644775
2109881,8,8846,Election,1999,3.5898497104644775
2109881,9,17152,Next Friday,2000,3.5898497104644775
2109881,10,16969,Donnie Darko,2001,3.5898497104644775
2111262,1,13501,Rocky IV,1985,3.5898497104644775
2111262,2,3165,Dirty Rotten Scoundrels,1988,3.5898497104644775
2111262,3,5793,Underworld,2003,3.5898497104644775
2111262,4,17147,She's the One,1996,3.5898497104644775
2111262,5,8846,Election,1999,3.5898497104644775
2111262,6,17152,Next Friday,2000,3.5898497104644775
2111262,7,16969,Donnie Darko,2001,3.5898497104644775
2111262,8,7055,Get Shorty,1995,3.5898497104644775
2111262,9,189,Airplane II: The Sequel,1982,3.5898497104644775
2111262,10,15582,Sweet Home Alabama,2002,3.5898497104644775
2112523,1,13501,Rocky IV,1985,3.5898497104644775
2112523,2,15575,Royal Wedding,1951,3.5898497104644775
2112523,3,747,Saber Marionette J,1996,3.5898497104644775
2112523,4,7798,Deep Evil,2004,3.5898497104644775
2112523,5,3165,Dirty Rotten Scoundrels,1988,3.5898497104644775
2112523,6,5793,Underworld,2003,3.5898497104644775
2112523,7,17147,She's the One,1996,3.5898497104644775
2112523,8,8846,Election,1999,3.5898497104644775
2112523,9,17152,Next Friday,2000,3.5898497104644775
2112523,10,16969,Donnie Darko,2001,3.5898497104644775
2120118,1,13501,Rocky IV,1985,3.5898497104644775
2120118,2,15575,Royal Wedding,1951,3.5898497104644775
2120118,3,747,Saber Marionette J,1996,3.5898497104644775
2120118,4,7798,Deep Evil,2004,3.5898497104644775
2120118,5,3165,Dirty Rotten Scoundrels,1988,3.5898497104644775
2120118,6,5793,Underworld,2003,3.5898497104644775
2120118,7,17147,She's the One,1996,3.5898497104644775
2120118,8,8846,Election,1999,3.5898497104644775
2120118,9,17152,Next Friday,2000,3.5898497104644775
2120118,10,16969,Donnie Darko,2001,3.5898497104644775
2121621,1,13501,Rocky IV,1985,3.5898497104644775
2121621,2,15575,Royal Wedding,1951,3.5898497104644775
2121621,3,747,Saber Marionette J,1996,3.5898497104644775
2121621,4,3165,Dirty Rotten Scoundrels,1988,3.5898497104644775
2121621,5,5793,Underworld,2003,3.5898497104644775
2121621,6,17147,She's the One,1996,3.5898497104644775
2121621,7,8846,Election,1999,3.5898497104644775
2121621,8,17152,Next Friday,2000,3.5898497104644775
2121621,9,16969,Donnie Darko,2001,3.5898497104644775
2121621,10,7055,Get Shorty,1995,3.5898497104644775
2125717,1,13501,Rocky IV,1985,3.5898497104644775
2125717,2,15575,Royal Wedding,1951,3.5898497104644775
2125717,3,747,Saber Marionette J,1996,3.5898497104644775
2125717,4,7798,Deep Evil,2004,3.5898497104644775
2125717,5,3165,Dirty Rotten Scoundrels,1988,3.5898497104644775
2125717,6,5793,Underworld,2003,3.5898497104644775
2125717,7,17147,She's the One,1996,3.5898497104644775
2125717,8,8846,Election,1999,3.5898497104644775
2125717,9,17152,Next Friday,2000,3.5898497104644775
2125717,10,16969,Donnie Darko,2001,3.5898497104644775
2125913,1,13501,Rocky IV,1985,3.5898497104644775
2125913,2,15575,Royal Wedding,1951,3.5898497104644775
2125913,3,747,Saber Marionette J,1996,3.5898497104644775
2125913,4,7798,Deep Evil,2004,3.5898497104644775
2125913,5,3165,Dirty Rotten Scoundrels,1988,3.5898497104644775
2125913,6,5793,Underworld,2003,3.5898497104644775
2125913,7,17147,She's the One,1996,3.5898497104644775
2125913,8,8846,Election,1999,3.5898497104644775
2125913,9,17152,Next Friday,2000,3.5898497104644775
2125913,10,16969,Donnie Darko,2001,3.5898497104644775
2130443,1,13501,Rocky IV,1985,3.5898497104644775
2130443,2,3165,Dirty Rotten Scoundrels,1988,3.5898497104644775
2130443,3,5793,Underworld,2003,3.5898497104644775
2130443,4,17147,She's the One,1996,3.5898497104644775
2130443,5,8846,Election,1999,3.5898497104644775
2130443,6,17152,Next Friday,2000,3.5898497104644775
2130443,7,16969,Donnie Darko,2001,3.5898497104644775
2130443,8,7055,Get Shorty,1995,3.5898497104644775
2130443,9,189,Airplane II: The Sequel,1982,3.5898497104644775
2130443,10,15582,Sweet Home Alabama,2002,3.5898497104644775
2138250,1,13501,Rocky IV,1985,3.5898497104644775
2138250,2,15575,Royal Wedding,1951,3.5898497104644775
2138250,3,747,Saber Marionette J,1996,3.5898497104644775
2138250,4,3165,Dirty Rotten Scoundrels,1988,3.5898497104644775
2138250,5,5793,Underworld,2003,3.5898497104644775
2138250,6,17147,She's the One,1996,3.5898497104644775
2138250,7,8846,Election,1999,3.5898497104644775
2138250,8,17152,Next Friday,2000,3.5898497104644775
2138250,9,16969,Donnie Darko,2001,3.5898497104644775
2138250,10,7055,Get Shorty,1995,3.5898497104644775
2139616,1,13501,Rocky IV,1985,3.5898497104644775
2139616,2,15575,Royal Wedding,1951,3.5898497104644775
2139616,3,747,Saber Marionette J,1996,3.5898497104644775
2139616,4,7798,Deep Evil,2004,3.5898497104644775
2139616,5,3165,Dirty Rotten Scoundrels,1988,3.5898497104644775
2139616,6,5793,Underworld,2003,3.5898497104644775
2139616,7,17147,She's the One,1996,3.5898497104644775
2139616,8,8846,Election,1999,3.5898497104644775
2139616,9,17152,Next Friday,2000,3.5898497104644775
2139616,10,16969,Donnie Darko,2001,3.5898497104644775
2149408,1,13501,Rocky IV,1985,3.5898497104644775
2149408,2,15575,Royal Wedding,1951,3.5898497104644775
2149408,3,747,Saber Marionette J,1996,3.5898497104644775
2149408,4,7798,Deep Evil,2004,3.5898497104644775
2149408,5,3165,Dirty Rotten Scoundrels,1988,3.5898497104644775
2149408,6,5793,Underworld,2003,3.5898497104644775
2149408,7,17147,She's the One,1996,3.5898497104644775
2149408,8,8846,Election,1999,3.5898497104644775
2149408,9,17152,Next Friday,2000,3.5898497104644775
2149408,10,16969,Donnie Darko,2001,3.5898497104644775
2150869,1,13501,Rocky IV,1985,3.5898497104644775
2150869,2,15575,Royal Wedding,1951,3.5898497104644775
2150869,3,747,Saber Marionette J,1996,3.5898497104644775
2150869,4,7798,Deep Evil,2004,3.5898497104644775
2150869,5,3165,Dirty Rotten Scoundrels,1988,3.5898497104644775
2150869,6,5793,Underworld,2003,3.5898497104644775
2150869,7,17147,She's the One,1996,3.5898497104644775
2150869,8,8846,Election,1999,3.5898497104644775
2150869,9,17152,Next Friday,2000,3.5898497104644775
2150869,10,16969,Donnie Darko,2001,3.5898497104644775
2151802,1,13501,Rocky IV,1985,3.5898497104644775
2151802,2,15575,Royal Wedding,1951,3.5898497104644775
2151802,3,747,Saber Marionette J,1996,3.5898497104644775
2151802,4,7798,Deep Evil,2004,3.5898497104644775
2151802,5,3165,Dirty Rotten Scoundrels,1988,3.5898497104644775
2151802,6,5793,Underworld,2003,3.5898497104644775
2151802,7,17147,She's the One,1996,3.5898497104644775
2151802,8,8846,Election,1999,3.5898497104644775
2151802,9,17152,Next Friday,2000,3.5898497104644775
2151802,10,16969,Donnie Darko,2001,3.5898497104644775
2152891,1,13501,Rocky IV,1985,3.5898497104644775
2152891,2,15575,Royal Wedding,1951,3.5898497104644775
2152891,3,747,Saber Marionette J,1996,3.5898497104644775
2152891,4,7798,Deep Evil,2004,3.5898497104644775
2152891,5,3165,Dirty Rotten Scoundrels,1988,3.5898497104644775
2152891,6,5793,Underworld,2003,3.5898497104644775
2152891,7,17147,She's the One,1996,3.5898497104644775
2152891,8,8846,Election,1999,3.5898497104644775
2152891,9,17152,Next Friday,2000,3.5898497104644775
2152891,10,16969,Donnie Darko,2001,3.5898497104644775
2156740,1,13501,Rocky IV,1985,3.5898497104644775
2156740,2,15575,Royal Wedding,1951,3.5898497104644775
2156740,3,747,Saber Marionette J,1996,3.5898497104644775
2156740,4,7798,Deep Evil,2004,3.5898497104644775
2156740,5,3165,Dirty Rotten Scoundrels,1988,3.5898497104644775
2156740,6,5793,Underworld,2003,3.5898497104644775
2156740,7,17147,She's the One,1996,3.5898497104644775
2156740,8,8846,Election,1999,3.5898497104644775
2156740,9,17152,Next Friday,2000,3.5898497104644775
2156740,10,16969,Donnie Darko,2001,3.5898497104644775
2160049,1,13501,Rocky IV,1985,3.5898497104644775
2160049,2,15575,Royal Wedding,1951,3.5898497104644775
2160049,3,747,Saber Marionette J,1996,3.5898497104644775
2160049,4,7798,Deep Evil,2004,3.5898497104644775
2160049,5,3165,Dirty Rotten Scoundrels,1988,3.5898497104644775
2160049,6,5793,Underworld,2003,3.5898497104644775
2160049,7,17147,She's the One,1996,3.5898497104644775
2160049,8,8846,Election,1999,3.5898497104644775
2160049,9,17152,Next Friday,2000,3.5898497104644775
2160049,10,16969,Donnie Darko,2001,3.5898497104644775
2163903,1,13501,Rocky IV,1985,3.5898497104644775
2163903,2,15575,Royal Wedding,1951,3.5898497104644775
2163903,3,747,Saber Marionette J,1996,3.5898497104644775
2163903,4,7798,Deep Evil,2004,3.5898497104644775
2163903,5,3165,Dirty Rotten Scoundrels,1988,3.5898497104644775
2163903,6,5793,Underworld,2003,3.5898497104644775
2163903,7,17147,She's the One,1996,3.5898497104644775
2163903,8,8846,Election,1999,3.5898497104644775
2163903,9,17152,Next Friday,2000,3.5898497104644775
2163903,10,16969,Donnie Darko,2001,3.5898497104644775
2168190,1,13501,Rocky IV,1985,3.5898497104644775
2168190,2,15575,Royal Wedding,1951,3.5898497104644775
2168190,3,747,Saber Marionette J,1996,3.5898497104644775
2168190,4,7798,Deep Evil,2004,3.5898497104644775
2168190,5,3165,Dirty Rotten Scoundrels,1988,3.5898497104644775
2168190,6,5793,Underworld,2003,3.5898497104644775
2168190,7,17147,She's the One,1996,3.5898497104644775
2168190,8,8846,Election,1999,3.5898497104644775
2168190,9,17152,Next Friday,2000,3.5898497104644775
2168190,10,16969,Donnie Darko,2001,3.5898497104644775
2175099,1,13501,Rocky IV,1985,3.5898497104644775
2175099,2,15575,Royal Wedding,1951,3.5898497104644775
2175099,3,747,Saber Marionette J,1996,3.5898497104644775
2175099,4,3165,Dirty Rotten Scoundrels,1988,3.5898497104644775
2175099,5,5793,Underworld,2003,3.5898497104644775
2175099,6,17147,She's the One,1996,3.5898497104644775
2175099,7,8846,Election,1999,3.5898497104644775
2175099,8,17152,Next Friday,2000,3.5898497104644775
2175099,9,16969,Donnie Darko,2001,3.5898497104644775
2175099,10,7055,Get Shorty,1995,3.5898497104644775
2177786,1,13501,Rocky IV,1985,3.5898497104644775
2177786,2,15575,Royal Wedding,1951,3.5898497104644775
2177786,3,747,Saber Marionette J,1996,3.5898497104644775
2177786,4,7798,Deep Evil,2004,3.5898497104644775
2177786,5,3165,Dirty Rotten Scoundrels,1988,3.5898497104644775
2177786,6,5793,Underworld,2003,3.5898497104644775
2177786,7,17147,She's the One,1996,3.5898497104644775
2177786,8,8846,Election,1999,3.5898497104644775
2177786,9,17152,Next Friday,2000,3.5898497104644775
2177786,10,16969,Donnie Darko,2001,3.5898497104644775
2192158,1,13501,Rocky IV,1985,3.5898497104644775
2192158,2,15575,Royal Wedding,1951,3.5898497104644775
2192158,3,747,Saber Marionette J,1996,3.5898497104644775
2192158,4,7798,Deep Evil,2004,3.5898497104644775
2192158,5,3165,Dirty Rotten Scoundrels,1988,3.5898497104644775
2192158,6,5793,Underworld,2003,3.5898497104644775
2192158,7,17147,She's the One,1996,3.5898497104644775
2192158,8,8846,Election,1999,3.5898497104644775
2192158,9,17152,Next Friday,2000,3.5898497104644775
2192158,10,16969,Donnie Darko,2001,3.5898497104644775
2198724,1,13501,Rocky IV,1985,3.5898497104644775
2198724,2,15575,Royal Wedding,1951,3.5898497104644775
2198724,3,747,Saber Marionette J,1996,3.5898497104644775
2198724,4,7798,Deep Evil,2004,3.5898497104644775
2198724,5,3165,Dirty Rotten Scoundrels,1988,3.5898497104644775
2198724,6,5793,Underworld,2003,3.5898497104644775
2198724,7,17147,She's the One,1996,3.5898497104644775
2198724,8,8846,Election,1999,3.5898497104644775
2198724,9,17152,Next Friday,2000,3.5898497104644775
2198724,10,16969,Donnie Darko,2001,3.5898497104644775
2199915,1,13501,Rocky IV,1985,3.5898497104644775
2199915,2,15575,Royal Wedding,1951,3.5898497104644775
2199915,3,747,Saber Marionette J,1996,3.5898497104644775
2199915,4,7798,Deep Evil,2004,3.5898497104644775
2199915,5,3165,Dirty Rotten Scoundrels,1988,3.5898497104644775
2199915,6,5793,Underworld,2003,3.5898497104644775
2199915,7,17147,She's the One,1996,3.5898497104644775
2199915,8,8846,Election,1999,3.5898497104644775
2199915,9,17152,Next Friday,2000,3.5898497104644775
2199915,10,16969,Donnie Darko,2001,3.5898497104644775
2205745,1,13501,Rocky IV,1985,3.5898497104644775
2205745,2,15575,Royal Wedding,1951,3.5898497104644775
2205745,3,747,Saber Marionette J,1996,3.5898497104644775
2205745,4,3165,Dirty Rotten Scoundrels,1988,3.5898497104644775
2205745,5,5793,Underworld,2003,3.5898497104644775
2205745,6,17147,She's the One,1996,3.5898497104644775
2205745,7,8846,Election,1999,3.5898497104644775
2205745,8,17152,Next Friday,2000,3.5898497104644775
2205745,9,16969,Donnie Darko,2001,3.5898497104644775
2205745,10,7055,Get Shorty,1995,3.5898497104644775
2208040,1,13501,Rocky IV,1985,3.5898497104644775
2208040,2,15575,Royal Wedding,1951,3.5898497104644775
2208040,3,747,Saber Marionette J,1996,3.5898497104644775
2208040,4,7798,Deep Evil,2004,3.5898497104644775
2208040,5,3165,Dirty Rotten Scoundrels,1988,3.5898497104644775
2208040,6,5793,Underworld,2003,3.5898497104644775
2208040,7,17147,She's the One,1996,3.5898497104644775
2208040,8,8846,Election,1999,3.5898497104644775
2208040,9,17152,Next Friday,2000,3.5898497104644775
2208040,10,16969,Donnie Darko,2001,3.5898497104644775
2217397,1,13501,Rocky IV,1985,3.5898497104644775
2217397,2,15575,Royal Wedding,1951,3.5898497104644775
2217397,3,747,Saber Marionette J,1996,3.5898497104644775
2217397,4,7798,Deep Evil,2004,3.5898497104644775
2217397,5,3165,Dirty Rotten Scoundrels,1988,3.5898497104644775
2217397,6,5793,Underworld,2003,3.5898497104644775
2217397,7,17147,She's the One,1996,3.5898497104644775
2217397,8,8846,Election,1999,3.5898497104644775
2217397,9,17152,Next Friday,2000,3.5898497104644775
2217397,10,16969,Donnie Darko,2001,3.5898497104644775
2221362,1,13501,Rocky IV,1985,3.5898497104644775
2221362,2,3165,Dirty Rotten Scoundrels,1988,3.5898497104644775
2221362,3,5793,Underworld,2003,3.5898497104644775
2221362,4,17147,She's the One,1996,3.5898497104644775
2221362,5,8846,Election,1999,3.5898497104644775
2221362,6,17152,Next Friday,2000,3.5898497104644775
2221362,7,16969,Donnie Darko,2001,3.5898497104644775
2221362,8,7055,Get Shorty,1995,3.5898497104644775
2221362,9,189,Airplane II: The Sequel,1982,3.5898497104644775
2221362,10,15582,Sweet Home Alabama,2002,3.5898497104644775
2228963,1,13501,Rocky IV,1985,3.5898497104644775
2228963,2,15575,Royal Wedding,1951,3.5898497104644775
2228963,3,747,Saber Marionette J,1996,3.5898497104644775
2228963,4,7798,Deep Evil,2004,3.5898497104644775
2228963,5,3165,Dirty Rotten Scoundrels,1988,3.5898497104644775
2228963,6,5793,Underworld,2003,3.5898497104644775
2228963,7,17147,She's the One,1996,3.5898497104644775
2228963,8,8846,Election,1999,3.5898497104644775
2228963,9,17152,Next Friday,2000,3.5898497104644775
2228963,10,16969,Donnie Darko,2001,3.5898497104644775
2241199,1,13501,Rocky IV,1985,3.5898497104644775
2241199,2,15575,Royal Wedding,1951,3.5898497104644775
2241199,3,747,Saber Marionette J,1996,3.5898497104644775
2241199,4,3165,Dirty Rotten Scoundrels,1988,3.5898497104644775
2241199,5,5793,Underworld,2003,3.5898497104644775
2241199,6,17147,She's the One,1996,3.5898497104644775
2241199,7,8846,Election,1999,3.5898497104644775
2241199,8,17152,Next Friday,2000,3.5898497104644775
2241199,9,16969,Donnie Darko,2001,3.5898497104644775
2241199,10,7055,Get Shorty,1995,3.5898497104644775
2246159,1,13501,Rocky IV,1985,3.5898497104644775
2246159,2,3165,Dirty Rotten Scoundrels,1988,3.5898497104644775
2246159,3,5793,Underworld,2003,3.5898497104644775
2246159,4,17147,She's the One,1996,3.5898497104644775
2246159,5,8846,Election,1999,3.5898497104644775
2246159,6,17152,Next Friday,2000,3.5898497104644775
2246159,7,16969,Donnie Darko,2001,3.5898497104644775
2246159,8,7055,Get Shorty,1995,3.5898497104644775
2246159,9,189,Airplane II: The Sequel,1982,3.5898497104644775
2246159,10,15582,Sweet Home Alabama,2002,3.5898497104644775
2249456,1,13501,Rocky IV,1985,3.5898497104644775
2249456,2,15575,Royal Wedding,1951,3.5898497104644775
2249456,3,747,Saber Marionette J,1996,3.5898497104644775
2249456,4,7798,Deep Evil,2004,3.5898497104644775
2249456,5,3165,Dirty Rotten Scoundrels,1988,3.5898497104644775
2249456,6,5793,Underworld,2003,3.5898497104644775
2249456,7,17147,She's the One,1996,3.5898497104644775
2249456,8,8846,Election,1999,3.5898497104644775
2249456,9,17152,Next Friday,2000,3.5898497104644775
2249456,10,16969,Donnie Darko,2001,3.5898497104644775
2264244,1,13501,Rocky IV,1985,3.5898497104644775
2264244,2,15575,Royal Wedding,1951,3.5898497104644775
2264244,3,747,Saber Marionette J,1996,3.5898497104644775
2264244,4,7798,Deep Evil,2004,3.5898497104644775
2264244,5,3165,Dirty Rotten Scoundrels,1988,3.5898497104644775
2264244,6,5793,Underworld,2003,3.5898497104644775
2264244,7,17147,She's the One,1996,3.5898497104644775
2264244,8,8846,Election,1999,3.5898497104644775
2264244,9,17152,Next Friday,2000,3.5898497104644775
2264244,10,16969,Donnie Darko,2001,3.5898497104644775
2267371,1,13501,Rocky IV,1985,3.5898497104644775
2267371,2,15575,Royal Wedding,1951,3.5898497104644775
2267371,3,747,Saber Marionette J,1996,3.5898497104644775
2267371,4,3165,Dirty Rotten Scoundrels,1988,3.5898497104644775
2267371,5,5793,Underworld,2003,3.5898497104644775
2267371,6,17147,She's the One,1996,3.5898497104644775
2267371,7,8846,Election,1999,3.5898497104644775
2267371,8,17152,Next Friday,2000,3.5898497104644775
2267371,9,16969,Donnie Darko,2001,3.5898497104644775
2267371,10,7055,Get Shorty,1995,3.5898497104644775
2268220,1,13501,Rocky IV,1985,3.5898497104644775
2268220,2,15575,Royal Wedding,1951,3.5898497104644775
2268220,3,747,Saber Marionette J,1996,3.5898497104644775
2268220,4,7798,Deep Evil,2004,3.5898497104644775
2268220,5,3165,Dirty Rotten Scoundrels,1988,3.5898497104644775
2268220,6,5793,Underworld,2003,3.5898497104644775
2268220,7,17147,She's the One,1996,3.5898497104644775
2268220,8,8846,Election,1999,3.5898497104644775
2268220,9,17152,Next Friday,2000,3.5898497104644775
2268220,10,16969,Donnie Darko,2001,3.5898497104644775
2279798,1,13501,Rocky IV,1985,3.5898497104644775
2279798,2,15575,Royal Wedding,1951,3.5898497104644775
2279798,3,747,Saber Marionette J,1996,3.5898497104644775
2279798,4,7798,Deep Evil,2004,3.5898497104644775
2279798,5,3165,Dirty Rotten Scoundrels,1988,3.5898497104644775
2279798,6,5793,Underworld,2003,3.5898497104644775
2279798,7,17147,She's the One,1996,3.5898497104644775
2279798,8,8846,Election,1999,3.5898497104644775
2279798,9,17152,Next Friday,2000,3.5898497104644775
2279798,10,16969,Donnie Darko,2001,3.5898497104644775
2280291,1,13501,Rocky IV,1985,3.5898497104644775
2280291,2,15575,Royal Wedding,1951,3.5898497104644775
2280291,3,747,Saber Marionette J,1996,3.5898497104644775
2280291,4,7798,Deep Evil,2004,3.5898497104644775
2280291,5,3165,Dirty Rotten Scoundrels,1988,3.5898497104644775
2280291,6,5793,Underworld,2003,3.5898497104644775
2280291,7,17147,She's the One,1996,3.5898497104644775
2280291,8,8846,Election,1999,3.5898497104644775
2280291,9,17152,Next Friday,2000,3.5898497104644775
2280291,10,16969,Donnie Darko,2001,3.5898497104644775
2282961,1,13501,Rocky IV,1985,3.5898497104644775
2282961,2,15575,Royal Wedding,1951,3.5898497104644775
2282961,3,747,Saber Marionette J,1996,3.5898497104644775
2282961,4,7798,Deep Evil,2004,3.5898497104644775
2282961,5,3165,Dirty Rotten Scoundrels,1988,3.5898497104644775
2282961,6,5793,Underworld,2003,3.5898497104644775
2282961,7,17147,She's the One,1996,3.5898497104644775
2282961,8,8846,Election,1999,3.5898497104644775
2282961,9,17152,Next Friday,2000,3.5898497104644775
2282961,10,16969,Donnie Darko,2001,3.5898497104644775
2284160,1,13501,Rocky IV,1985,3.5898497104644775
2284160,2,15575,Royal Wedding,1951,3.5898497104644775
2284160,3,747,Saber Marionette J,1996,3.5898497104644775
2284160,4,7798,Deep Evil,2004,3.5898497104644775
2284160,5,3165,Dirty Rotten Scoundrels,1988,3.5898497104644775
2284160,6,5793,Underworld,2003,3.5898497104644775
2284160,7,17147,She's the One,1996,3.5898497104644775
2284160,8,8846,Election,1999,3.5898497104644775
2284160,9,17152,Next Friday,2000,3.5898497104644775
2284160,10,16969,Donnie Darko,2001,3.5898497104644775
2292093,1,13501,Rocky IV,1985,3.5898497104644775
2292093,2,15575,Royal Wedding,1951,3.5898497104644775
2292093,3,747,Saber Marionette J,1996,3.5898497104644775
2292093,4,7798,Deep Evil,2004,3.5898497104644775
2292093,5,3165,Dirty Rotten Scoundrels,1988,3.5898497104644775
2292093,6,5793,Underworld,2003,3.5898497104644775
2292093,7,17147,She's the One,1996,3.5898497104644775
2292093,8,8846,Election,1999,3.5898497104644775
2292093,9,17152,Next Friday,2000,3.5898497104644775
2292093,10,16969,Donnie Darko,2001,3.5898497104644775
2300734,1,13501,Rocky IV,1985,3.5898497104644775
2300734,2,15575,Royal Wedding,1951,3.5898497104644775
2300734,3,747,Saber Marionette J,1996,3.5898497104644775
2300734,4,7798,Deep Evil,2004,3.5898497104644775
2300734,5,3165,Dirty Rotten Scoundrels,1988,3.5898497104644775
2300734,6,5793,Underworld,2003,3.5898497104644775
2300734,7,17147,She's the One,1996,3.5898497104644775
2300734,8,8846,Election,1999,3.5898497104644775
2300734,9,17152,Next Friday,2000,3.5898497104644775
2300734,10,16969,Donnie Darko,2001,3.5898497104644775
2301679,1,13501,Rocky IV,1985,3.5898497104644775
2301679,2,15575,Royal Wedding,1951,3.5898497104644775
2301679,3,747,Saber Marionette J,1996,3.5898497104644775
2301679,4,7798,Deep Evil,2004,3.5898497104644775
2301679,5,3165,Dirty Rotten Scoundrels,1988,3.5898497104644775
2301679,6,5793,Underworld,2003,3.5898497104644775
2301679,7,17147,She's the One,1996,3.5898497104644775
2301679,8,8846,Election,1999,3.5898497104644775
2301679,9,17152,Next Friday,2000,3.5898497104644775
2301679,10,16969,Donnie Darko,2001,3.5898497104644775
2312171,1,13501,Rocky IV,1985,3.5898497104644775
2312171,2,15575,Royal Wedding,1951,3.5898497104644775
2312171,3,747,Saber Marionette J,1996,3.5898497104644775
2312171,4,7798,Deep Evil,2004,3.5898497104644775
2312171,5,3165,Dirty Rotten Scoundrels,1988,3.5898497104644775
2312171,6,5793,Underworld,2003,3.5898497104644775
2312171,7,17147,She's the One,1996,3.5898497104644775
2312171,8,8846,Election,1999,3.5898497104644775
2312171,9,17152,Next Friday,2000,3.5898497104644775
2312171,10,16969,Donnie Darko,2001,3.5898497104644775
2316015,1,13501,Rocky IV,1985,3.5898497104644775
2316015,2,15575,Royal Wedding,1951,3.5898497104644775
2316015,3,3165,Dirty Rotten Scoundrels,1988,3.5898497104644775
2316015,4,5793,Underworld,2003,3.5898497104644775
2316015,5,17147,She's the One,1996,3.5898497104644775
2316015,6,8846,Election,1999,3.5898497104644775
2316015,7,17152,Next Friday,2000,3.5898497104644775
2316015,8,16969,Donnie Darko,2001,3.5898497104644775
2316015,9,7055,Get Shorty,1995,3.5898497104644775
2316015,10,189,Airplane II: The Sequel,1982,3.5898497104644775
2325737,1,3165,Dirty Rotten Scoundrels,1988,3.5898497104644775
2325737,2,5793,Underworld,2003,3.5898497104644775
2325737,3,17147,She's the One,1996,3.5898497104644775
2325737,4,8846,Election,1999,3.5898497104644775
2325737,5,17152,Next Friday,2000,3.5898497104644775
2325737,6,16969,Donnie Darko,2001,3.5898497104644775
2325737,7,7055,Get Shorty,1995,3.5898497104644775
2325737,8,189,Airplane II: The Sequel,1982,3.5898497104644775
2325737,9,15582,Sweet Home Alabama,2002,3.5898497104644775
2325737,10,8636,Lara Croft: Tomb Raider: The Cradle of Life,2003,3.5898497104644775
2325871,1,3165,Dirty Rotten Scoundrels,1988,3.5898497104644775
2325871,2,5793,Underworld,2003,3.5898497104644775
2325871,3,17147,She's the One,1996,3.5898497104644775
2325871,4,8846,Election,1999,3.5898497104644775
2325871,5,17152,Next Friday,2000,3.5898497104644775
2325871,6,16969,Donnie Darko,2001,3.5898497104644775
2325871,7,7055,Get Shorty,1995,3.5898497104644775
2325871,8,189,Airplane II: The Sequel,1982,3.5898497104644775
2325871,9,15582,Sweet Home Alabama,2002,3.5898497104644775
2325871,10,8636,Lara Croft: Tomb Raider: The Cradle of Life,2003,3.5898497104644775
2326211,1,13501,Rocky IV,1985,3.5898497104644775
2326211,2,3165,Dirty Rotten Scoundrels,1988,3.5898497104644775
2326211,3,5793,Underworld,2003,3.5898497104644775
2326211,4,17147,She's the One,1996,3.5898497104644775
2326211,5,8846,Election,1999,3.5898497104644775
2326211,6,17152,Next Friday,2000,3.5898497104644775
2326211,7,16969,Donnie Darko,2001,3.5898497104644775
2326211,8,7055,Get Shorty,1995,3.5898497104644775
2326211,9,189,Airplane II: The Sequel,1982,3.5898497104644775
2326211,10,15582,Sweet Home Alabama,2002,3.5898497104644775
2329026,1,3165,Dirty Rotten Scoundrels,1988,3.5898497104644775
2329026,2,5793,Underworld,2003,3.5898497104644775
2329026,3,17147,She's the One,1996,3.5898497104644775
2329026,4,8846,Election,1999,3.5898497104644775
2329026,5,17152,Next Friday,2000,3.5898497104644775
2329026,6,16969,Donnie Darko,2001,3.5898497104644775
2329026,7,7055,Get Shorty,1995,3.5898497104644775
2329026,8,189,Airplane II: The Sequel,1982,3.5898497104644775
2329026,9,15582,Sweet Home Alabama,2002,3.5898497104644775
2329026,10,8636,Lara Croft: Tomb Raider: The Cradle of Life,2003,3.5898497104644775
2337846,1,13501,Rocky IV,1985,3.5898497104644775
2337846,2,15575,Royal Wedding,1951,3.5898497104644775
2337846,3,3165,Dirty Rotten Scoundrels,1988,3.5898497104644775
2337846,4,5793,Underworld,2003,3.5898497104644775
2337846,5,17147,She's the One,1996,3.5898497104644775
2337846,6,8846,Election,1999,3.5898497104644775
2337846,7,17152,Next Friday,2000,3.5898497104644775
2337846,8,16969,Donnie Darko,2001,3.5898497104644775
2337846,9,7055,Get Shorty,1995,3.5898497104644775
2337846,10,189,Airplane II: The Sequel,1982,3.5898497104644775
2338841,1,13501,Rocky IV,1985,3.5898497104644775
2338841,2,15575,Royal Wedding,1951,3.5898497104644775
2338841,3,3165,Dirty Rotten Scoundrels,1988,3.5898497104644775
2338841,4,5793,Underworld,2003,3.5898497104644775
2338841,5,17147,She's the One,1996,3.5898497104644775
2338841,6,8846,Election,1999,3.5898497104644775
2338841,7,17152,Next Friday,2000,3.5898497104644775
2338841,8,16969,Donnie Darko,2001,3.5898497104644775
2338841,9,7055,Get Shorty,1995,3.5898497104644775
2338841,10,189,Airplane II: The Sequel,1982,3.5898497104644775
2367880,1,13501,Rocky IV,1985,3.5898497104644775
2367880,2,15575,Royal Wedding,1951,3.5898497104644775
2367880,3,747,Saber Marionette J,1996,3.5898497104644775
2367880,4,7798,Deep Evil,2004,3.5898497104644775
2367880,5,3165,Dirty Rotten Scoundrels,1988,3.5898497104644775
2367880,6,5793,Underworld,2003,3.5898497104644775
2367880,7,17147,She's the One,1996,3.5898497104644775
2367880,8,8846,Election,1999,3.5898497104644775
2367880,9,17152,Next Friday,2000,3.5898497104644775
2367880,10,16969,Donnie Darko,2001,3.5898497104644775
2372711,1,13501,Rocky IV,1985,3.5898497104644775
2372711,2,15575,Royal Wedding,1951,3.5898497104644775
2372711,3,3165,Dirty Rotten Scoundrels,1988,3.5898497104644775
2372711,4,5793,Underworld,2003,3.5898497104644775
2372711,5,17147,She's the One,1996,3.5898497104644775
2372711,6,8846,Election,1999,3.5898497104644775
2372711,7,17152,Next Friday,2000,3.5898497104644775
2372711,8,16969,Donnie Darko,2001,3.5898497104644775
2372711,9,7055,Get Shorty,1995,3.5898497104644775
2372711,10,189,Airplane II: The Sequel,1982,3.5898497104644775
2377847,1,13501,Rocky IV,1985,3.5898497104644775
2377847,2,15575,Royal Wedding,1951,3.5898497104644775
2377847,3,747,Saber Marionette J,1996,3.5898497104644775
2377847,4,7798,Deep Evil,2004,3.5898497104644775
2377847,5,3165,Dirty Rotten Scoundrels,1988,3.5898497104644775
2377847,6,5793,Underworld,2003,3.5898497104644775
2377847,7,17147,She's the One,1996,3.5898497104644775
2377847,8,8846,Election,1999,3.5898497104644775
2377847,9,17152,Next Friday,2000,3.5898497104644775
2377847,10,16969,Donnie Darko,2001,3.5898497104644775
2396995,1,13501,Rocky IV,1985,3.5898497104644775
2396995,2,15575,Royal Wedding,1951,3.5898497104644775
2396995,3,747,Saber Marionette J,1996,3.5898497104644775
2396995,4,7798,Deep Evil,2004,3.5898497104644775
2396995,5,3165,Dirty Rotten Scoundrels,1988,3.5898497104644775
2396995,6,5793,Underworld,2003,3.5898497104644775
2396995,7,17147,She's the One,1996,3.5898497104644775
2396995,8,8846,Election,1999,3.5898497104644775
2396995,9,17152,Next Friday,2000,3.5898497104644775
2396995,10,16969,Donnie Darko,2001,3.5898497104644775
2400021,1,13501,Rocky IV,1985,3.5898497104644775
2400021,2,15575,Royal Wedding,1951,3.5898497104644775
2400021,3,747,Saber Marionette J,1996,3.5898497104644775
2400021,4,7798,Deep Evil,2004,3.5898497104644775
2400021,5,3165,Dirty Rotten Scoundrels,1988,3.5898497104644775
2400021,6,5793,Underworld,2003,3.5898497104644775
2400021,7,17147,She's the One,1996,3.5898497104644775
2400021,8,8846,Election,1999,3.5898497104644775
2400021,9,17152,Next Friday,2000,3.5898497104644775
2400021,10,16969,Donnie Darko,2001,3.5898497104644775
2407007,1,13501,Rocky IV,1985,3.5898497104644775
2407007,2,15575,Royal Wedding,1951,3.5898497104644775
2407007,3,747,Saber Marionette J,1996,3.5898497104644775
2407007,4,7798,Deep Evil,2004,3.5898497104644775
2407007,5,11681,Focus,2001,3.5898497104644775
2407007,6,2134,Jesus and His Times,2000,3.5898497104644775
2407007,7,1713,Patlabor: The Mobile Police: Original Series,1988,3.5898497104644775
2407007,8,11108,National Geographic: Inside the U.S. Secret Service,2004,3.5898497104644775
2407007,9,10387,One Million Years B.C.,1967,3.5898497104644775
2407007,10,11023,Bubblegum Crisis,1998,3.5898497104644775
2416753,1,13501,Rocky IV,1985,3.5898497104644775
2416753,2,15575,Royal Wedding,1951,3.5898497104644775
2416753,3,747,Saber Marionette J,1996,3.5898497104644775
2416753,4,7798,Deep Evil,2004,3.5898497104644775
2416753,5,3165,Dirty Rotten Scoundrels,1988,3.5898497104644775
2416753,6,5793,Underworld,2003,3.5898497104644775
2416753,7,17147,She's the One,1996,3.5898497104644775
2416753,8,8846,Election,1999,3.5898497104644775
2416753,9,17152,Next Friday,2000,3.5898497104644775
2416753,10,16969,Donnie Darko,2001,3.5898497104644775
2424568,1,13501,Rocky IV,1985,3.5898497104644775
2424568,2,15575,Royal Wedding,1951,3.5898497104644775
2424568,3,747,Saber Marionette J,1996,3.5898497104644775
2424568,4,7798,Deep Evil,2004,3.5898497104644775
2424568,5,3165,Dirty Rotten Scoundrels,1988,3.5898497104644775
2424568,6,5793,Underworld,2003,3.5898497104644775
2424568,7,17147,She's the One,1996,3.5898497104644775
2424568,8,8846,Election,1999,3.5898497104644775
2424568,9,17152,Next Friday,2000,3.5898497104644775
2424568,10,16969,Donnie Darko,2001,3.5898497104644775
2425195,1,13501,Rocky IV,1985,3.5898497104644775
2425195,2,3165,Dirty Rotten Scoundrels,1988,3.5898497104644775
2425195,3,5793,Underworld,2003,3.5898497104644775
2425195,4,17147,She's the One,1996,3.5898497104644775
2425195,5,8846,Election,1999,3.5898497104644775
2425195,6,17152,Next Friday,2000,3.5898497104644775
2425195,7,16969,Donnie Darko,2001,3.5898497104644775
2425195,8,7055,Get Shorty,1995,3.5898497104644775
2425195,9,189,Airplane II: The Sequel,1982,3.5898497104644775
2425195,10,15582,Sweet Home Alabama,2002,3.5898497104644775
2430028,1,13501,Rocky IV,1985,3.5898497104644775
2430028,2,15575,Royal Wedding,1951,3.5898497104644775
2430028,3,747,Saber Marionette J,1996,3.5898497104644775
2430028,4,7798,Deep Evil,2004,3.5898497104644775
2430028,5,3165,Dirty Rotten Scoundrels,1988,3.5898497104644775
2430028,6,5793,Underworld,2003,3.5898497104644775
2430028,7,17147,She's the One,1996,3.5898497104644775
2430028,8,8846,Election,1999,3.5898497104644775
2430028,9,17152,Next Friday,2000,3.5898497104644775
2430028,10,16969,Donnie Darko,2001,3.5898497104644775
2431829,1,13501,Rocky IV,1985,3.5898497104644775
2431829,2,15575,Royal Wedding,1951,3.5898497104644775
2431829,3,3165,Dirty Rotten Scoundrels,1988,3.5898497104644775
2431829,4,5793,Underworld,2003,3.5898497104644775
2431829,5,17147,She's the One,1996,3.5898497104644775
2431829,6,8846,Election,1999,3.5898497104644775
2431829,7,17152,Next Friday,2000,3.5898497104644775
2431829,8,16969,Donnie Darko,2001,3.5898497104644775
2431829,9,7055,Get Shorty,1995,3.5898497104644775
2431829,10,189,Airplane II: The Sequel,1982,3.5898497104644775
2435040,1,13501,Rocky IV,1985,3.5898497104644775
2435040,2,15575,Royal Wedding,1951,3.5898497104644775
2435040,3,747,Saber Marionette J,1996,3.5898497104644775
2435040,4,7798,Deep Evil,2004,3.5898497104644775
2435040,5,3165,Dirty Rotten Scoundrels,1988,3.5898497104644775
2435040,6,5793,Underworld,2003,3.5898497104644775
2435040,7,17147,She's the One,1996,3.5898497104644775
2435040,8,8846,Election,1999,3.5898497104644775
2435040,9,17152,Next Friday,2000,3.5898497104644775
2435040,10,16969,Donnie Darko,2001,3.5898497104644775
2440000,1,13501,Rocky IV,1985,3.5898497104644775
2440000,2,15575,Royal Wedding,1951,3.5898497104644775
2440000,3,747,Saber Marionette J,1996,3.5898497104644775
2440000,4,7798,Deep Evil,2004,3.5898497104644775
2440000,5,3165,Dirty Rotten Scoundrels,1988,3.5898497104644775
2440000,6,5793,Underworld,2003,3.5898497104644775
2440000,7,17147,She's the One,1996,3.5898497104644775
2440000,8,8846,Election,1999,3.5898497104644775
2440000,9,17152,Next Friday,2000,3.5898497104644775
2440000,10,16969,Donnie Darko,2001,3.5898497104644775
2444953,1,13501,Rocky IV,1985,3.5898497104644775
2444953,2,15575,Royal Wedding,1951,3.5898497104644775
2444953,3,747,Saber Marionette J,1996,3.5898497104644775
2444953,4,7798,Deep Evil,2004,3.5898497104644775
2444953,5,11681,Focus,2001,3.5898497104644775
2444953,6,2134,Jesus and His Times,2000,3.5898497104644775
2444953,7,1713,Patlabor: The Mobile Police: Original Series,1988,3.5898497104644775
2444953,8,11108,National Geographic: Inside the U.S. Secret Service,2004,3.5898497104644775
2444953,9,10387,One Million Years B.C.,1967,3.5898497104644775
2444953,10,11023,Bubblegum Crisis,1998,3.5898497104644775
2446481,1,13501,Rocky IV,1985,3.5898497104644775
2446481,2,15575,Royal Wedding,1951,3.5898497104644775
2446481,3,747,Saber Marionette J,1996,3.5898497104644775
2446481,4,7798,Deep Evil,2004,3.5898497104644775
2446481,5,3165,Dirty Rotten Scoundrels,1988,3.5898497104644775
2446481,6,5793,Underworld,2003,3.5898497104644775
2446481,7,17147,She's the One,1996,3.5898497104644775
2446481,8,8846,Election,1999,3.5898497104644775
2446481,9,17152,Next Friday,2000,3.5898497104644775
2446481,10,16969,Donnie Darko,2001,3.5898497104644775
2448892,1,13501,Rocky IV,1985,3.5898497104644775
2448892,2,3165,Dirty Rotten Scoundrels,1988,3.5898497104644775
2448892,3,5793,Underworld,2003,3.5898497104644775
2448892,4,17147,She's the One,1996,3.5898497104644775
2448892,5,8846,Election,1999,3.5898497104644775
2448892,6,17152,Next Friday,2000,3.5898497104644775
2448892,7,16969,Donnie Darko,2001,3.5898497104644775
2448892,8,7055,Get Shorty,1995,3.5898497104644775
2448892,9,189,Airplane II: The Sequel,1982,3.5898497104644775
2448892,10,15582,Sweet Home Alabama,2002,3.5898497104644775
2450549,1,13501,Rocky IV,1985,3.5898497104644775
2450549,2,15575,Royal Wedding,1951,3.5898497104644775
2450549,3,747,Saber Marionette J,1996,3.5898497104644775
2450549,4,7798,Deep Evil,2004,3.5898497104644775
2450549,5,3165,Dirty Rotten Scoundrels,1988,3.5898497104644775
2450549,6,5793,Underworld,2003,3.5898497104644775
2450549,7,17147,She's the One,1996,3.5898497104644775
2450549,8,8846,Election,1999,3.5898497104644775
2450549,9,17152,Next Friday,2000,3.5898497104644775
2450549,10,16969,Donnie Darko,2001,3.5898497104644775
2456461,1,13501,Rocky IV,1985,3.5898497104644775
2456461,2,15575,Royal Wedding,1951,3.5898497104644775
2456461,3,747,Saber Marionette J,1996,3.5898497104644775
2456461,4,7798,Deep Evil,2004,3.5898497104644775
2456461,5,3165,Dirty Rotten Scoundrels,1988,3.5898497104644775
2456461,6,5793,Underworld,2003,3.5898497104644775
2456461,7,17147,She's the One,1996,3.5898497104644775
2456461,8,8846,Election,1999,3.5898497104644775
2456461,9,17152,Next Friday,2000,3.5898497104644775
2456461,10,16969,Donnie Darko,2001,3.5898497104644775
2463244,1,13501,Rocky IV,1985,3.5898497104644775
2463244,2,15575,Royal Wedding,1951,3.5898497104644775
2463244,3,747,Saber Marionette J,1996,3.5898497104644775
2463244,4,5793,Underworld,2003,3.5898497104644775
2463244,5,17147,She's the One,1996,3.5898497104644775
2463244,6,8846,Election,1999,3.5898497104644775
2463244,7,17152,Next Friday,2000,3.5898497104644775
2463244,8,16969,Donnie Darko,2001,3.5898497104644775
2463244,9,7055,Get Shorty,1995,3.5898497104644775
2463244,10,189,Airplane II: The Sequel,1982,3.5898497104644775
2465221,1,13501,Rocky IV,1985,3.5898497104644775
2465221,2,15575,Royal Wedding,1951,3.5898497104644775
2465221,3,747,Saber Marionette J,1996,3.5898497104644775
2465221,4,7798,Deep Evil,2004,3.5898497104644775
2465221,5,3165,Dirty Rotten Scoundrels,1988,3.5898497104644775
2465221,6,5793,Underworld,2003,3.5898497104644775
2465221,7,17147,She's the One,1996,3.5898497104644775
2465221,8,8846,Election,1999,3.5898497104644775
2465221,9,17152,Next Friday,2000,3.5898497104644775
2465221,10,16969,Donnie Darko,2001,3.5898497104644775
2466269,1,13501,Rocky IV,1985,3.5898497104644775
2466269,2,15575,Royal Wedding,1951,3.5898497104644775
2466269,3,747,Saber Marionette J,1996,3.5898497104644775
2466269,4,7798,Deep Evil,2004,3.5898497104644775
2466269,5,3165,Dirty Rotten Scoundrels,1988,3.5898497104644775
2466269,6,5793,Underworld,2003,3.5898497104644775
2466269,7,17147,She's the One,1996,3.5898497104644775
2466269,8,8846,Election,1999,3.5898497104644775
2466269,9,17152,Next Friday,2000,3.5898497104644775
2466269,10,16969,Donnie Darko,2001,3.5898497104644775
2476050,1,13501,Rocky IV,1985,3.5898497104644775
2476050,2,15575,Royal Wedding,1951,3.5898497104644775
2476050,3,747,Saber Marionette J,1996,3.5898497104644775
2476050,4,7798,Deep Evil,2004,3.5898497104644775
2476050,5,3165,Dirty Rotten Scoundrels,1988,3.5898497104644775
2476050,6,5793,Underworld,2003,3.5898497104644775
2476050,7,17147,She's the One,1996,3.5898497104644775
2476050,8,8846,Election,1999,3.5898497104644775
2476050,9,17152,Next Friday,2000,3.5898497104644775
2476050,10,16969,Donnie Darko,2001,3.5898497104644775
2482865,1,13501,Rocky IV,1985,3.5898497104644775
2482865,2,15575,Royal Wedding,1951,3.5898497104644775
2482865,3,747,Saber Marionette J,1996,3.5898497104644775
2482865,4,7798,Deep Evil,2004,3.5898497104644775
2482865,5,3165,Dirty Rotten Scoundrels,1988,3.5898497104644775
2482865,6,5793,Underworld,2003,3.5898497104644775
2482865,7,17147,She's the One,1996,3.5898497104644775
2482865,8,8846,Election,1999,3.5898497104644775
2482865,9,17152,Next Friday,2000,3.5898497104644775
2482865,10,16969,Donnie Darko,2001,3.5898497104644775
2495286,1,13501,Rocky IV,1985,3.5898497104644775
2495286,2,15575,Royal Wedding,1951,3.5898497104644775
2495286,3,747,Saber Marionette J,1996,3.5898497104644775
2495286,4,7798,Deep Evil,2004,3.5898497104644775
2495286,5,3165,Dirty Rotten Scoundrels,1988,3.5898497104644775
2495286,6,5793,Underworld,2003,3.5898497104644775
2495286,7,17147,She's the One,1996,3.5898497104644775
2495286,8,8846,Election,1999,3.5898497104644775
2495286,9,17152,Next Friday,2000,3.5898497104644775
2495286,10,16969,Donnie Darko,2001,3.5898497104644775
2495395,1,13501,Rocky IV,1985,3.5898497104644775
2495395,2,15575,Royal Wedding,1951,3.5898497104644775
2495395,3,747,Saber Marionette J,1996,3.5898497104644775
2495395,4,7798,Deep Evil,2004,3.5898497104644775
2495395,5,3165,Dirty Rotten Scoundrels,1988,3.5898497104644775
2495395,6,5793,Underworld,2003,3.5898497104644775
2495395,7,17147,She's the One,1996,3.5898497104644775
2495395,8,8846,Election,1999,3.5898497104644775
2495395,9,17152,Next Friday,2000,3.5898497104644775
2495395,10,16969,Donnie Darko,2001,3.5898497104644775
2498579,1,13501,Rocky IV,1985,3.5898497104644775
2498579,2,15575,Royal Wedding,1951,3.5898497104644775
2498579,3,747,Saber Marionette J,1996,3.5898497104644775
2498579,4,7798,Deep Evil,2004,3.5898497104644775
2498579,5,3165,Dirty Rotten Scoundrels,1988,3.5898497104644775
2498579,6,5793,Underworld,2003,3.5898497104644775
2498579,7,17147,She's the One,1996,3.5898497104644775
2498579,8,8846,Election,1999,3.5898497104644775
2498579,9,17152,Next Friday,2000,3.5898497104644775
2498579,10,16969,Donnie Darko,2001,3.5898497104644775
2500181,1,13501,Rocky IV,1985,3.5898497104644775
2500181,2,15575,Royal Wedding,1951,3.5898497104644775
2500181,3,747,Saber Marionette J,1996,3.5898497104644775
2500181,4,7798,Deep Evil,2004,3.5898497104644775
2500181,5,3165,Dirty Rotten Scoundrels,1988,3.5898497104644775
2500181,6,5793,Underworld,2003,3.5898497104644775
2500181,7,17147,She's the One,1996,3.5898497104644775
2500181,8,8846,Election,1999,3.5898497104644775
2500181,9,17152,Next Friday,2000,3.5898497104644775
2500181,10,16969,Donnie Darko,2001,3.5898497104644775
2506879,1,13501,Rocky IV,1985,3.5898497104644775
2506879,2,15575,Royal Wedding,1951,3.5898497104644775
2506879,3,747,Saber Marionette J,1996,3.5898497104644775
2506879,4,7798,Deep Evil,2004,3.5898497104644775
2506879,5,3165,Dirty Rotten Scoundrels,1988,3.5898497104644775
2506879,6,5793,Underworld,2003,3.5898497104644775
2506879,7,17147,She's the One,1996,3.5898497104644775
2506879,8,8846,Election,1999,3.5898497104644775
2506879,9,17152,Next Friday,2000,3.5898497104644775
2506879,10,16969,Donnie Darko,2001,3.5898497104644775
2507090,1,13501,Rocky IV,1985,3.5898497104644775
2507090,2,15575,Royal Wedding,1951,3.5898497104644775
2507090,3,747,Saber Marionette J,1996,3.5898497104644775
2507090,4,3165,Dirty Rotten Scoundrels,1988,3.5898497104644775
2507090,5,5793,Underworld,2003,3.5898497104644775
2507090,6,17147,She's the One,1996,3.5898497104644775
2507090,7,8846,Election,1999,3.5898497104644775
2507090,8,17152,Next Friday,2000,3.5898497104644775
2507090,9,16969,Donnie Darko,2001,3.5898497104644775
2507090,10,7055,Get Shorty,1995,3.5898497104644775
2507981,1,13501,Rocky IV,1985,3.5898497104644775
2507981,2,15575,Royal Wedding,1951,3.5898497104644775
2507981,3,3165,Dirty Rotten Scoundrels,1988,3.5898497104644775
2507981,4,5793,Underworld,2003,3.5898497104644775
2507981,5,17147,She's the One,1996,3.5898497104644775
2507981,6,8846,Election,1999,3.5898497104644775
2507981,7,17152,Next Friday,2000,3.5898497104644775
2507981,8,16969,Donnie Darko,2001,3.5898497104644775
2507981,9,7055,Get Shorty,1995,3.5898497104644775
2507981,10,189,Airplane II: The Sequel,1982,3.5898497104644775
2516355,1,13501,Rocky IV,1985,3.5898497104644775
2516355,2,15575,Royal Wedding,1951,3.5898497104644775
2516355,3,747,Saber Marionette J,1996,3.5898497104644775
2516355,4,7798,Deep Evil,2004,3.5898497104644775
2516355,5,3165,Dirty Rotten Scoundrels,1988,3.5898497104644775
2516355,6,5793,Underworld,2003,3.5898497104644775
2516355,7,17147,She's the One,1996,3.5898497104644775
2516355,8,8846,Election,1999,3.5898497104644775
2516355,9,17152,Next Friday,2000,3.5898497104644775
2516355,10,16969,Donnie Darko,2001,3.5898497104644775
2517840,1,13501,Rocky IV,1985,3.5898497104644775
2517840,2,15575,Royal Wedding,1951,3.5898497104644775
2517840,3,747,Saber Marionette J,1996,3.5898497104644775
2517840,4,7798,Deep Evil,2004,3.5898497104644775
2517840,5,3165,Dirty Rotten Scoundrels,1988,3.5898497104644775
2517840,6,5793,Underworld,2003,3.5898497104644775
2517840,7,17147,She's the One,1996,3.5898497104644775
2517840,8,8846,Election,1999,3.5898497104644775
2517840,9,17152,Next Friday,2000,3.5898497104644775
2517840,10,16969,Donnie Darko,2001,3.5898497104644775
2534919,1,13501,Rocky IV,1985,3.5898497104644775
2534919,2,15575,Royal Wedding,1951,3.5898497104644775
2534919,3,747,Saber Marionette J,1996,3.5898497104644775
2534919,4,7798,Deep Evil,2004,3.5898497104644775
2534919,5,3165,Dirty Rotten Scoundrels,1988,3.5898497104644775
2534919,6,5793,Underworld,2003,3.5898497104644775
2534919,7,17147,She's the One,1996,3.5898497104644775
2534919,8,8846,Election,1999,3.5898497104644775
2534919,9,17152,Next Friday,2000,3.5898497104644775
2534919,10,16969,Donnie Darko,2001,3.5898497104644775
2535210,1,13501,Rocky IV,1985,3.5898497104644775
2535210,2,15575,Royal Wedding,1951,3.5898497104644775
2535210,3,747,Saber Marionette J,1996,3.5898497104644775
2535210,4,7798,Deep Evil,2004,3.5898497104644775
2535210,5,3165,Dirty Rotten Scoundrels,1988,3.5898497104644775
2535210,6,5793,Underworld,2003,3.5898497104644775
2535210,7,17147,She's the One,1996,3.5898497104644775
2535210,8,8846,Election,1999,3.5898497104644775
2535210,9,17152,Next Friday,2000,3.5898497104644775
2535210,10,16969,Donnie Darko,2001,3.5898497104644775
2535875,1,13501,Rocky IV,1985,3.5898497104644775
2535875,2,15575,Royal Wedding,1951,3.5898497104644775
2535875,3,747,Saber Marionette J,1996,3.5898497104644775
2535875,4,7798,Deep Evil,2004,3.5898497104644775
2535875,5,3165,Dirty Rotten Scoundrels,1988,3.5898497104644775
2535875,6,5793,Underworld,2003,3.5898497104644775
2535875,7,17147,She's the One,1996,3.5898497104644775
2535875,8,8846,Election,1999,3.5898497104644775
2535875,9,17152,Next Friday,2000,3.5898497104644775
2535875,10,16969,Donnie Darko,2001,3.5898497104644775
2543844,1,13501,Rocky IV,1985,3.5898497104644775
2543844,2,15575,Royal Wedding,1951,3.5898497104644775
2543844,3,3165,Dirty Rotten Scoundrels,1988,3.5898497104644775
2543844,4,5793,Underworld,2003,3.5898497104644775
2543844,5,17147,She's the One,1996,3.5898497104644775
2543844,6,8846,Election,1999,3.5898497104644775
2543844,7,17152,Next Friday,2000,3.5898497104644775
2543844,8,16969,Donnie Darko,2001,3.5898497104644775
2543844,9,7055,Get Shorty,1995,3.5898497104644775
2543844,10,189,Airplane II: The Sequel,1982,3.5898497104644775
2548025,1,13501,Rocky IV,1985,3.5898497104644775
2548025,2,15575,Royal Wedding,1951,3.5898497104644775
2548025,3,747,Saber Marionette J,1996,3.5898497104644775
2548025,4,7798,Deep Evil,2004,3.5898497104644775
2548025,5,3165,Dirty Rotten Scoundrels,1988,3.5898497104644775
2548025,6,5793,Underworld,2003,3.5898497104644775
2548025,7,17147,She's the One,1996,3.5898497104644775
2548025,8,8846,Election,1999,3.5898497104644775
2548025,9,17152,Next Friday,2000,3.5898497104644775
2548025,10,16969,Donnie Darko,2001,3.5898497104644775
2562102,1,13501,Rocky IV,1985,3.5898497104644775
2562102,2,15575,Royal Wedding,1951,3.5898497104644775
2562102,3,747,Saber Marionette J,1996,3.5898497104644775
2562102,4,7798,Deep Evil,2004,3.5898497104644775
2562102,5,3165,Dirty Rotten Scoundrels,1988,3.5898497104644775
2562102,6,5793,Underworld,2003,3.5898497104644775
2562102,7,17147,She's the One,1996,3.5898497104644775
2562102,8,8846,Election,1999,3.5898497104644775
2562102,9,17152,Next Friday,2000,3.5898497104644775
2562102,10,16969,Donnie Darko,2001,3.5898497104644775
2565124,1,13501,Rocky IV,1985,3.5898497104644775
2565124,2,15575,Royal Wedding,1951,3.5898497104644775
2565124,3,747,Saber Marionette J,1996,3.5898497104644775
2565124,4,7798,Deep Evil,2004,3.5898497104644775
2565124,5,3165,Dirty Rotten Scoundrels,1988,3.5898497104644775
2565124,6,5793,Underworld,2003,3.5898497104644775
2565124,7,17147,She's the One,1996,3.5898497104644775
2565124,8,8846,Election,1999,3.5898497104644775
2565124,9,17152,Next Friday,2000,3.5898497104644775
2565124,10,16969,Donnie Darko,2001,3.5898497104644775
2567391,1,13501,Rocky IV,1985,3.5898497104644775
2567391,2,15575,Royal Wedding,1951,3.5898497104644775
2567391,3,747,Saber Marionette J,1996,3.5898497104644775
2567391,4,7798,Deep Evil,2004,3.5898497104644775
2567391,5,3165,Dirty Rotten Scoundrels,1988,3.5898497104644775
2567391,6,5793,Underworld,2003,3.5898497104644775
2567391,7,17147,She's the One,1996,3.5898497104644775
2567391,8,8846,Election,1999,3.5898497104644775
2567391,9,17152,Next Friday,2000,3.5898497104644775
2567391,10,16969,Donnie Darko,2001,3.5898497104644775
2574630,1,13501,Rocky IV,1985,3.5898497104644775
2574630,2,15575,Royal Wedding,1951,3.5898497104644775
2574630,3,747,Saber Marionette J,1996,3.5898497104644775
2574630,4,7798,Deep Evil,2004,3.5898497104644775
2574630,5,3165,Dirty Rotten Scoundrels,1988,3.5898497104644775
2574630,6,5793,Underworld,2003,3.5898497104644775
2574630,7,17147,She's the One,1996,3.5898497104644775
2574630,8,8846,Election,1999,3.5898497104644775
2574630,9,17152,Next Friday,2000,3.5898497104644775
2574630,10,16969,Donnie Darko,2001,3.5898497104644775
2584606,1,13501,Rocky IV,1985,3.5898497104644775
2584606,2,15575,Royal Wedding,1951,3.5898497104644775
2584606,3,747,Saber Marionette J,1996,3.5898497104644775
2584606,4,7798,Deep Evil,2004,3.5898497104644775
2584606,5,3165,Dirty Rotten Scoundrels,1988,3.5898497104644775
2584606,6,5793,Underworld,2003,3.5898497104644775
2584606,7,17147,She's the One,1996,3.5898497104644775
2584606,8,8846,Election,1999,3.5898497104644775
2584606,9,17152,Next Friday,2000,3.5898497104644775
2584606,10,16969,Donnie Darko,2001,3.5898497104644775
2592234,1,13501,Rocky IV,1985,3.5898497104644775
2592234,2,15575,Royal Wedding,1951,3.5898497104644775
2592234,3,3165,Dirty Rotten Scoundrels,1988,3.5898497104644775
2592234,4,5793,Underworld,2003,3.5898497104644775
2592234,5,17147,She's the One,1996,3.5898497104644775
2592234,6,8846,Election,1999,3.5898497104644775
2592234,7,17152,Next Friday,2000,3.5898497104644775
2592234,8,16969,Donnie Darko,2001,3.5898497104644775
2592234,9,7055,Get Shorty,1995,3.5898497104644775
2592234,10,189,Airplane II: The Sequel,1982,3.5898497104644775
2608673,1,13501,Rocky IV,1985,3.5898497104644775
2608673,2,15575,Royal Wedding,1951,3.5898497104644775
2608673,3,747,Saber Marionette J,1996,3.5898497104644775
2608673,4,7798,Deep Evil,2004,3.5898497104644775
2608673,5,3165,Dirty Rotten Scoundrels,1988,3.5898497104644775
2608673,6,5793,Underworld,2003,3.5898497104644775
2608673,7,17147,She's the One,1996,3.5898497104644775
2608673,8,8846,Election,1999,3.5898497104644775
2608673,9,17152,Next Friday,2000,3.5898497104644775
2608673,10,16969,Donnie Darko,2001,3.5898497104644775
2613617,1,13501,Rocky IV,1985,3.5898497104644775
2613617,2,15575,Royal Wedding,1951,3.5898497104644775
2613617,3,747,Saber Marionette J,1996,3.5898497104644775
2613617,4,7798,Deep Evil,2004,3.5898497104644775
2613617,5,3165,Dirty Rotten Scoundrels,1988,3.5898497104644775
2613617,6,5793,Underworld,2003,3.5898497104644775
2613617,7,17147,She's the One,1996,3.5898497104644775
2613617,8,8846,Election,1999,3.5898497104644775
2613617,9,17152,Next Friday,2000,3.5898497104644775
2613617,10,16969,Donnie Darko,2001,3.5898497104644775
2628801,1,13501,Rocky IV,1985,3.5898497104644775
2628801,2,15575,Royal Wedding,1951,3.5898497104644775
2628801,3,747,Saber Marionette J,1996,3.5898497104644775
2628801,4,7798,Deep Evil,2004,3.5898497104644775
2628801,5,3165,Dirty Rotten Scoundrels,1988,3.5898497104644775
2628801,6,5793,Underworld,2003,3.5898497104644775
2628801,7,17147,She's the One,1996,3.5898497104644775
2628801,8,8846,Election,1999,3.5898497104644775
2628801,9,17152,Next Friday,2000,3.5898497104644775
2628801,10,16969,Donnie Darko,2001,3.5898497104644775
2631679,1,13501,Rocky IV,1985,3.5898497104644775
2631679,2,15575,Royal Wedding,1951,3.5898497104644775
2631679,3,747,Saber Marionette J,1996,3.5898497104644775
2631679,4,3165,Dirty Rotten Scoundrels,1988,3.5898497104644775
2631679,5,5793,Underworld,2003,3.5898497104644775
2631679,6,17147,She's the One,1996,3.5898497104644775
2631679,7,8846,Election,1999,3.5898497104644775
2631679,8,17152,Next Friday,2000,3.5898497104644775
2631679,9,16969,Donnie Darko,2001,3.5898497104644775
2631679,10,7055,Get Shorty,1995,3.5898497104644775
2643611,1,13501,Rocky IV,1985,3.5898497104644775
2643611,2,15575,Royal Wedding,1951,3.5898497104644775
2643611,3,747,Saber Marionette J,1996,3.5898497104644775
2643611,4,3165,Dirty Rotten Scoundrels,1988,3.5898497104644775
2643611,5,5793,Underworld,2003,3.5898497104644775
2643611,6,17147,She's the One,1996,3.5898497104644775
2643611,7,8846,Election,1999,3.5898497104644775
2643611,8,17152,Next Friday,2000,3.5898497104644775
2643611,9,16969,Donnie Darko,2001,3.5898497104644775
2643611,10,7055,Get Shorty,1995,3.5898497104644775
2646449,1,13501,Rocky IV,1985,3.5898497104644775
2646449,2,15575,Royal Wedding,1951,3.5898497104644775
2646449,3,747,Saber Marionette J,1996,3.5898497104644775
2646449,4,7798,Deep Evil,2004,3.5898497104644775
2646449,5,3165,Dirty Rotten Scoundrels,1988,3.5898497104644775
2646449,6,5793,Underworld,2003,3.5898497104644775
2646449,7,17147,She's the One,1996,3.5898497104644775
2646449,8,8846,Election,1999,3.5898497104644775
2646449,9,17152,Next Friday,2000,3.5898497104644775
2646449,10,16969,Donnie Darko,2001,3.5898497104644775
2646892,1,13501,Rocky IV,1985,3.5898497104644775
2646892,2,15575,Royal Wedding,1951,3.5898497104644775
2646892,3,747,Saber Marionette J,1996,3.5898497104644775
2646892,4,7798,Deep Evil,2004,3.5898497104644775
2646892,5,3165,Dirty Rotten Scoundrels,1988,3.5898497104644775
2646892,6,5793,Underworld,2003,3.5898497104644775
2646892,7,17147,She's the One,1996,3.5898497104644775
2646892,8,8846,Election,1999,3.5898497104644775
2646892,9,17152,Next Friday,2000,3.5898497104644775
2646892,10,16969,Donnie Darko,2001,3.5898497104644775
