user_id,train_count
46603,0
2445999,0
468949,0
2066797,0
2207909,0
1042795,1
1722434,0
1395344,0
2182976,1
561206,0
828433,2
2141614,1
1378701,0
2426625,0
2613898,0
823601,0
733839,0
441442,0
1588715,0
1980785,0
1058843,0
2557067,0
294703,0
2266782,0
285881,2
1346968,0
1485813,0
298392,0
1849135,0
1662860,0
752899,0
2385140,0
804476,0
658081,1
787218,0
599704,0
1589602,0
951038,0
1666097,0
959960,1
28874,0
2132919,1
1017746,0
2038847,0
2148323,1
1807760,1
180899,0
614122,0
2065703,0
900689,0
253535,0
2639731,0
2140559,0
2368266,0
1259166,0
1397510,0
747409,0
4258,0
467681,0
2208459,0
605619,0
22420,1
1908691,0
1156933,2
76343,0
1096031,0
1990743,1
1557419,0
2604938,0
1019933,0
225126,0
2192343,0
862011,0
2787,1
2496806,1
725657,0
36478,0
720211,1
1501835,0
2569437,0
1307967,0
2518242,0
1126017,0
10496,0
750140,0
1797882,0
2130756,3
1412075,1
185036,0
1276914,0
2057882,0
1602155,0
2356071,0
1081252,0
1961327,2
2292203,0
803291,0
2258445,0
1214857,0
1878346,0
2286731,0
1005664,0
2456420,0
2424335,1
2295951,0
363189,0
2554373,0
2007593,0
1014014,0
2188847,0
246874,0
959683,0
1446018,0
1480420,0
1250786,0
602722,0
845719,0
1511076,3
1840783,4
826730,0
1061876,0
2086204,1
1901854,0
1739943,0
967206,0
1099090,0
1632480,0
1664010,0
2543844,2
370733,0
8485,0
81091,0
1341100,0
2072704,0
1479583,0
1356107,3
2495150,0
2406704,0
2348376,0
614125,1
1413768,0
250059,0
106553,0
1935614,0
1334053,1
1899321,0
319526,0
754805,0
1017134,0
137579,0
1552502,0
2265525,1
315398,1
2426691,0
671440,0
2341916,1
2325071,0
222629,1
820357,1
1610877,1
837071,0
1457500,0
1258602,1
473597,0
582105,0
2107438,0
1857464,0
1811506,1
559883,0
1036172,0
2266151,0
917363,0
297578,0
1440305,0
479554,0
1412683,1
1990047,1
2374143,0
2422943,4
1642905,0
1333220,0
1816884,4
564169,0
1322185,0
990383,0
1520164,0
364974,0
686535,0
866411,0
2479241,2
2461000,0
491817,0
1821431,0
2299830,0
1708668,0
832959,4
1784911,1
787428,3
2601251,1
806483,1
1052040,0
2376301,3
2059227,0
1549970,0
20187,0
1639815,1
522673,0
1763632,1
1020195,2
2481859,1
1173686,0
2000555,0
1901351,1
1568541,0
2057611,1
1608916,0
1464289,0
1141463,1
2514731,0
2524354,0
1226253,0
1688414,0
2316662,0
2524027,0
2321868,2
218049,1
41386,0
2572361,0
1626242,0
1607102,0
1828523,0
823540,2
375818,0
929493,0
1234115,3
608267,0
889976,0
2489269,1
1497422,0
1417677,1
1862901,0
2522183,0
1444251,0
2396561,0
1094694,0
1662598,0
510368,0
305513,2
2343183,0
618943,0
509532,1
275443,0
1786090,0
365855,0
2116875,0
1415718,1
248547,1
1420817,0
161017,0
1317760,0
1047355,0
1333516,0
2412833,0
751955,0
557847,0
1508017,0
465247,1
369151,0
2422049,2
2481299,1
684590,0
2111373,0
496106,0
1458172,0
2177030,0
2171700,0
116139,1
2571494,2
2241297,1
1745308,0
381520,1
597829,1
562320,0
1786072,0
1564033,0
1809046,4
1967668,0
969035,0
241219,0
1554310,1
2555857,1
116487,2
2567279,0
1368876,0
2535230,0
2067027,2
2391141,0
88106,0
1590112,0
1402044,2
938911,0
1828296,0
1282543,0
1742993,0
506931,0
2121284,0
589499,0
427091,0
1897778,0
422952,1
1042772,1
1817599,1
1680214,0
1162175,0
114080,0
1803940,1
2289355,0
247909,0
724674,0
1224025,0
541796,1
863081,1
1958511,0
1796465,1
2119149,0
1126097,0
2408168,0
918206,3
1888278,1
494779,2
1485793,2
896346,0
928897,0
1322924,1
2197418,0
1977930,0
880006,0
1454789,2
722355,0
1931952,2
1666419,1
926292,0
239442,0
642090,4
1013527,1
1898204,0
562206,0
1517379,0
328125,0
2479407,0
2391243,0
1932061,0
158989,0
586540,0
964495,0
1421783,0
1607163,2
2477048,0
426285,0
592613,1
1404565,0
2377590,0
2045868,0
1607020,0
750846,0
858345,0
1727964,0
141483,0
141391,1
679205,0
217732,0
748967,0
2126168,4
1057084,0
207675,1
1504635,0
860349,0
1801454,1
756020,0
2241395,0
1395584,4
1328001,0
1772555,0
1386707,0
137163,0
202957,0
1952145,0
588080,2
1651058,0
141543,0
1108666,0
1964181,0
2538817,0
2438449,2
452974,1
1488844,3
862857,0
1135374,0
955896,0
2377457,3
2192605,0
666743,1
2008936,0
2063073,0
2123166,0
2110208,0
2286380,3
218645,0
451702,1
465044,0
2453861,2
1041833,0
2644135,0
2220366,0
942289,0
322064,0
1629621,0
2070186,2
1304752,0
2430041,4
1979659,0
1666084,2
2116940,0
390371,0
2215353,0
606249,3
1516380,1
661571,0
1557206,1
1266882,0
1033488,0
798248,0
1916089,0
2000784,0
2165695,0
2622195,4
870253,0
907021,0
1707709,0
1806580,1
686685,1
2283803,0
548180,2
228323,0
138689,0
686457,0
2152504,0
988963,0
782975,1
2574295,1
1587549,0
2135487,0
1328371,0
2605611,0
1866518,0
1182669,0
566383,0
1916185,0
1807431,0
831828,0
788569,0
704041,0
515543,0
2587714,0
1106256,0
810507,0
546619,0
896608,3
1621713,2
2073607,0
2525092,0
310204,4
792801,0
1699740,0
2123462,0
2098933,0
318069,1
2354174,0
32618,0
36123,1
1769167,0
712083,0
1468050,4
2165875,0
521850,1
223257,0
1645663,1
1126597,1
2239000,0
497232,0
538214,0
832620,0
1450449,0
120113,0
754104,1
1634780,0
1418560,0
965421,0
1287795,0
812413,2
300353,0
10817,0
1735393,0
1547213,1
801857,0
223276,1
2143797,1
2065652,2
799987,0
1078000,0
2509145,1
2286588,0
2141447,0
2383787,0
218637,0
2177386,0
2060343,0
1018368,2
1288627,4
1834690,1
978046,0
1589188,1
285797,0
2182121,0
1675429,1
782434,0
442447,0
333801,0
2162436,0
2557549,0
628554,2
962487,1
2054315,0
984392,1
911817,0
1720481,0
879194,0
605705,0
778033,0
1805874,3
579898,0
1778784,0
1932534,1
255900,0
858183,0
906675,1
1182168,0
669112,0
389210,0
568323,0
2604059,0
1686918,1
1944004,0
2126534,0
276392,0
1051560,0
1412498,0
377508,0
948109,3
130625,0
378968,0
1643671,1
2043659,0
276389,0
720130,2
178655,0
1743518,2
2327556,0
2482502,3
1768511,1
2509431,0
315168,0
728171,3
1682984,0
2480939,0
765095,0
331321,0
271961,0
2301229,0
2418109,0
197282,0
1367701,0
609243,0
408636,3
652611,0
42168,0
1434626,0
342919,0
564805,2
2181865,0
817255,1
464484,0
540694,0
1473739,0
2226134,0
165763,0
1503654,0
697215,0
912924,0
446517,0
194457,0
2193184,0
1315788,0
1030094,0
157446,0
1050570,1
101747,0
1491816,0
348503,0
826931,0
2540945,4
2547185,3
738430,0
1016562,0
2386483,3
745193,0
638020,4
2135262,0
1798197,0
1085517,0
1328723,2
1007141,1
794973,0
826342,0
2508793,1
1710658,0
758661,1
1621314,0
2494218,0
311779,0
1692069,1
2613080,0
1822999,1
1619747,4
405395,0
1378335,0
683211,0
1267382,0
674777,1
731321,0
1854947,3
677222,0
150667,0
207745,0
672519,0
2125913,0
256057,3
2403914,0
2578401,0
1534400,0
1656149,2
196846,2
2297863,0
1633923,0
2518168,2
209598,2
533352,0
538483,2
2045148,0
2606036,0
1527025,2
588956,0
1091995,1
1603945,0
1994718,0
181294,0
1937905,0
1315827,1
2634393,0
159177,0
1055859,0
1758572,2
2275507,1
2637877,0
2549804,0
2296586,0
188645,0
918954,0
1831413,0
75284,0
1122626,0
350837,0
2388205,4
822214,0
2540114,0
2201624,0
672333,0
116005,0
1058365,0
2106579,1
440723,1
1394815,1
1009518,0
97277,1
26091,0
319099,0
2041608,0
540065,1
28693,0
1949664,0
724902,0
2174370,0
1818847,1
1791666,0
1830000,1
87378,0
1866164,0
1072095,0
2568568,2
1210065,3
1219924,0
2359154,0
2489685,1
1343426,0
2631679,1
1951761,0
2480409,0
1658447,0
662218,0
998728,0
943743,0
515786,0
1953056,2
2499193,1
940910,0
390043,1
774124,0
2631192,0
1058770,0
140475,1
105863,1
1535968,0
551388,2
1882997,0
586813,0
1698584,0
1081910,2
185973,0
1108161,0
977420,0
131057,0
62655,3
2588989,0
142115,0
1975544,0
357937,0
650097,0
752094,2
1162706,0
451510,1
614218,1
577698,1
396150,0
893988,0
2135692,0
2083123,0
551796,0
1422462,0
400505,0
185715,0
2106687,0
2074015,0
757790,0
1635994,1
1948291,2
1946316,0
1368149,0
388468,1
854272,0
2228240,3
848734,0
102083,0
2428864,0
2062176,0
1254272,0
2647641,0
1442814,0
391846,2
1590880,0
1478470,0
1875675,1
18811,0
1111844,0
2601436,0
588316,0
1168311,1
2446442,2
1896527,0
617660,0
791674,2
1977275,0
2566931,2
1842668,0
2052691,2
2615660,1
1725003,1
1188115,0
1317797,0
169854,0
850678,1
413943,0
2559690,0
2229696,1
1829286,1
2339928,0
2504853,2
2337965,1
245440,0
375329,0
589364,0
2436444,0
178388,2
2244052,0
1027719,1
676290,0
1620983,2
614008,0
137425,0
576204,0
1327492,3
1794461,0
1470898,0
1845838,0
1239143,0
1517824,0
1093796,0
265450,0
1704448,0
1807526,0
907407,0
2286373,0
182541,0
28475,0
497816,1
2112656,3
43193,0
2003542,0
487812,0
424620,3
2205759,0
1787567,0
612804,0
905823,0
2495393,0
72174,1
318457,4
609605,0
134572,0
1389551,0
1339784,2
1314547,2
1708493,0
1266148,0
147756,0
266172,2
1419882,2
685419,0
1208198,0
1092171,0
2636430,1
340520,0
2172850,0
1456775,0
1607052,0
761458,3
821222,0
1642627,0
1893378,0
1684977,1
2041102,0
748747,0
2565062,1
496831,1
730697,0
924106,0
1163821,0
2601695,0
1807177,0
76465,0
702902,0
13013,0
925777,0
1421790,0
2547127,0
301019,1
238549,2
1124163,0
2609802,0
2341605,1
458355,1
1623186,0
735817,1
1791519,3
1240615,0
1140708,0
1189286,0
2448474,0
2379138,0
1777984,0
1829694,0
826696,2
549833,0
1197388,2
2147527,2
702874,1
393212,1
1664306,1
2522429,1
2453918,1
2177357,0
409642,1
654123,1
973623,0
1903645,0
1597739,0
914668,0
2474594,0
2589167,0
192334,1
278678,0
695144,0
2187966,0
1132073,0
1420596,0
2579034,0
767767,0
26533,0
631747,1
2398037,0
1640400,0
1135500,0
1060860,0
1993819,0
1041111,0
1834347,0
2087700,1
2337228,0
1812611,2
969847,0
347721,0
2560657,2
546623,0
1504383,1
1602729,0
2131012,0
190111,0
1924585,0
2068803,0
981798,0
295983,0
503870,0
757912,0
2425674,2
2366815,0
710499,0
2120507,0
1739761,0
870874,0
2337191,0
2438166,0
402743,0
807369,2
1133513,0
2415704,0
807541,0
246572,1
98383,0
2308168,0
1197466,0
966645,0
1674112,0
2023558,0
2088657,3
1732165,0
1846111,0
1116178,0
2292183,1
2465482,0
481831,0
478050,1
355317,2
738964,0
1147916,0
53604,0
197121,0
2190984,0
2418297,1
73568,0
1865212,0
1192820,0
1538852,0
1412429,0
680846,0
2410782,0
1465328,0
1735890,1
492092,0
1507374,1
106251,1
2134528,0
50100,0
1157645,0
2097772,0
1080872,3
1684581,0
2259147,0
1906808,4
1497151,0
13871,1
2337846,2
194639,1
1598166,0
1377808,0
897755,0
2330446,0
324579,0
733952,1
774797,0
934589,0
7745,2
400431,0
1597367,2
333996,1
2127163,0
2510050,2
2164009,0
2608972,0
2387340,0
950589,2
1433919,0
1001061,0
550430,0
1090727,0
2319196,0
502718,0
1069307,0
2227388,0
1223091,1
1861306,0
2257979,1
2473867,0
1858770,0
647306,0
159934,0
1706866,1
330905,0
248980,0
1895205,1
772710,0
517472,1
1900016,0
2629271,0
594462,0
1175001,2
189586,1
520643,0
1220793,1
1092242,1
1428355,0
324092,0
98044,1
631878,0
2316864,0
1578807,0
93356,0
649766,0
31550,1
1508966,0
1953975,3
1030915,0
2304008,0
2172207,0
676761,0
2640864,2
1121136,2
1753736,1
1058366,0
2456113,0
1457201,0
1823252,0
2061849,0
2440358,0
716553,1
384454,0
402225,1
2161619,2
924576,2
1025627,1
927734,1
1249727,1
1733442,0
854317,0
2060997,1
594405,0
1213486,0
44926,1
63492,0
375526,0
1156440,1
451989,0
1873924,0
1169874,0
1029969,1
1734630,0
422243,0
574055,0
2396281,0
2628623,1
348971,0
2458294,0
704018,0
995088,1
740629,0
1565115,0
2649120,0
418279,0
665451,0
1266043,0
303918,1
2618896,0
1818506,0
2176630,0
611231,0
581409,0
1790408,0
2296078,1
920089,1
877255,0
1101769,0
1495252,4
2051299,2
1828583,0
846175,0
309323,0
1369783,0
1537233,0
2019646,0
188504,0
1688360,2
207285,0
626165,0
1580571,0
2058634,0
1457429,0
1839274,0
844309,2
1068518,1
709881,0
92183,0
447386,0
532205,0
2359092,0
939315,1
1061377,0
1284793,0
917056,0
1857783,0
554367,0
905455,0
1871558,0
338482,0
1065172,0
1831553,0
19702,0
1182545,0
2332604,1
494087,1
203006,0
2454437,0
1368295,0
769761,0
2022575,0
1679339,0
2100032,0
2577212,0
1439302,0
2464822,0
1510728,0
268719,0
963997,0
1921659,0
537071,0
2156999,0
1037308,0
2080413,0
70893,0
2337615,0
2084600,2
2044991,1
1898454,0
2049829,0
114085,1
2300921,0
803714,0
1841282,0
2223717,0
894217,0
2526083,0
2614268,0
2149577,0
168379,0
819867,0
883952,0
1016796,1
2600002,0
791612,0
981707,0
2542337,0
964866,0
1791890,0
2437288,0
2001099,0
1912002,2
1577708,1
2333286,0
324444,1
487838,0
507764,2
2147031,0
364291,0
2560408,0
1679030,0
981950,0
2270184,0
1126078,0
2467730,0
992021,3
2399037,0
2027,0
2307226,1
421217,0
2352124,2
2582608,0
2370967,0
861459,0
72530,0
890632,1
549407,0
845921,4
1489356,4
1538960,1
312188,0
433792,0
2583358,0
1979459,0
1062134,0
2213246,0
1209557,1
1875320,0
43380,0
924922,2
2104227,0
2443212,1
274472,0
1360729,0
1197947,0
2178120,0
386300,0
1156475,0
1533353,0
1820004,3
1748915,0
2109155,2
277124,0
126548,0
1538415,0
2394682,0
2531026,0
2116388,0
1900526,0
1439269,0
1821640,1
1394198,4
2416712,0
831650,0
1934538,0
1461667,0
1018789,0
214850,0
2443446,0
828867,0
2415953,0
2345904,0
793951,0
1398235,1
527243,0
2385288,0
2075098,0
1154097,0
279521,1
2597530,2
233429,0
2000631,0
1950323,1
910868,0
2296266,1
1521657,2
2596470,0
1246624,0
1614253,0
1468927,0
1794244,1
1902959,3
2435489,0
1330284,0
306640,0
1209882,1
2454024,0
720737,0
1773976,0
1046304,0
2364099,2
1794601,1
2088300,0
2441734,2
617401,0
285597,0
1474508,1
2269385,0
1092015,0
216779,0
1385046,0
269451,0
377262,0
1080854,0
835415,0
223526,0
1520735,0
381608,0
1160984,0
2439109,0
875556,2
1298391,0
2137451,1
396301,0
1808891,0
366938,0
211796,0
2427809,1
185193,0
991702,1
2385258,0
1425274,2
500888,2
1684416,2
276272,0
82145,0
901904,1
1278035,2
1822012,1
2565923,0
2401182,0
1140762,0
1373764,0
2167247,0
721015,1
1715300,1
117386,0
417739,0
1371302,0
1713556,0
1376634,0
1951810,0
1457083,0
2135977,0
1007172,0
1850071,0
1390814,0
2217704,0
2285887,0
1069917,1
881178,1
2530146,0
1600517,0
1593940,0
648793,0
2208040,0
1630737,0
436510,1
65076,0
638155,1
673309,0
64458,0
2153399,0
1474326,0
1566401,0
2348035,0
1953945,0
1638636,1
1126516,3
1150646,0
1644094,0
709941,0
2140355,1
811775,0
128792,0
1799861,0
1361759,0
1939988,0
757794,1
2115061,0
754107,0
1400903,0
1628636,0
996399,0
1740888,1
2528130,3
627273,0
1360656,0
1919580,2
1853309,0
254324,0
654209,0
1621533,0
1551949,0
56036,0
1592172,2
564079,0
1717171,0
436984,0
2016277,1
203635,0
1759484,0
2016599,0
2239892,2
333861,1
647461,0
1529509,0
770059,1
635624,0
124400,0
699400,0
1874777,2
163920,1
505653,1
2037935,0
1016909,2
480910,0
684019,1
2048569,0
130843,0
1726192,1
2540207,0
353335,1
269469,2
522964,0
165524,0
1150431,2
1890364,0
1658850,0
1268171,4
908309,3
2592591,0
39866,0
922551,4
830751,0
1304389,0
196494,1
985776,0
1319060,0
1622427,2
440750,2
385306,0
1942802,1
1878513,0
2312826,1
2191331,0
725704,0
1320626,0
932177,0
115422,0
1954340,2
2476537,0
2502100,2
711569,0
180912,0
2190166,0
365559,0
992883,0
839844,0
602147,3
701053,1
1366913,0
1241155,0
2597080,0
2423202,0
2267735,1
209219,1
1801898,0
1348483,0
907653,0
1973538,0
989418,0
1746603,0
2097256,0
1989918,1
2397204,0
2625649,1
125348,2
75363,0
1397552,0
191193,1
2301574,0
1309721,0
2267592,1
2457662,1
394801,0
2233586,0
1045686,0
1622177,0
673915,0
1056824,0
2256466,0
1778757,0
1805690,1
1142169,0
2077352,0
2446734,0
67363,0
500449,1
1144069,0
1617780,0
1160224,1
621755,0
1984158,1
244100,0
1372852,0
715533,3
2100372,0
1709722,0
1754517,0
1965022,0
1253520,0
1478197,1
1841833,0
2120822,0
1630026,0
896103,0
1765185,0
1580987,0
1769549,0
1798346,0
1133205,0
635400,0
2547357,0
2337681,1
2037457,0
2644509,0
1410988,0
1487228,0
866814,0
2083361,0
1950649,0
1367906,0
802025,0
2223604,4
1456472,0
288806,0
2498579,0
698888,0
2474959,0
1654325,0
308348,0
859592,0
2272710,0
89561,0
2358416,1
2435005,2
1196836,0
2446258,0
41581,1
1982753,1
757124,0
986240,1
386749,0
896752,0
1167579,0
144921,0
978011,0
1463499,0
550374,0
283679,0
921018,0
1693072,0
2438700,0
29815,3
2589910,0
2580986,0
179159,0
413120,0
561461,0
1062078,0
1617480,0
2436641,0
2452432,0
2598339,0
2234621,0
1001779,3
816867,0
487759,1
1573950,0
2302265,0
139358,0
384409,0
447950,0
230785,0
2545999,0
1091629,2
1395967,1
2412892,0
2152301,0
1149338,0
1216519,0
96846,1
1217121,0
481862,0
1729018,0
1701571,0
2042909,0
974525,0
753183,0
287541,0
1365743,0
412460,2
2475562,0
119605,0
2364018,1
644088,2
2260349,0
1783814,0
1131536,3
1928963,0
1815879,0
1427890,0
842641,0
132243,0
1032429,1
1278340,0
1688959,0
2603749,0
1453711,0
1525586,0
1544926,0
1875759,0
835759,1
2339072,0
1291828,0
840176,1
135991,0
1666920,0
262436,0
1381796,0
946380,3
2053796,0
601228,0
1251893,0
1780403,0
1081734,0
928512,1
794321,0
798715,0
1075169,0
1293545,0
1329760,0
1030307,1
159112,0
1565866,0
607078,0
2632377,2
2196604,0
2426042,0
1925314,0
801800,0
2327431,2
97178,0
163951,3
76920,0
1452752,2
1616934,0
251999,0
526201,0
1815614,2
2565987,1
2060632,0
2295597,0
662441,0
1083654,0
1410162,1
1226650,0
1025103,0
344507,0
1919429,0
97571,0
799940,0
146001,0
1849553,0
2402973,1
443969,4
2560090,0
1629301,0
1304078,0
946691,3
1831320,0
302473,0
2640087,1
2199883,0
1269209,0
1604386,0
332627,3
1723010,0
1507153,0
875231,0
2603646,0
2410819,2
92265,0
1608171,0
1591777,0
2207802,0
576613,0
264764,0
2054093,0
2444788,0
1851033,3
1704146,0
595279,2
980937,0
1880988,0
2266736,1
2512916,1
2521051,3
327061,0
784463,1
1069082,0
2602667,1
559699,0
1630740,0
1911325,2
345365,1
1594913,1
2124888,0
2198226,0
1024932,0
2443000,0
841830,0
246820,0
487370,0
2460040,0
1731844,0
1299611,0
1876513,0
400573,0
353731,0
1143771,0
1544813,0
1534296,1
553068,0
1285460,0
2507919,0
770088,0
769929,0
1420389,0
1317539,0
721329,1
2308084,0
1554139,1
760774,0
1470807,0
2010317,0
2351463,0
2402252,1
92519,0
263215,0
1295842,0
2072547,2
752513,0
577096,0
2114696,3
1478657,1
736000,4
2034948,0
1636332,0
1603248,0
2036838,3
687477,2
638824,1
680870,0
79408,0
1872689,0
2023378,0
1894488,0
2596225,0
2404972,0
588385,1
1488460,0
2134986,2
1788875,0
1326640,1
463709,0
1788404,1
1995446,0
909518,0
2081996,0
913668,0
1246105,0
1709177,2
1179894,1
1160572,1
2415103,0
1210669,0
2040896,1
2152852,1
1696926,0
1984230,1
1028292,0
276468,0
455527,0
1946519,0
2159316,0
394840,0
2237029,0
1067552,0
1610739,0
645957,0
479934,0
227945,1
1675052,0
1618060,1
789907,0
1294090,0
2043094,0
655280,1
1222180,0
1607188,0
431958,2
26472,0
543607,0
1425586,0
2455294,0
2220342,3
1226327,2
658636,0
702643,0
105885,0
1853473,1
808651,0
1920230,0
594552,0
2616878,2
376247,0
1126751,2
1122318,0
799467,1
886247,1
2145288,2
1781331,0
849170,0
284535,0
1087978,0
144556,0
1750276,1
2020890,0
2492695,0
606723,0
1124699,3
1506554,1
1935501,0
783446,0
974162,0
2179876,0
195358,0
8079,0
186085,0
1435630,0
1207618,1
2550568,0
113585,0
1332228,1
2047577,3
1380823,0
1801660,0
123627,0
2028730,0
1353566,1
1601786,0
1537868,1
2386496,1
1583129,0
1877323,0
1573496,0
1218493,3
2222305,0
1655308,0
1118128,1
655098,0
2147929,2
1175419,1
1967395,0
1120274,0
1382739,0
937446,4
1053440,0
676756,1
2497949,0
2418195,0
796671,0
629461,0
74679,0
2226028,1
651815,0
1054516,0
386337,2
692140,0
1443128,0
1057433,0
1602909,0
2035079,0
1073321,1
1549802,0
15402,2
241626,0
976385,0
1258802,2
1969099,0
16921,1
480990,0
767038,0
1266502,0
1517587,0
2385534,1
1801190,0
493465,1
1624853,0
2429565,0
2281992,0
1974776,2
436564,0
2429347,0
665268,1
433130,1
245905,0
1252539,0
160881,2
202838,0
1443733,0
1583424,1
589107,1
2339270,0
1506161,0
1000386,0
1681382,3
743917,0
2414191,4
1863536,4
2001774,1
670496,0
1699181,0
820316,0
1558976,0
839510,0
125806,0
183629,0
1218671,0
865254,4
935292,0
2081589,1
1488415,0
307979,0
1646865,0
124598,0
877574,1
852846,0
773694,1
1845916,1
2056575,0
509344,0
1028345,0
2443674,2
293235,0
1549001,0
210622,0
731565,0
1910525,0
454172,0
1152249,2
2548724,0
1451243,0
1002943,1
1446909,2
2408899,0
2602696,2
2476050,0
254140,0
797632,0
1339202,0
442801,0
2325212,0
1174703,0
2620887,0
2115174,1
816019,0
2309460,1
1243537,0
1881326,1
1013593,0
1486853,0
1553327,0
1921654,1
1407170,0
2297603,0
1954297,0
515632,0
1546535,0
1121292,0
382578,0
837786,1
1978942,2
235891,0
82118,0
414800,0
48536,0
839586,0
2155354,0
304579,1
237278,1
456987,0
1851595,3
2183168,0
438836,0
2502315,2
1656649,3
807759,1
965881,0
1766599,1
142909,1
562841,0
414126,1
1505332,0
1492176,1
907557,0
2270144,0
1461996,0
1276913,4
1608134,1
2576043,2
1077009,0
2538181,0
2468485,0
1176164,0
365056,0
417418,1
706894,0
2076863,1
2211375,0
2342120,1
1886205,1
1088135,1
809602,1
1679083,0
1213178,0
2117885,3
1032321,0
2600027,0
2055639,1
2594029,0
1515326,0
2055582,0
662875,0
1781982,0
182826,0
583788,0
2122041,0
2564680,0
94170,1
1105211,0
1737253,0
2463257,1
643078,0
1944765,3
972267,0
1970273,1
2450621,2
780355,0
2084326,0
1962892,1
1258595,2
460001,0
2426425,0
2179932,0
1015774,0
2308401,0
334765,0
1458794,2
1206022,1
574577,1
2389482,0
1107010,0
968466,1
206740,0
198496,1
2580885,0
2142200,0
2286785,0
2138250,1
1532466,0
1398122,0
2314956,3
2236368,0
872341,0
2181699,0
2614414,0
321874,0
2157796,3
1848671,0
2050334,1
2374727,0
902011,1
2337638,0
264739,1
1541344,0
1330506,0
2087478,0
415100,0
203810,0
1112207,1
2603411,0
936034,0
650306,0
489119,0
1183998,0
1412790,0
1270413,2
1531950,0
941743,0
347371,0
664562,0
1722103,1
1009270,0
1038322,0
1889384,4
1426360,0
2556959,2
1217726,0
1616500,0
1883641,0
660962,3
1871337,1
1860885,0
1182387,0
2125142,0
549437,0
1691501,2
2118803,2
99958,1
1622338,0
768929,0
1094698,0
31835,0
93102,2
1910165,0
124284,0
580700,0
565928,0
2210580,0
789326,0
703996,0
1041872,1
2460347,4
1396694,1
1290993,3
808731,0
291156,0
1383496,0
2150489,0
862508,0
335348,2
1314463,2
2012337,0
241801,0
284080,0
2493354,3
1706121,1
1415752,0
1354436,0
1885629,0
716534,0
2018717,0
190644,0
2500969,0
1655790,1
995925,2
2004003,0
2340481,0
795714,3
2477028,0
146056,0
790397,2
1685602,0
52927,0
532474,2
977998,3
2636480,0
330922,0
2074237,0
700931,0
665595,0
755921,3
1350230,1
1496594,0
1258617,0
1550627,2
1920310,0
120636,0
1700154,0
2169856,0
1143687,0
2454574,0
1727111,3
2359078,0
1570535,0
447516,0
389985,0
1098851,0
560447,3
59218,2
511497,0
190478,0
1537675,0
2122519,0
2519638,1
1968139,0
2067136,0
1090011,0
399933,0
108385,0
1886772,0
539472,0
158313,0
243430,2
1717881,0
2061834,0
540681,0
2027196,3
400910,0
344678,0
1268374,0
1760911,0
513120,0
2284310,0
1190138,2
2237945,0
672153,0
971889,1
2020892,0
1315844,0
215863,1
426872,0
1469191,0
2196874,1
661305,1
385583,3
1337153,2
1908448,0
2428225,0
2570496,2
1008196,1
740118,1
2515945,0
1732365,3
2501468,0
2639652,0
1747778,0
231012,0
2235183,0
1326124,0
2272321,0
2202223,0
2212485,0
191219,0
2165497,0
3551,0
2240057,0
1239040,1
1984290,0
269554,3
150732,0
1560620,0
2032399,0
426744,0
32014,0
789517,4
383481,2
280832,0
680730,0
1100710,1
2065164,2
1353286,3
1377449,0
42167,0
181843,1
2225314,0
867967,3
1941862,1
705906,3
1016141,0
285595,0
2511626,0
2330287,0
1243401,0
702836,0
165549,0
2179492,0
1628912,1
898468,0
2266535,0
1960969,0
394397,0
2474924,0
1147501,4
2002905,0
478176,4
2557968,0
2491895,0
1626098,0
2420090,0
2474139,0
780936,0
2387734,2
1572161,1
2402687,0
110081,0
599407,0
1680191,0
2633357,1
2392694,2
2490127,0
781622,0
1701156,0
1464315,3
770229,0
1195688,1
1350344,0
303901,0
832702,0
1221326,0
859175,0
1760132,3
1475936,0
127266,0
484655,1
2156559,2
247080,1
810543,0
721008,0
1854214,2
501279,0
1003773,0
2500638,0
936307,2
1237096,0
56859,1
1190655,3
622726,0
1253208,0
1041693,0
740891,0
522878,0
2056584,0
205618,0
396093,0
1261019,0
2527771,1
1868469,0
107739,0
1618918,2
631155,0
521890,0
448778,0
1207369,0
57691,2
742428,0
2420001,2
801723,0
815128,0
2255059,1
2158095,0
2180222,1
1323253,0
2604955,1
2108168,0
1036685,0
443451,0
848430,0
1179020,1
1256608,0
844558,4
2299661,4
177892,0
2255932,0
860416,0
352455,1
1847946,3
98428,3
1623764,2
242906,0
2356143,0
879123,0
1777861,0
1245529,0
1215706,0
1059023,1
874293,1
2470498,0
1446912,0
661246,0
2384870,0
1851060,0
2526414,2
362548,0
2164116,0
345097,0
2241282,2
943523,0
697601,1
1107966,0
1481244,0
2280291,0
2111755,0
1448154,0
1542244,0
624114,0
1535203,0
1503589,0
2381887,0
453321,0
721406,1
2266942,0
522473,2
1940920,0
2049239,2
2196394,0
1698770,0
1743467,0
437256,0
1276759,0
1782772,0
1438618,0
1103221,0
684028,0
2479011,0
1244213,0
769887,2
2125329,2
22846,0
1983788,0
475487,1
1399323,0
1347648,0
1227780,2
1574534,0
1769465,0
1265352,0
1179341,0
1785919,2
941712,0
1076087,3
1478933,2
371442,1
355729,0
2241004,0
1430398,1
1433461,0
2491032,0
1745602,0
1760465,0
2340662,0
2364551,1
1023101,1
760579,0
601147,1
1141007,1
459633,0
502274,0
1832054,0
203199,0
10485,0
2408036,0
78770,0
1277204,0
2526577,0
1951089,1
152136,0
630024,1
431870,0
885013,0
1115451,3
734350,0
134328,0
626856,0
1046377,1
1887934,0
1582367,0
1855590,0
515799,0
1181037,0
1926720,0
227648,0
2428099,0
1432498,0
1419948,0
1506263,0
561131,0
1510647,0
440752,1
15749,3
1491468,0
1571637,0
870976,2
776930,0
366103,1
1510468,0
934440,0
805082,1
1020537,1
251163,1
258836,0
1100325,0
299161,0
577593,0
715608,0
1811789,0
232083,1
2021524,2
1148460,1
157349,1
1857003,3
1201270,1
521240,0
1267484,0
1381478,0
476018,1
1289393,0
962164,2
1392356,0
149588,0
1135505,0
2388763,0
1162054,0
2510504,0
1057247,2
974062,0
541873,0
1015781,0
1481169,0
1925966,0
1493185,0
1771748,1
647304,0
19533,0
2215332,0
190323,1
142436,0
725867,0
958624,0
2044497,0
196113,4
640295,0
183052,0
1947846,0
1967445,0
567259,0
502491,0
2554764,1
1044247,0
575035,1
121420,0
1751648,0
731125,1
2245051,0
85063,0
1482187,1
1529171,0
959505,0
1578868,0
1106241,4
2362208,0
1941672,0
1757443,1
2496944,0
886324,2
2063853,0
382266,2
2631788,0
1125159,0
1377928,0
2198757,0
2466380,0
2092326,0
781999,0
1064066,0
1317914,0
79367,1
922572,2
2031199,0
1964488,0
1269270,0
2372711,2
89487,0
2582588,0
1971047,0
1721761,1
553115,2
2309963,0
2257370,1
1131695,0
940615,0
2254775,0
830101,1
1623835,0
2025167,0
1441464,0
206836,1
877366,2
2148784,0
1734186,0
242606,1
2536621,0
1346198,0
1389091,0
1343237,0
1584570,0
1221676,0
2041382,0
850449,0
1563695,0
1756839,0
1074895,0
1946329,0
197664,0
1044403,3
2539772,0
810926,0
1389430,0
2014656,0
692404,1
1362235,0
825282,1
1768441,0
1319012,0
1780388,0
455424,0
570147,0
330275,1
1952492,3
1087472,4
2044962,0
1836418,1
425273,1
743232,0
422562,0
717168,0
2548984,1
982091,0
35036,3
1550438,0
1309095,0
2440842,0
219970,0
1523242,1
2081090,2
1628291,0
908628,0
1088159,0
1258373,0
1613120,0
2092598,1
1981402,0
2153442,0
1813526,0
1727214,0
1142168,1
2139273,3
1758617,0
338280,0
969981,0
750313,3
1082925,0
552262,0
1508757,0
2559608,2
109963,0
1766913,0
1305956,0
2097610,0
1931829,1
388221,1
1279984,0
919510,0
1910606,0
1778151,0
99062,0
1892170,2
1087430,0
2034967,0
1679321,0
2378106,0
1935323,4
384056,0
172191,0
989837,0
1082857,0
1687738,0
1012070,0
426267,0
374130,0
2159334,1
353141,0
972417,0
1206376,0
2556506,1
16051,3
667607,0
1123585,0
114929,0
890265,0
1645186,0
1346623,0
2225398,0
555485,0
543921,0
733049,0
1811238,3
2186820,0
1591085,0
1634652,0
1923459,1
420523,0
2616210,0
1985466,0
430416,0
2031961,0
1036549,0
729690,0
1057933,2
1349716,0
235124,0
814310,0
1012610,0
1390333,1
174413,0
291057,0
2199735,0
2166690,1
2636508,0
2256018,0
2459251,2
1445236,2
1205474,0
2396631,2
438443,0
2507158,1
1782432,0
2585513,2
240774,0
1836056,1
631855,1
24311,1
1327173,0
13279,0
1678900,0
2300026,0
2649267,0
2382409,2
569783,2
2504519,0
1177595,0
637731,0
2259674,0
2554942,3
1768072,0
2415463,0
376024,0
87673,0
806737,1
695419,1
1603450,0
1213153,0
821625,0
978863,0
1037705,4
1722013,1
714664,0
116160,1
2623612,0
641565,0
250149,1
1939357,3
637379,0
1215792,0
2362468,0
2345117,2
1175402,0
1157607,1
6206,4
382846,0
1006045,0
637471,1
1803175,2
1056604,0
191388,0
1712827,0
2420401,0
1964931,0
1984086,4
1366315,0
720346,0
2608600,0
101271,2
1739802,0
2057826,2
1780909,0
1614123,0
2417042,1
1541203,1
1720535,2
1659896,2
2454249,0
980920,0
539331,0
2562914,0
545351,0
50057,2
270103,0
39896,0
628279,0
957251,0
2086311,0
2037297,0
1896369,0
1448369,2
357952,0
2426636,2
365267,0
2239881,4
2499884,3
1324057,0
2524260,2
1968068,1
93831,0
2515142,0
2100147,0
2461128,1
2295223,2
2380304,0
673468,0
288209,0
1170130,4
2303129,0
1221349,1
2010123,0
333510,0
1052042,0
1662724,4
291682,1
137798,0
497052,4
1636377,0
2046408,0
332091,2
904953,0
904950,0
2550717,0
1426732,0
1558919,0
529226,0
1312348,0
2450736,0
153992,0
157321,2
1565215,0
227940,0
757742,0
897838,0
2060403,3
2316467,0
797657,0
546753,1
213844,0
2160938,0
1292464,1
1745425,0
1547701,4
1856979,0
752504,0
1193529,0
1875600,1
755235,0
1647674,1
157677,1
2121338,0
1735007,0
1421238,0
1006456,0
167878,0
611535,0
2243551,0
575022,0
2344953,0
1743076,0
1349640,1
2441342,0
2000237,4
800924,0
1863358,1
1942357,0
749124,2
2411731,0
804929,1
81743,0
1304141,2
1495480,1
1597530,1
893535,0
1055032,0
855773,0
756735,2
196584,0
385001,0
1886161,0
1409104,1
2271249,2
2321669,1
2157920,0
728019,0
1615333,0
449419,0
2081751,0
2309145,0
2605003,3
249445,2
1247925,0
2207644,1
2294446,0
2486256,0
1111021,0
120707,2
175828,1
222290,0
2634129,0
2182761,0
166634,0
1021221,0
1875449,1
1476604,3
2186872,1
1873247,0
164288,1
2630797,0
1725831,0
268889,0
2440234,0
1081282,0
754574,1
1544986,1
961041,0
15539,0
224836,0
1113485,0
317037,1
1586663,0
320226,0
2049348,0
988386,1
382380,0
980538,0
1080929,0
2628372,0
661973,1
332079,0
1752254,0
2610960,0
1903407,0
568450,0
97704,0
1784368,0
700760,1
360340,0
536082,0
1655955,0
2103318,0
1318642,0
424610,0
819072,0
1463608,0
84218,0
2051706,0
2530260,0
51606,0
1553119,0
551943,2
112974,1
3460,0
576696,0
879127,0
392722,3
1962861,1
125446,0
1354867,0
467906,0
1339806,0
1796822,0
413068,0
934909,0
490380,1
1526116,0
1743017,0
1343416,1
546349,0
1170579,0
1626521,0
367158,0
1425719,0
767648,0
2549635,0
1456211,0
432142,0
1926801,0
2031767,1
1480659,1
1679136,0
2525684,0
2328783,1
920399,1
164673,1
988491,0
725966,0
496711,0
2571527,0
2201521,0
1451109,0
60999,0
2551874,1
880432,1
1783032,0
901269,2
1619573,0
2043109,0
1542948,0
126646,2
966786,0
3097,0
268049,0
2582525,0
2152634,0
403118,1
2372852,0
2268861,0
355914,0
392077,3
2506955,3
1691193,0
1895495,0
1369415,0
2276962,0
306311,2
1181111,0
2561901,1
2286865,0
203454,1
872277,0
116,0
1812631,1
1210948,2
1286788,0
528357,0
1840443,0
2226393,0
1877999,0
2611904,0
421378,0
1433860,0
1800813,0
2276898,0
612800,0
651625,2
2494601,0
2022008,0
588381,0
2511330,0
1134179,0
641981,0
945772,0
1821678,0
755386,0
1915014,2
1336616,0
1611486,1
261304,0
1384003,1
1113651,0
253916,0
473861,0
1671555,2
2051802,1
118582,0
444655,0
70476,1
1848593,3
211976,2
885635,0
869666,0
1560831,0
1775155,0
2531593,1
1859236,4
847616,0
872221,2
1648435,1
1442861,0
962375,0
2244204,1
542678,1
2299056,0
2195651,0
1419194,0
1922727,0
388110,0
157179,0
378328,0
309704,0
500334,0
1657490,1
2555672,0
2557269,2
304232,0
207060,0
1400056,2
13969,0
921348,0
2373409,0
1044742,0
1278536,1
1264877,0
750353,0
2357325,0
1218406,0
493226,0
1485776,0
943184,0
432227,0
881471,0
1891970,0
125456,0
541416,4
1286485,0
210064,2
1783515,0
732287,0
2052984,0
220482,0
682739,4
2253018,0
2204841,0
1094767,2
1764387,1
722300,0
2510089,0
1266312,0
2227850,2
1101560,0
951816,0
2233995,1
89722,0
689335,0
1254623,0
466211,0
16364,1
678384,2
442814,0
23459,0
1109235,0
1245620,2
1880596,0
267568,2
1950808,2
1710968,0
1105269,1
483392,0
674983,2
691021,0
1427387,0
799281,0
1199523,0
679368,0
503493,0
888595,0
1623640,0
2206511,0
2485825,0
2587477,0
2182679,2
586891,1
1218381,0
2471511,1
2038601,0
2480664,2
65251,0
1581780,0
829646,0
1688952,2
1695035,0
2299320,1
435176,0
1437304,2
2638183,0
1649431,1
939710,1
757753,0
829708,3
923268,4
2337296,0
2469842,0
832780,3
183007,1
626772,1
2172400,0
481524,1
1283300,0
468759,0
2540249,0
2134872,1
1403011,0
2045712,1
662513,0
28595,0
291407,0
2329711,0
1584274,0
1133469,0
225251,0
568620,4
141510,0
225674,0
1456324,1
757136,0
666438,1
1371652,0
109699,0
598779,1
2637483,0
1385982,0
2325714,1
380146,0
2171303,0
2001572,0
753609,0
48355,0
1354757,0
2034560,0
53629,1
1049168,0
2120119,0
2335215,0
2058760,0
184412,0
1316591,0
2610318,0
1774714,0
1135154,0
1360577,0
2052755,0
1069545,3
2129992,0
703901,0
2171340,0
775861,0
650594,0
1013177,2
1432378,1
339476,1
2334974,0
1219858,0
62060,0
1531341,3
1262684,3
1181713,0
71738,0
807954,0
239139,0
480042,0
1822377,0
2204910,0
429548,2
1523954,0
2421633,0
1453618,1
930199,1
2156740,0
1751401,1
929247,1
1975382,0
1759313,1
1633972,0
1521075,2
307891,0
1825551,0
1788048,0
1644000,0
1558822,0
1850680,2
2373540,0
913546,0
789449,0
1420020,4
1177426,0
1784998,0
470734,1
19656,0
1986896,0
2436543,0
1062857,1
220863,1
2003773,4
2070318,0
2353302,1
216190,0
1184963,0
27289,0
2381639,0
530903,0
1895407,0
589674,0
521481,0
1632103,0
379432,0
675410,0
2003656,0
1181854,0
753138,0
1559921,0
1930208,0
2612437,0
1236993,0
170832,0
207073,0
1669437,1
1617382,1
2520933,3
833856,0
452586,0
1407739,0
1378056,0
801150,0
2461299,0
2590423,0
552431,0
2640718,0
2367912,0
1289745,1
1605779,1
119936,2
298530,0
1041253,2
2515194,0
941611,1
709391,0
725702,1
2441066,0
486660,0
1015986,0
567009,0
2220194,1
1199271,0
875107,0
1322269,0
2308621,0
1337502,0
2314989,0
785112,0
1775936,0
1846406,0
2407365,0
1452736,0
302135,0
1373975,1
2071336,0
1730125,0
93903,2
1743315,0
1452527,0
235208,0
52153,0
1229291,0
2510270,0
1698273,0
214516,0
524907,0
424359,0
906574,3
1385257,1
22018,0
2632964,0
874880,0
2571545,1
1620114,1
812814,0
1286388,0
1466320,3
1952996,0
2400425,0
8309,0
671029,0
1378584,0
2443786,0
485283,0
2612104,3
184360,0
1251310,0
570075,0
605039,0
2141312,3
1012947,0
139810,1
1825531,1
1952917,1
2413408,0
2061224,0
1521022,0
318052,0
92275,1
1980432,2
1273520,0
190512,0
1359540,1
1878197,0
967575,0
2389394,2
2633669,0
1007754,0
1869925,0
819855,0
593867,2
2359675,0
2179021,1
2604442,0
937141,1
2270275,1
223897,0
1486920,0
327817,0
933459,0
1301884,0
2440793,1
2450914,0
2350646,0
533955,0
1771587,1
579944,0
1241958,3
490753,0
2631240,0
2573652,0
1473823,0
428657,0
1940150,0
353145,2
2617430,0
2632607,2
1162107,0
1251825,0
56977,0
1199955,0
201633,3
1569992,3
2390353,1
305701,1
1794258,0
614526,0
587643,0
2534122,0
308990,3
677269,0
2334626,0
907525,1
1351898,2
2420384,0
2344532,1
677008,0
1737824,0
342904,0
790207,0
1673651,1
848371,0
1365719,0
2479467,2
637245,0
774535,0
1034253,0
2569199,0
1560171,3
1706453,1
711247,1
655573,0
2452111,0
1660465,0
288256,0
1842613,1
1396858,0
1123394,3
1467465,1
2265084,0
240399,2
1377988,0
2276105,0
1165778,0
2412999,0
1628202,0
253326,3
994283,0
1860308,1
682617,0
1350036,1
222021,2
313694,2
1154874,2
1486137,0
1487606,0
2310715,0
252426,0
1558950,3
117285,0
1613650,1
165720,4
133706,2
693307,1
1669754,0
2625295,0
515311,0
1015868,1
1470644,0
1169494,0
523292,0
2025588,1
418793,0
2532721,0
1164041,0
1137389,1
914457,4
2461433,1
707826,0
2483121,4
1714205,0
2387740,0
2255533,1
701730,0
563965,0
776559,0
1267490,1
1320221,0
2498751,0
1108004,3
1688055,0
1744291,3
566587,0
903740,2
4981,0
843399,4
1767572,0
2392450,3
230324,1
1436061,0
1090125,0
106647,0
1474958,2
1366637,0
747324,0
323014,0
1248372,1
476812,0
2646374,0
2033641,0
275283,0
617075,0
973814,1
369963,0
1368105,1
654849,0
191097,2
279517,0
1748357,0
762163,0
545026,2
1769993,3
1858579,0
1366468,0
1922071,0
1142416,0
2448843,0
1924273,2
193099,0
756117,0
1786910,0
1617240,1
347672,0
1547332,0
1620186,0
156235,1
2510873,0
751397,0
1666439,0
870097,0
1147908,3
455810,1
1049757,0
798982,0
500657,0
2425959,0
1387031,0
991567,0
77333,0
1601970,1
984028,0
1858904,0
1935937,0
853689,1
2481053,0
1998548,1
455894,0
2618000,0
2431250,0
434214,1
3720,1
2484080,0
115361,0
413701,0
2191172,1
1342719,0
1563084,0
884805,0
1159524,1
1071329,0
1938964,3
1010227,2
165730,0
901205,0
193145,0
927185,0
1379382,0
899577,3
253346,0
824811,0
834118,1
2364687,0
727547,0
876624,0
854474,0
1996648,0
2168478,0
2526898,0
549013,0
1505106,0
1849734,0
2321890,0
2003928,0
1332611,0
1435252,0
1005165,0
1608091,0
2157637,0
2055270,0
79022,0
136264,0
116563,2
1470589,0
658897,0
723818,0
948124,2
2640999,0
819412,0
1889745,0
1327798,0
810429,0
1491275,0
840289,2
1788256,0
2198743,0
2149919,0
2055419,0
296659,0
1367256,0
71402,2
1226102,1
1174770,0
1261356,0
667244,0
1557258,0
1602668,1
2376370,0
1983932,0
1001056,0
1574760,0
552085,2
68721,0
2555179,0
2364520,0
2432337,1
1127148,0
243240,1
1735827,0
2377336,0
1640832,0
1813902,0
494299,0
2276333,4
2260250,0
819448,0
700101,1
1406329,0
2171988,0
2336141,0
2194674,0
1626090,0
529497,1
39953,3
321184,1
1045657,0
1528385,0
1885705,0
587127,0
2100867,3
1209999,0
2059834,0
1295606,0
2385309,1
1220647,0
1903979,1
2227538,0
1702,2
330166,0
1716566,0
1398761,0
631009,0
2201507,0
163127,0
1173130,1
619829,1
778430,3
1719484,1
2106417,0
1636895,0
2154572,0
2050998,0
1819028,0
697222,0
90023,0
1378998,0
967320,0
698715,0
1719554,1
2545092,1
680712,0
37683,0
2366555,1
147730,0
1022229,0
1341473,1
2074266,0
387693,0
775439,0
566955,2
2346598,0
1093403,0
1329072,0
2042074,0
2128176,2
1066315,0
37561,0
239297,0
374078,0
776160,0
2595888,2
1100308,0
2585641,0
1762448,0
288727,2
1117752,0
1910693,1
1817712,1
2072710,1
1889261,0
1092852,0
2330526,0
2446096,0
19117,0
1299354,0
327117,0
908921,2
273143,0
1875549,2
2346283,0
2315358,0
2200544,0
1480309,0
510641,0
2290096,4
2615317,0
512295,2
1862405,0
392044,0
1192912,2
1566611,0
1866638,0
33758,3
2057237,0
1436386,0
2454680,0
2576966,1
698821,0
188597,0
1857816,0
1492773,0
562484,0
1267537,0
1137408,0
1611660,0
1677216,0
565592,0
913632,1
1111332,0
1842628,0
1712917,1
1196969,0
662781,0
651950,0
1441589,0
525788,0
490883,1
1965579,0
326883,0
2095369,1
407830,0
1663724,0
513210,2
544773,0
2039272,0
1190513,1
1200002,1
179936,0
664790,0
2047972,0
2009821,1
650694,0
2518675,0
2509125,0
2184030,0
17176,0
36076,1
682819,0
387553,0
1821339,1
484257,3
1291687,1
1032632,0
2288889,0
2587179,2
2624181,0
672010,0
190856,0
241023,0
2064439,0
1787989,2
2431378,0
1984398,0
1181145,0
715741,0
1284860,0
11462,2
2180255,4
2141636,2
1234104,1
1994794,1
371773,0
1073522,0
1426538,0
1777122,0
2236040,2
271370,0
1007967,0
955278,2
1099004,1
1807143,1
150597,0
2616948,0
1437015,0
2262525,2
1900241,0
1543501,0
1012479,0
1542456,0
949965,0
2320476,2
632925,0
2648085,0
292952,0
1068565,2
1740522,1
1283952,0
1561975,0
2631796,2
254632,0
2284205,0
195823,1
1304027,0
1315389,1
658375,0
1069747,0
1086022,1
364208,1
568657,0
1934002,0
1040789,1
1747200,0
1599017,1
2083951,0
1474910,0
724921,0
883180,0
1137894,0
1898331,0
2080843,0
447759,1
1714837,0
1355260,0
1969600,0
2167891,0
763570,0
2469318,1
272157,0
1401714,0
580687,0
2329885,0
707061,0
9748,0
299185,2
830471,0
1957439,0
50718,2
781787,0
1025592,1
1240270,0
358363,0
2413235,0
2313062,0
545822,0
1257558,0
2479818,0
2146777,0
2631373,1
822176,0
1405779,0
577215,0
1283078,0
1097728,0
905074,1
1717425,0
1935700,1
1193964,0
2380973,0
2424954,0
2343769,0
1556551,0
1743606,0
1997985,0
555000,0
503971,0
1646271,0
585010,0
277538,0
1321158,0
2320555,0
1876732,0
2384424,0
1081481,0
1505310,0
1241808,0
1337546,0
214499,0
1172062,0
139845,1
1596655,2
1764425,0
1261395,0
2582161,1
153145,0
2606374,1
1125830,0
2131508,0
1548619,1
838132,1
2585563,0
1149296,0
1747051,0
1912243,0
1058560,0
1912074,0
2202562,0
170232,2
1492307,0
1399265,0
2484674,0
29969,0
2028737,1
741060,0
1194599,0
380808,2
254188,0
426921,0
239352,0
2268019,3
1680042,1
2192745,1
1052186,0
1966266,0
632805,0
1316405,0
1480084,0
1339615,0
1480142,0
282752,0
735242,0
558225,0
1646185,0
1274871,0
663095,0
1391652,4
1232194,4
408034,0
668512,0
2221806,1
2295089,1
347603,1
1939288,0
193303,2
864192,1
2288845,0
822837,1
2262752,1
933544,0
2643414,0
1793173,0
1946049,0
511478,0
1902430,0
165941,0
456680,0
1195137,1
716509,0
1533550,0
2071819,1
624336,2
1322277,0
1097460,0
1761015,0
1152899,0
1979813,0
384731,2
1168169,1
2288028,1
1046809,0
1450048,0
1353042,0
667573,3
208480,0
1310210,1
1672007,0
1379203,0
2284477,0
1549336,0
1369809,1
1418425,1
1071153,1
31408,0
754001,0
1396735,0
728392,1
1927110,2
2020408,0
2258313,0
616291,0
92567,0
1336325,0
1752638,4
120450,0
2003771,0
1101387,0
818203,0
1633276,0
218283,0
1703337,0
2181768,0
670509,0
949671,0
1335098,0
2394704,0
971459,3
1620735,2
49704,1
600041,0
248394,0
69296,0
2455281,0
1965076,0
1760698,1
1184551,0
294111,0
1287958,0
1381159,0
847436,0
705971,4
408517,0
1801528,0
1144614,0
2112523,0
2132649,1
1008859,0
2079901,0
1316029,0
487153,0
186034,1
247687,2
1380554,0
2514186,2
1329923,0
834069,0
751254,0
214402,0
2422559,0
129544,0
922294,0
1414035,0
427548,1
390552,0
2218837,2
253028,0
21373,0
527491,1
1971406,0
2396330,1
2198341,1
1739453,0
1943935,0
1582556,1
2510883,0
774593,0
1986179,0
822232,0
2456905,1
2159123,0
759300,0
257382,0
569271,0
2416431,1
1227440,2
2525203,0
1975014,0
290874,4
538573,0
1035205,2
2248813,0
771902,0
1894552,1
2088144,0
615466,0
493863,1
1003965,0
1371236,0
127381,0
945578,0
986142,0
303558,0
920758,0
2029623,2
630845,0
180503,0
2175037,1
1942483,1
468218,0
935712,1
2111262,3
1344527,0
615714,0
2099982,0
1804819,1
1655469,0
878228,0
1806805,0
1000076,0
6865,0
1692569,0
1736442,1
418799,1
1551945,1
873411,0
1095683,2
1873689,0
2260761,3
1688099,0
1994152,0
1060208,0
1519071,0
1864901,0
1015258,0
311124,0
1576227,2
1317902,0
2581450,3
1074718,0
2062167,0
485100,0
1959904,0
1958813,0
321652,0
1257447,0
1100246,0
2028579,0
349727,0
683751,2
1854169,0
869628,0
648238,1
2600964,0
1567295,0
562398,0
1438767,1
235258,2
1257734,0
2388410,1
202534,1
1270336,2
789683,1
2646557,1
1661357,0
1515556,0
2192118,0
413612,1
1399102,3
2625412,0
1325304,0
2228436,1
615646,0
509277,0
1528878,0
1846379,0
2220771,0
1816448,0
1552647,0
1461182,1
2523113,0
615257,2
870185,0
2284891,2
1283516,0
141707,0
1721354,2
1524240,0
2438862,0
2283171,0
2470629,0
1012143,0
294612,1
1105491,0
2056368,0
735890,0
788618,1
324279,0
79095,0
799693,0
538961,1
2039201,2
775347,1
1066534,0
1131930,1
710783,2
624645,0
1499564,0
198352,0
1277752,0
817920,0
95699,0
2171707,2
463433,1
409539,0
2643057,3
1897862,1
1864172,0
790913,0
435680,1
2475569,0
1887664,0
1812055,0
1214382,0
2518644,0
1222522,0
771008,0
1555917,0
2085438,0
655762,0
2391355,2
2366597,1
2509609,4
1904000,0
1524250,0
137781,0
137362,1
629249,0
1695093,0
647277,0
2490023,0
1408249,3
1278031,0
760027,0
1054301,0
196266,0
114294,0
225618,0
463959,1
16388,0
2483306,0
2293692,0
1252345,3
1695030,1
60137,0
295512,0
274365,1
807357,1
468473,0
1915028,1
1082888,0
1959005,0
185979,0
985637,1
230952,0
1606211,0
1192681,0
1257159,0
1127458,0
1302943,0
1569103,2
191616,1
466248,3
696818,0
1988219,0
2117579,0
288127,0
486322,0
2322058,1
937583,0
91502,1
1694524,0
2523451,1
2084973,0
2433743,0
1783036,0
327634,0
1486389,1
1320038,0
570052,0
155983,1
519769,0
317060,1
1969217,2
1731449,4
934693,1
770711,1
175270,0
95805,0
2394106,0
934149,1
2160787,2
2074772,0
1317025,0
1900448,0
2196635,0
1911890,0
450971,0
1464919,0
368741,0
1710705,3
2133510,0
1977261,0
983388,0
72796,1
1407301,0
1711448,0
1905147,0
1096005,0
523416,3
1925066,1
80412,0
2023233,0
526149,0
975715,0
1118120,0
2308181,0
1565755,0
1519282,0
1935981,2
1767092,0
851525,2
277601,0
1798255,0
1063713,1
1992703,0
2441719,0
2478646,0
2340098,0
2459223,0
2527275,0
166027,2
2309760,3
1080490,0
491722,0
1575492,0
2587141,0
650064,0
505115,1
943042,0
2429554,4
530964,0
2446910,0
466689,1
2214934,0
1544668,0
152101,0
1596608,0
2226197,0
706343,1
134676,0
1379794,1
743341,1
1271446,1
1678264,0
69517,0
50075,4
1117370,0
542681,0
1459323,0
265957,1
685160,0
2407453,4
2163095,0
2587946,0
2359002,0
1755455,1
1684909,0
2346008,0
55290,1
756309,0
2570388,2
135658,1
1531343,0
2545208,0
2238863,0
548271,1
767668,0
133040,0
1946102,0
1472986,0
2638578,0
371492,2
2623331,0
305389,0
2424911,2
1693482,1
706697,0
2133448,0
2532130,0
2208415,0
1265763,0
355742,0
2531371,0
288557,0
1474269,1
808380,0
2163730,0
2296267,1
788222,0
833752,0
200254,1
2142016,1
2149408,0
1388583,0
1571459,0
2342439,0
1824595,0
1396488,0
822164,1
1902220,3
895232,1
1197906,0
1345759,1
851624,2
2203131,0
2188684,0
427485,1
1972172,0
2115420,0
967423,0
1886082,0
2343520,0
853868,0
967535,1
302789,0
2426544,0
978769,0
1681228,0
224162,0
2586258,0
478193,0
1602735,0
1843396,0
1799723,0
2354131,1
158891,0
1009633,0
1197266,0
674545,0
1210601,3
1631359,0
1792345,2
1015702,0
613041,0
1960905,1
481237,0
808523,3
396942,0
1545473,1
2348173,0
1498206,0
1903571,0
431783,0
398468,1
2547237,1
1598171,1
191800,0
1438092,0
2311335,0
80871,0
873116,0
952133,0
2550772,0
1183685,0
2169858,0
1969211,0
2108748,0
1217625,0
387474,0
1162549,0
2221791,4
1108182,0
733507,0
1037245,2
2253274,0
458931,0
2781,1
830261,0
1417832,1
1987497,0
1368985,2
2369887,0
658726,1
243821,0
991068,0
2344234,0
1875818,0
2075519,0
2569169,0
1553091,0
196360,0
702403,4
1487729,0
1429954,0
1422724,0
1863985,0
1045469,1
2041493,0
1461408,0
2341391,1
1992319,2
1281319,0
1051995,0
282257,0
1052897,0
784845,0
963376,0
1309632,0
1693750,0
1469438,0
452148,0
1457151,0
1803141,0
2025323,0
1132749,1
934439,0
1758068,0
1418049,0
2151566,0
239070,0
642513,0
474159,0
34110,0
2147009,0
229488,0
827801,2
1508334,0
2317560,0
1045110,0
907711,1
2082228,0
101518,0
205752,1
448847,0
2365636,0
237476,1
1619011,0
2629740,0
1377251,0
1397303,0
1656094,0
289594,0
230586,0
2215855,1
2169438,0
700327,0
63025,0
2552754,0
951798,2
1364391,2
233207,1
1370850,0
1162229,0
910356,0
491853,1
816649,0
2599021,0
1319605,1
2363076,1
2465009,0
1045964,0
1750288,0
861945,2
1830420,4
1439407,0
499711,0
318100,1
1829943,0
2266083,3
2217986,1
1257117,0
1400154,4
849748,1
592001,0
898344,0
1548438,0
2527994,0
457445,0
2141376,0
1154846,1
795530,0
748353,0
699136,0
404602,4
1187494,1
1251958,3
1423523,0
2140372,0
2098652,0
678552,2
1164985,0
1649696,0
1009636,0
2523048,0
1865701,0
1576996,0
1659196,4
2265489,1
2235959,1
2648290,1
836176,0
1025363,0
1460539,0
2127775,0
830430,0
1470870,0
48961,0
1148732,0
136854,1
1769018,4
842700,0
2339705,0
1359856,0
2435584,0
1828942,0
1242879,0
2009297,0
583665,0
1241525,0
1730270,0
2115155,0
1264843,0
2640196,0
1914044,0
87681,1
2257552,0
644003,0
913820,0
2188377,0
614406,0
2386083,0
2398004,0
2320053,0
2368666,1
1543331,0
409533,0
908540,0
2330618,1
2104635,0
663206,0
2263155,0
1983269,0
2170041,1
530763,4
2204294,0
1203017,0
2504674,0
1103576,0
1505884,2
2346201,0
1961558,0
308687,0
1118643,1
504298,0
1219333,0
174899,3
741248,0
1284684,0
1745989,0
923650,0
2315874,0
2104526,2
68301,0
1412176,0
2096540,0
2213649,1
1183575,0
1727104,0
1110506,0
1570080,2
1437491,0
2441503,1
1556835,0
1815893,0
999871,0
334457,0
511898,0
1460492,0
2137125,0
1665636,1
1673594,0
992442,0
2465119,0
815953,2
1622530,0
2067395,0
1507650,0
760301,0
91451,0
1303390,0
415054,1
1298943,0
1484853,1
554424,0
473627,0
1109700,4
2606937,0
2579551,1
2001178,0
2353297,0
1111992,0
2175570,0
1848036,0
842559,0
2351178,0
2604319,0
391133,0
2026130,0
495813,0
2513976,0
553224,0
290965,0
1821608,2
989327,2
2181228,1
539962,0
1480872,0
1218707,0
817261,1
1217869,0
1441534,0
636238,0
1385092,0
570721,0
2515598,0
2351488,2
143303,1
1297040,0
1417610,1
1590024,1
1935683,0
1984810,0
2316251,0
285176,0
1689201,1
1331360,0
1306722,1
2577898,3
1791932,1
1462638,0
1283531,0
2067711,0
1623403,0
1536304,0
104407,0
630008,2
532697,0
1951225,0
1118147,1
1917417,0
1244375,0
861057,0
808833,0
2614474,0
2166511,0
229853,0
1986403,0
664542,0
96611,0
337827,0
1590635,0
1028643,0
89360,0
1764282,0
445386,0
1701632,3
1954593,0
1312442,0
1146972,0
2546335,0
2169493,0
1773567,1
720925,0
1617168,0
258912,0
2259312,0
688972,0
1025014,0
1835080,0
1327958,0
105016,0
1270101,0
517822,0
1803239,0
1768959,0
107379,0
2632925,0
1592203,0
2354942,0
631558,0
640558,0
944339,1
2372907,1
143944,0
1481266,0
172629,0
1751881,0
2034957,0
195032,3
2292354,3
906763,0
2129633,0
393903,0
2433191,0
410721,0
2567391,0
2135506,1
1422499,0
2099294,0
8757,0
359157,0
1939830,0
787944,4
755775,1
1533682,0
1481679,0
195760,0
2595757,0
81937,0
1274966,0
2622657,0
2420257,1
2067671,0
1474722,0
1024718,0
1022766,0
933094,1
2258287,1
6444,0
232758,0
759865,1
318617,1
1408041,0
458022,0
2459365,0
1817351,0
990938,0
806691,0
969604,0
1567150,0
1947961,0
630184,0
1441332,0
869959,0
874634,0
2380731,0
2348693,0
1443246,1
147054,0
956043,0
965381,3
119691,1
801302,0
2464655,0
2019983,0
1679602,0
262621,2
618696,2
8797,0
254787,0
100228,0
309747,0
1945423,0
1286545,0
852971,0
2349628,0
1841247,0
1227944,0
11340,0
1509576,0
1348110,1
888051,0
917571,3
1745143,0
1395444,0
1132596,0
698800,0
988817,1
2520138,0
182464,0
1387893,0
871574,3
1066926,2
83019,0
300399,0
1851089,0
433351,0
1755144,0
1198764,0
2493406,0
322203,3
1407512,0
126698,0
2096649,0
1726754,0
142397,0
716446,1
1079227,1
1455126,0
2401932,1
1719877,0
581952,3
1175611,0
981104,0
663990,0
1838401,0
808863,0
453462,0
2410292,0
983990,1
1702120,1
144863,0
1818641,0
1038458,0
632738,3
2592684,0
431845,2
756408,0
933135,0
1151871,0
2370558,3
2317555,0
386869,0
2599262,0
781473,0
1350076,0
531255,0
120513,0
167714,2
2290562,2
1601558,2
1204452,0
724405,2
2007761,2
854134,0
2294950,1
1395285,0
2311049,2
1785665,0
2205418,0
1321637,0
1398154,0
2159419,3
1273258,0
2034252,0
2286774,0
2337931,0
1464103,0
1104931,0
826337,2
1137945,0
204439,1
530243,0
438749,0
1471904,0
2343092,2
945318,0
979892,0
941237,0
1075380,2
1393584,0
2441014,0
1692112,0
1818083,0
269482,3
834612,2
1598174,0
2515569,1
713559,3
320806,0
2214656,0
1842490,0
1756513,0
646392,2
191843,0
616074,0
859143,3
1890717,0
1395573,0
1064471,2
1609417,0
1529548,0
1029956,0
440781,0
496070,2
2025791,0
1953503,0
1466394,0
1120476,0
2429396,2
603744,0
194511,1
793166,0
2534299,0
309948,0
331472,1
2634386,3
1164541,0
1562633,2
505344,0
561402,0
2503781,0
310259,0
132705,0
912401,0
273354,0
2348490,0
293958,0
2618124,0
397815,4
1323271,0
1300873,0
945335,0
2593025,0
1764599,0
1878143,0
1104846,0
2557604,1
414994,1
157635,1
366021,0
1846929,0
2322612,0
325073,3
2013305,0
353900,0
1310831,0
800835,0
2623903,0
1430601,0
2628778,0
654102,0
144129,0
1320770,2
2152808,0
1276884,3
2545054,0
922829,0
2402461,0
1919782,2
871958,0
361330,0
2428821,0
1919197,1
2398671,0
2152891,0
540972,0
1272495,0
2069489,0
1680775,1
2561590,0
1886577,1
1378970,0
1303710,1
365636,0
599561,0
183055,0
87164,0
1450649,0
327261,0
1532741,1
384972,0
1971778,0
871445,1
128921,1
1743221,0
982709,2
552867,0
427339,2
32147,0
1014601,0
2165574,1
2349729,0
1760874,0
1851374,0
450664,0
616977,0
1877590,1
616452,0
1414582,0
1503934,0
653803,0
1787474,0
1895930,3
1291709,1
2512615,0
156894,0
251099,2
818160,2
1592647,2
535674,0
1046367,0
2471312,1
1277993,0
2529759,2
1569053,1
1036389,2
638614,0
1791853,0
2354718,0
2264425,0
396491,0
516891,0
733245,3
966158,0
923530,1
2196050,0
2217397,0
84146,0
693432,0
2570462,0
13334,1
1322572,0
1125226,3
1388664,2
2141153,0
531010,4
1481716,0
2317851,0
224051,0
505668,0
2080929,0
289710,0
1811432,1
777200,0
827010,0
1006457,0
46320,0
1772703,3
755846,0
1245629,0
1993413,0
1940067,0
953666,1
29734,0
1283122,1
96397,0
280112,3
2430231,0
701393,1
2361157,1
459060,0
1658366,0
701902,0
1149289,0
1157288,0
2213706,1
2147047,0
1582952,3
923572,0
1038805,0
226342,0
919369,0
1955703,3
105058,0
1746477,3
394803,1
62328,0
872339,1
29823,0
855387,1
925565,0
358392,0
2582367,0
2040906,0
815666,1
2368260,0
1660482,1
2463223,0
229918,0
2491503,0
2096694,0
1255155,0
152955,4
975743,0
2561923,0
363252,0
774398,2
748888,0
724759,1
2196927,0
280802,1
1575171,1
1906632,0
227151,3
125447,0
2489482,4
914949,0
1730518,0
1202730,0
22632,0
942727,0
1682531,1
1678830,0
2041490,0
2154349,0
2445658,0
1415597,0
1207336,0
1681614,0
2329960,0
14936,1
440983,1
94561,1
422467,0
2257762,0
1107775,0
1673356,0
1846681,1
775089,0
722806,3
1717060,2
1483654,0
1530205,0
1771545,0
254226,0
2066735,0
1331624,0
1272348,0
1797692,1
1957415,0
1222250,0
564647,0
810823,1
1578167,0
1119513,0
1995431,2
38087,0
1256816,2
1132912,0
1492143,1
825353,1
2471735,3
1628880,0
2002444,1
972950,0
2465409,0
341347,2
951158,0
1141044,2
2189298,0
567521,0
686940,0
924705,0
143784,0
1639560,2
2082054,0
158204,0
1786348,1
1886898,0
2128678,0
976373,1
2562768,0
2343802,1
151139,0
1878249,0
466910,0
128061,0
1654733,0
2109881,0
749010,0
952918,0
2455594,0
171864,0
2147732,0
1784309,0
1116269,0
1344624,0
1686316,0
528666,2
2507537,3
2378097,0
2515880,0
1498792,0
555388,0
727481,0
1831556,0
1185107,1
2530126,1
1744325,1
2221268,2
487091,0
1367174,0
1559931,0
772419,0
1526664,1
1427721,1
349897,1
2254617,0
1939913,0
389580,0
959027,1
2206628,0
1915120,2
767160,0
856106,0
2587828,0
2570403,1
2648583,0
1613378,1
1773727,0
1763713,0
900899,4
1446509,1
629942,0
2250546,1
536967,4
182650,0
995516,0
1665442,0
2487916,3
2149665,0
1447248,0
2445183,3
1423423,0
1515117,2
177570,0
40095,0
2200200,0
735899,1
2299287,0
830721,1
132000,3
2336847,0
1780074,0
2304653,0
2087908,0
1902747,2
201573,0
2411010,1
654609,2
2330167,0
131545,0
1364764,0
818116,0
515823,0
2473162,0
910386,1
965779,0
42598,0
450949,1
106254,2
2617079,0
458252,3
2168190,0
393134,0
2105689,0
265894,1
1750738,0
2425195,3
1260257,2
591534,0
978119,1
2573367,0
856366,0
1191044,0
2083368,0
67666,0
250927,0
776344,0
1740380,2
829479,0
320729,2
1081120,0
2573021,0
858942,0
2230945,0
1858591,0
1397979,0
857394,0
1781436,0
2076818,1
770095,0
2089214,0
1901089,1
1379726,0
416435,1
1568389,0
196923,0
1334157,0
1949704,0
1099301,1
1711583,0
1627847,0
1664980,0
2512430,0
664887,2
2605146,0
1386881,0
2500818,0
2140780,0
396555,3
384662,0
1996893,0
2271026,1
1328494,0
1086832,3
809789,1
611741,4
1753873,0
630754,0
125163,1
2527484,1
2498718,1
1897420,1
2510408,1
504092,0
2250104,0
2598242,0
1641072,4
815301,0
328100,0
1705243,1
70330,0
1656367,0
1027771,0
799190,0
1108563,0
656988,0
1638959,2
2274719,0
530026,0
1304765,1
2580166,0
1084626,2
2320377,0
1098857,0
1789669,0
2265316,1
1210402,0
412535,0
1793601,0
1447771,1
743554,1
922231,2
207314,1
1710643,4
542072,0
1152801,0
2633375,1
2178027,0
1310487,0
669915,0
1072667,0
1417224,0
148016,0
622214,0
1593150,0
921662,0
2496828,0
28338,2
741724,1
36644,0
859994,0
2212232,0
1246838,1
397059,1
2021595,0
718855,0
1353494,0
2501553,0
1140172,4
847018,2
1413682,0
620143,1
339919,0
218627,0
2448915,0
2001512,2
54521,0
1020401,0
662832,3
972178,0
793862,0
176547,0
913662,0
884870,1
2344603,0
178800,1
2087589,0
492819,0
1101043,0
2451081,0
330656,0
570783,1
253094,0
422601,0
973051,4
90560,0
740291,0
2562295,1
1303121,0
587590,0
345083,1
1784146,2
1710722,1
2641171,0
607369,0
1379708,0
1276291,1
1172570,1
1010373,3
1834826,0
1191269,0
610760,1
265086,0
1765879,0
1653565,3
87962,0
1081560,0
1524959,0
2091247,0
1931406,0
487379,0
1409,0
1586927,0
1128943,1
743734,0
1191409,0
1118945,0
486205,0
1942009,0
1675007,2
2395060,1
1464164,0
476080,0
1463880,0
1112741,0
1101112,0
2646166,0
2214135,1
1225243,0
1312761,2
1312546,0
1721962,0
542167,0
2481919,1
1471541,0
1094699,0
632708,1
1659456,0
1687618,0
562461,1
633647,2
256195,0
1495792,0
2143203,0
859765,0
2534389,1
1375845,2
1443294,0
2075470,0
2255608,1
675904,0
2441630,1
2037839,1
1228654,1
1477584,0
1117543,0
2397875,1
2463326,0
1956707,0
1167763,0
1905235,0
281036,0
178028,0
1006809,1
1064523,0
1002870,1
2323535,0
1796191,0
1174341,0
956812,0
189928,0
74496,0
471621,2
1101324,0
1631101,0
852813,0
1019952,1
340035,2
111337,0
1363394,0
1232745,0
768474,0
409487,0
2161142,1
1549954,2
2427165,0
2202749,0
2280493,1
740252,0
2264679,0
1947691,0
1968969,0
1604737,0
1647724,0
769879,4
1699127,0
1769276,0
1514886,0
2162866,0
296289,0
2459215,0
749891,0
354013,0
487867,0
735103,0
389161,1
1364186,0
2500191,0
2590895,3
1729597,1
1787402,0
1819845,0
2150828,0
1280120,0
2131869,1
455843,1
2208519,2
327053,0
185185,0
858289,1
1993577,0
2197173,0
1699482,0
2285572,1
1911350,0
687591,1
449509,1
928782,0
230375,0
120389,0
1514999,0
2514364,0
374843,0
867507,1
76979,0
575058,0
158617,0
2157302,1
1316284,0
1937345,0
1688491,0
1656121,0
1981501,1
1005020,0
1733667,0
1500966,0
1788231,0
714678,1
1240132,0
1554221,0
1746745,0
1445262,0
1606739,0
624655,0
2095550,0
2119509,0
908994,0
1957565,0
1988250,3
1765949,0
1459519,0
2458302,0
1114031,1
1544098,0
681932,0
240706,2
973399,0
2624734,0
832366,1
2374825,1
2122738,0
1542032,0
330569,0
686284,0
2239067,0
223026,0
306004,2
1323311,0
646726,0
302838,0
1324171,0
1503026,0
2134226,0
945982,0
2030269,0
1127876,1
2612664,1
2167845,1
1709022,0
262036,1
469021,0
1300046,1
1363299,0
78487,0
2491396,0
76579,0
1246536,0
2302454,2
1049274,0
1550208,0
1856711,0
2253343,0
459753,0
1498519,3
1703083,2
1586699,2
2598658,4
532888,0
1321549,1
647091,0
899183,2
183050,0
1196578,0
2227474,2
769314,2
1389360,0
2514947,0
291122,0
1961303,0
1193410,0
1500879,1
2058897,0
704707,1
1715533,2
2153578,0
1477215,0
563382,0
2286288,0
596532,0
2599477,0
2379219,0
2600659,0
2598622,2
1949759,3
391256,0
673967,1
2615679,1
760943,3
880365,0
2627567,3
893273,0
904666,0
869268,0
557428,0
1437996,0
958121,0
2519816,0
964158,1
1225250,0
2113897,0
2308376,1
2105454,0
524619,3
938291,0
524312,1
3628,0
1413367,1
1563394,0
2428674,0
2465350,0
1334208,0
2293747,0
927206,0
1922721,0
614264,0
1311215,0
2251669,0
375241,1
2612016,1
1278881,0
1952831,0
1218545,0
363711,2
943441,2
2119659,0
870525,0
811790,0
23042,0
2628653,1
964453,0
2010935,0
175484,0
636852,0
1873893,0
338553,0
1273792,0
2641931,0
136309,0
2038267,0
751331,0
575399,0
188537,0
1642125,0
777872,1
583682,0
2576952,1
2076092,0
2175686,0
256226,0
1695600,4
2476506,0
953653,0
1488644,0
1458523,0
1513680,2
1564379,0
1519265,1
1470826,1
2534507,1
1660548,1
613510,0
1927778,1
1724337,0
633303,0
1430399,0
51411,1
2032423,0
2504134,0
1155336,1
1979429,0
434866,0
1054253,0
1747339,0
2009071,0
2327796,0
794316,0
412196,0
2437021,3
2059575,0
1723299,2
629025,1
2317853,0
1008490,0
180691,0
770253,0
2346169,0
1767199,0
2546143,0
2282499,0
742796,2
1642303,1
423432,1
1498429,0
1451060,0
1297031,1
100920,0
999229,1
1982387,0
387227,0
2263248,2
623257,0
1474466,1
1922778,1
362750,0
766602,1
646560,2
44783,3
1662203,0
2558847,0
262654,0
1175738,0
1320610,0
2540646,0
1757145,0
736927,3
81663,0
1231165,0
931022,2
921286,0
1782321,0
1967029,0
2509882,0
1029120,0
2302228,0
2031554,0
859583,0
1878537,0
2072280,1
571328,0
2331608,0
124564,1
2240466,1
2199915,0
762781,0
2083721,0
1098004,0
1839764,0
108780,1
2042487,1
2561520,0
256600,1
421433,2
682084,1
1180038,0
456439,1
2120610,0
877387,0
978229,0
494150,0
2513984,0
1723291,1
665990,0
1245585,0
1897585,0
481735,0
2580616,1
2143486,2
242698,0
294265,0
2480035,0
482917,0
1803311,0
2292177,0
1802095,0
78859,0
17872,0
225667,0
1869841,0
2076343,0
2562446,0
1448155,0
134695,0
2602564,0
2460783,1
756315,0
596657,0
2618515,2
104920,0
1251713,0
282298,0
257431,1
36511,0
1888966,0
1764558,0
187135,0
2526460,0
2028907,0
1270812,2
2535875,0
415150,0
1293953,0
669135,1
2615291,1
2445535,0
938181,0
1068124,0
634689,0
2049795,0
1349507,0
2367331,1
1344743,0
1894895,4
2301034,2
1664527,0
538999,0
284819,0
2224365,0
1903148,0
645522,2
2568487,2
559558,2
1433794,0
2400329,0
1905098,0
27597,0
227531,0
1510413,1
499369,1
1327822,3
539037,0
1655889,0
599585,0
1049467,3
1731904,0
350952,1
2146557,0
1231091,0
1160024,3
2525175,0
620001,0
2443255,0
1154537,2
866406,0
2347755,0
1262499,0
1315635,0
1515428,0
487457,0
981874,0
1042078,0
1311282,1
1041638,4
1941239,0
215781,0
1319128,0
1756310,0
1840173,0
1296087,1
2333435,3
2072811,1
867203,0
2352025,0
121610,0
369582,2
54425,0
1031970,0
1641213,2
510719,0
1187959,0
464204,0
789955,0
2337831,0
1706223,1
2309825,0
301930,0
1293422,0
1707349,0
1207662,1
234292,0
2222083,0
439240,1
12199,0
14386,0
948733,0
1693033,1
1004117,0
1467523,0
746834,0
2307370,0
1575270,1
1718744,1
1799921,0
136650,2
1344989,0
1481728,0
257519,1
307705,0
2393074,0
887539,0
1660395,0
1161562,0
227388,0
1826005,0
89234,2
2349986,0
1885132,0
152652,0
1358432,0
757837,1
637696,1
206826,0
1579311,0
1176667,0
1670076,0
2058323,0
1996438,0
2344955,0
140114,0
1459003,0
846473,0
925372,0
2612246,0
536507,0
1044838,2
1378016,0
2632468,1
2435110,0
1523225,0
2019350,0
707272,0
2160728,0
1870997,0
207951,0
71815,1
1385899,0
2463367,0
614298,0
2236483,0
1869014,0
2110436,1
307396,1
1743466,0
2615218,0
898548,0
2024600,0
2124145,0
1768736,0
968808,1
2235968,0
863180,0
1711125,0
67944,0
1242071,1
446268,0
2574630,0
994077,1
187848,0
1369242,0
281851,2
1373829,0
1643564,0
1662693,1
2040663,2
1965538,0
2198187,0
1653598,0
1461950,0
1539429,0
14440,0
1427824,0
478338,0
1784654,0
2413369,0
389662,0
1789983,0
1735572,0
614916,0
1034377,0
915532,0
128254,1
1371238,4
636104,0
1471304,0
659906,0
793107,0
1860273,0
999528,0
1590011,0
959716,0
367934,0
99944,0
1335036,0
1230613,0
2016387,0
696970,2
1765734,0
2217357,0
1945291,0
2214433,0
1555191,0
1687382,0
331903,0
382609,0
1301127,0
1331967,0
1175909,0
585215,0
2499955,0
2132105,0
237585,0
1655768,0
1624455,0
2296243,3
2364377,0
656586,0
345923,0
1559832,0
1197784,0
2011243,0
2506506,2
1675133,0
1396211,0
1856235,0
498447,0
871913,2
2462148,0
1004007,0
96772,1
1275855,0
1645312,0
178611,1
1136959,1
840616,0
1351329,0
121743,1
1998829,4
2188937,3
1521076,1
1449358,3
1023723,1
132586,0
1190868,0
1355109,0
1181673,2
1357644,1
2491272,0
441050,0
1079295,0
949488,0
1028414,0
997117,0
677376,0
2552108,0
2185557,0
1649133,0
47058,0
387568,1
664771,1
781810,0
1914154,1
1343042,1
835039,0
2264249,0
110488,0
1232993,0
2260151,0
1595921,1
246450,0
2087064,0
2158005,0
876182,0
2184977,0
1334907,0
1018632,1
1656759,0
2149080,0
2240255,0
2064108,0
49304,0
628204,0
447039,4
1322040,0
925001,0
1602489,0
1260796,2
2543427,0
1406452,0
1763740,3
459832,0
2429128,0
1589834,0
465423,0
741894,0
1077103,0
1731221,0
748325,0
2254007,0
1020535,0
1123293,2
1589608,0
1156782,0
2238732,0
2191853,0
2290978,1
2409236,0
2500181,0
2416364,0
137878,0
269571,0
2352932,1
2310661,0
1149249,1
2519289,3
2526589,2
136661,0
837313,0
2128434,0
71429,0
42576,0
839632,1
153510,1
1433792,1
1011386,0
2354677,0
798877,0
1617721,0
1267191,2
1054695,1
400468,0
670477,0
40233,0
1916053,0
2254491,0
1976023,1
1445339,0
289920,0
465695,0
728154,0
2616685,0
883409,1
1985378,0
441200,1
1097029,0
39450,0
2403560,0
123598,0
569471,0
1426404,0
2163863,0
2298691,0
1605634,0
61077,0
1062450,2
1167320,2
2243690,0
506725,1
2091258,0
533547,0
208345,0
136827,0
1163207,0
2039921,0
1437568,0
1829062,3
2408695,0
1594061,0
2612324,1
93502,0
2506879,0
615335,0
454137,1
1124097,0
1866830,1
1682161,0
934896,1
164571,0
2167646,0
2272382,0
695754,0
1676411,1
266755,0
2595846,0
165102,0
224599,0
2316419,0
923388,0
1385705,0
1517422,0
1973150,0
417191,0
831988,1
1497067,0
2319604,1
2562540,0
1735589,1
1441624,0
1511302,0
833271,2
473947,0
2311739,0
1623794,0
1004152,1
2365255,0
317432,0
378346,0
197717,0
1897157,0
669502,0
1954227,0
1519376,1
1138752,1
1219454,0
44710,0
841045,0
2376293,0
810337,0
798484,0
671818,2
1610384,1
1386988,0
414975,0
389704,3
384299,0
1249194,0
1971822,0
2163903,0
654313,1
1233851,0
931565,1
1688196,0
2468076,0
1590599,0
92170,0
601267,0
329423,0
1208902,0
2458451,1
1776262,0
496294,1
1310883,0
881646,0
141839,3
987891,0
382511,0
1958136,0
446521,0
415005,0
2499020,0
38559,0
302958,0
835824,0
346450,0
1784371,0
2446349,0
680417,0
1744674,0
44893,0
507636,0
961513,2
2295875,0
380157,0
1800839,0
2073960,1
1862877,0
1777790,0
1456866,2
1188589,0
730010,0
2234000,0
1526379,1
2133606,0
712145,0
845192,1
2311614,0
1438054,0
1177911,0
690011,0
237672,3
1275368,0
154812,0
51523,1
2352474,0
17374,0
1235860,0
113578,1
206356,1
326721,0
2206450,1
221988,0
861796,1
1323805,0
1778729,1
1910167,1
1293826,2
1102924,1
767989,0
631433,0
2119806,0
255475,1
1966033,0
507364,1
747635,0
675823,1
633738,0
285301,0
934861,0
2345099,0
297963,0
225280,0
1076247,0
859821,0
2325499,0
1521864,0
1979699,0
1351241,0
138926,0
651483,0
1189139,0
1893669,0
2242934,0
1604357,4
61810,3
740516,1
2475779,0
1433705,0
838906,0
2530973,0
268683,0
1619420,0
1705528,0
199530,1
689631,0
46490,0
2417423,1
1731914,0
1238205,1
63467,0
630846,2
1106193,0
1401186,3
2451917,0
1548603,0
1472788,0
695069,2
559639,0
936747,0
313962,2
1362105,0
544070,0
974285,0
132570,0
2452525,0
242796,0
2083636,0
1319713,0
562718,0
2635340,0
71114,2
1292050,0
2527728,0
1556831,2
2131913,0
101035,0
2164224,1
908662,0
640174,0
2303456,2
927164,0
1417999,1
575923,0
1281398,1
2269020,0
2233803,2
2003512,0
2150959,1
2151228,0
8275,0
2184621,2
1116107,1
137361,0
2350581,0
1942906,0
405591,0
1653637,3
333490,1
1522471,0
1926272,0
1124645,0
1317787,1
2186344,1
1429915,0
2004371,3
1111240,0
739921,0
932682,0
1356712,1
2117724,3
2407939,0
1118812,0
793586,0
1959517,2
1239722,1
178118,2
1045669,1
2435164,0
2607695,2
266169,0
380752,2
31652,0
1742604,1
1037846,0
841798,1
68607,1
1735515,0
1034595,0
2208008,0
1825305,0
888769,0
1575030,1
1586834,0
918842,0
2243988,4
350771,0
1980349,0
2370709,0
325844,4
1434345,0
704598,2
1182095,0
2426465,0
1444527,0
1720697,0
659305,1
1858322,2
293298,2
1815766,0
2378858,0
526256,0
2051935,0
911234,0
1322332,1
611072,0
151180,2
468193,1
18664,0
1054291,0
436703,0
2157183,1
798842,0
851475,0
262236,1
2428151,4
1736514,0
653610,0
425459,0
67095,0
1885358,0
287545,3
831494,1
1723551,0
469199,0
759176,0
152090,1
790978,0
1995123,0
732365,1
2452276,2
2581155,2
617359,0
1083131,0
1700751,0
274727,1
158785,0
287897,1
2596719,1
2383861,0
824717,0
1582096,0
1646303,0
1364654,0
2206492,1
762975,0
140823,3
2002490,1
1510778,0
225048,0
2509352,0
2382987,0
217609,1
1652867,0
2065216,0
815275,0
499089,0
783406,1
404654,4
2416440,0
977973,0
423402,2
787316,4
764330,0
330424,3
373838,1
584201,0
1167724,0
2109583,1
573588,0
2100216,0
1758339,0
213180,0
2479719,0
1025407,1
2387695,2
755506,0
1582794,2
402847,0
2497523,1
1152119,3
342195,0
2278083,0
2366028,0
2473163,0
1603579,0
995430,0
553461,0
188927,0
1525494,0
345400,2
387793,0
1287701,1
80229,0
1435710,0
2160091,3
367288,1
980564,0
1019317,1
2542901,0
1773757,0
2274861,1
2183192,1
1894251,0
1027268,1
1567536,0
704795,0
1992636,0
2216322,2
1889224,0
2316731,0
1653714,0
313321,1
2473626,0
730460,0
2154854,1
1057050,2
1901441,0
1775706,1
1985232,0
1205653,0
1657783,0
1991000,0
2416960,2
1777041,0
1760492,1
2356670,0
719422,0
1349745,0
1945994,0
975712,1
2357154,0
620557,0
1596861,1
925622,0
1415805,0
1129897,0
87096,0
108161,1
1087628,0
985463,0
1244740,0
841432,2
2290911,0
1390768,0
226179,0
1912082,0
390062,4
253061,2
636438,0
1489666,4
598590,0
2059635,0
1603380,0
399517,0
1028818,0
485428,0
1221130,1
1136019,0
1031103,0
1551437,1
611868,0
1774948,0
16776,0
842677,0
2452484,0
919727,0
2289508,0
1908520,1
2029182,0
1059489,1
2106538,3
2418722,0
2597040,0
2476584,1
2014400,0
2553627,2
2154637,0
2453109,0
727972,0
1344268,0
2316755,0
1283954,0
1954017,1
1839002,0
657195,3
168533,0
47104,0
1529676,0
1983057,0
646535,0
2039283,0
1960595,1
2605962,1
1446308,0
2175152,0
1571142,0
2292147,1
449686,3
340367,0
2261989,1
2114250,2
2033436,1
206640,1
1079448,0
437016,0
2152447,1
777394,1
1933550,0
609334,1
1652493,1
1463414,0
2400645,3
999796,0
576352,0
1887216,0
198813,1
1606,0
894480,0
1654540,0
2290211,0
802115,0
1561695,0
1322178,3
1861988,0
823153,0
304573,0
1125401,0
2024933,0
524580,0
683703,0
709020,0
2475149,1
1714384,0
996157,0
546997,0
1001417,1
371595,0
1075105,0
2087019,1
87993,0
875399,0
2025286,1
2057462,1
2143859,1
257923,3
1981935,0
1738532,0
1023086,0
569679,0
2381470,0
2247122,2
1977161,0
2314897,0
2270550,0
488083,0
1447766,0
106501,0
413634,0
570019,1
1343562,0
1032366,1
1627746,0
1823320,1
2536322,0
1152930,0
2120241,0
1449057,0
1116370,0
2255741,1
2331225,0
1171469,1
152661,0
1235298,0
207611,2
1162210,2
1390552,0
767144,0
903799,4
636451,1
1394012,4
2528442,0
942192,1
430593,0
2034240,0
2214880,0
2392434,0
1921655,0
588513,0
184335,0
1947194,0
2630040,4
2267044,0
1856408,0
1246581,2
958634,0
1229304,0
1820564,2
559829,0
670774,0
2613644,0
95921,0
861291,1
2545355,0
1287046,0
392797,0
474492,1
2290352,2
857140,1
1979356,0
1683615,2
664920,0
2116769,1
259423,0
1804553,2
1228176,0
1154342,0
682260,0
386878,1
510068,3
476175,0
638817,2
2595864,1
497634,1
1759536,0
1551807,0
1995012,2
2048794,1
1330451,0
956727,0
2187377,1
2308697,0
917200,0
2516788,3
1776917,0
161299,0
2388610,0
1025734,0
1974166,0
293844,0
1343549,3
1491092,0
1487780,0
2585067,0
2352606,1
1906574,0
2540807,0
155884,0
2245516,0
2065698,0
2205745,1
338144,0
2434253,2
1169080,0
1486959,0
1501656,0
2551462,0
91249,0
503568,1
2516611,2
742566,0
302,0
2316015,2
485811,0
692694,0
1739377,0
117396,0
1620856,0
1905469,0
881049,0
36822,0
543998,0
1233993,0
2110645,4
2020388,0
903587,0
2284160,0
969845,0
1296411,0
2083021,0
162454,0
2162012,0
123518,1
524969,0
949049,0
1455043,0
867268,2
1033717,0
1018573,0
1271964,1
13114,0
636273,4
131440,0
142279,2
1967164,0
382601,0
1440607,0
1810074,2
348661,0
881198,0
606209,1
2057762,3
261654,0
2283331,0
2533283,0
1232060,0
215273,1
961296,0
1711959,1
136728,0
15458,1
434346,0
806517,0
2008188,0
1122208,0
1781534,0
2064432,2
801408,1
295282,1
251990,0
2616713,0
377430,0
2377847,0
1938727,2
1746378,0
542433,0
836471,0
437485,3
1970957,4
1002453,2
1954784,0
363514,0
1950621,0
460117,0
850566,0
1835893,0
816025,0
1698237,0
1314399,0
1724355,0
2611947,0
774736,0
2547537,0
2039235,1
689240,0
1795069,3
699218,0
2647990,0
2126810,0
653757,1
1264524,0
1776412,0
1640631,1
1766478,0
2384282,0
1164625,0
15846,1
1256600,0
2319800,0
2007093,0
510189,0
2151930,0
682386,0
1645206,2
1822463,0
937973,0
2287299,0
1298956,0
2079530,2
2268901,1
129458,0
118126,0
2320997,1
276885,0
194749,0
2198724,0
283854,0
496735,0
963218,1
2442747,1
226751,1
321613,0
2031212,2
1091645,0
860105,2
2093398,1
10007,0
1129668,0
2577383,2
1147594,0
143209,0
2162470,0
2562080,0
2336685,1
2073061,1
2311878,0
1215460,1
2158740,1
1906979,0
319344,0
1329734,1
853193,0
672262,0
1971566,0
1366955,0
292526,0
283050,0
62108,0
1022487,0
1748595,2
852754,1
1843360,0
2629477,0
2364883,0
2279812,0
845006,0
627010,0
279265,3
25533,0
1614167,1
1441303,3
1042040,0
483416,0
387498,0
873336,2
1919713,0
2388228,0
1900285,0
1715655,0
2044715,0
2384177,3
470744,1
1459578,0
1704839,0
409102,0
1030353,0
98922,0
850091,0
435271,0
2135759,0
2389367,2
2614027,1
1981147,2
2521364,0
2077949,0
2307589,0
164956,0
61459,0
2381884,1
484585,0
2517122,0
1076545,0
760319,0
1229196,1
2111757,0
2465718,0
423986,2
1242677,0
1617957,2
1265106,0
310078,0
2463655,1
2633306,2
14242,0
1080831,1
2032402,1
1292639,0
2100740,2
1503041,0
1213808,0
157331,0
1372072,0
647899,0
2243897,0
598736,2
833499,0
842327,0
2584606,0
548034,1
271019,0
2103246,0
1500219,0
83857,0
126216,0
828603,1
2414063,2
2055550,2
1436881,0
1695723,0
1767609,0
2063801,0
510135,0
1520836,1
339344,0
2254681,0
232326,3
1347136,0
253760,0
283982,0
1152842,0
640445,0
1475520,0
2360925,0
382234,4
522740,1
2283630,2
2371601,1
966726,2
1620084,1
2118613,3
348337,1
208349,0
2580900,0
2267099,0
819292,0
1404129,0
1676526,0
917647,3
725121,1
2429116,1
1007675,1
2040831,2
1127288,0
2413934,0
2474184,1
506935,0
912209,1
1799234,1
2294484,1
1348230,0
1725868,1
2445949,0
445045,0
1292243,0
23948,2
1626411,1
729775,1
2445550,0
2434718,0
2089949,0
571610,0
79103,2
2476232,0
2047526,0
710867,0
2410959,0
150049,1
680507,1
1025990,1
404080,0
1669116,2
1284898,0
471426,1
2025028,0
1424967,0
1245426,0
874451,0
2400855,0
1055959,0
2051620,1
2574573,0
2409583,0
2220534,0
2469594,1
2105257,0
942350,0
118773,0
503937,0
1175009,0
764700,0
1834839,0
2497650,0
588285,0
1272975,1
222690,1
909036,0
738670,0
1959659,0
1191502,0
907651,0
824766,0
1337763,0
2575712,0
1527407,0
2258151,0
338002,0
1645311,0
1905201,0
2166843,1
242290,0
1578801,4
353451,0
1271564,0
2146902,0
1319183,0
327458,0
2217822,0
117366,0
1317124,0
2379956,0
2021011,0
2050140,0
1719881,1
2322622,0
374008,1
1488466,0
2482103,0
1884983,0
1915030,0
1413941,0
1256980,1
363824,2
608392,0
2547754,1
320979,0
1564015,0
862040,4
448209,2
2510316,0
1089894,0
1757332,0
520884,0
58066,3
1664933,1
1696941,0
1078623,1
956473,0
878231,0
1940857,0
732654,0
262753,0
2284402,0
2152838,2
183435,2
387888,0
949275,0
1878354,1
602660,1
1939728,0
2635287,0
507205,2
2455117,1
488709,0
1961649,0
1373951,0
765527,0
503892,0
2085953,1
742063,0
1062727,1
1047076,0
1136132,4
2056783,1
1380506,0
1623288,1
2272971,0
2643230,1
1118587,0
376767,0
2380552,0
2626914,0
2522049,0
1801698,0
143631,0
1118456,0
736288,0
2123554,1
2405629,0
554343,0
1830682,0
2508312,0
270533,0
738121,0
1382209,0
838776,1
36760,0
819831,0
456324,2
968180,1
875991,0
2100399,1
2253306,0
1919656,0
1794356,0
443122,0
1882986,1
642662,0
802078,1
1349222,0
2630187,0
257490,0
612846,0
1589545,2
2367880,0
1826554,0
2400021,0
989873,1
2596078,1
2543694,1
2124755,0
2253363,0
2520896,0
1752697,0
665017,0
1956280,0
1706276,0
927826,1
666333,0
1329262,0
445935,0
687612,0
1804014,0
1508279,1
196272,0
711849,0
2239537,3
1644161,0
2480072,0
469240,0
2043731,0
2333425,0
1812668,0
929298,0
2175641,0
444370,1
1728981,1
276758,0
1312574,0
387477,2
1365382,0
563486,1
1253024,3
695796,0
1585895,0
1830,1
547210,0
2356142,0
310754,0
456085,0
685508,1
1177126,0
1695221,0
784403,0
419869,2
1309965,0
2615552,0
1073355,1
1276333,0
772267,0
1620276,0
794091,0
821776,0
799079,2
1301979,0
877001,0
1176840,0
830948,2
2047050,0
2022948,0
1714376,0
1060977,0
288489,0
1343711,0
634255,0
601106,0
320159,1
1176088,0
1157302,1
125467,0
2355629,0
856992,0
1453531,0
497260,1
1989789,1
1155106,0
1410965,0
694422,3
1470976,3
1338866,0
325344,0
1838586,1
217762,1
251359,0
472587,0
475631,2
2159151,1
1472946,0
2384128,1
1499595,0
1790674,3
755862,0
132170,0
426291,0
1738284,3
1822872,0
555815,0
923350,0
884926,1
1460850,0
994878,0
2274750,0
1554836,0
259512,0
1200783,0
1643623,0
176980,4
1099180,0
1498163,0
668977,0
678908,1
1341082,0
1262485,2
1007093,0
1272320,2
1069029,0
204419,0
1676879,0
965652,0
1813092,0
1370845,0
1611844,0
109800,0
2181181,0
2054225,1
285615,1
343987,0
446056,2
767367,0
1826147,0
2455138,0
456179,2
601654,0
1241639,1
227644,3
1294671,0
1731029,0
1835868,0
1277733,0
2315880,0
542223,0
360259,1
2476029,0
2376428,4
1316449,0
457310,0
2098878,0
1863423,0
616417,0
2630979,1
1893587,1
892176,1
679308,0
2128588,0
890158,0
2570080,0
2368113,1
472124,0
605663,1
1155200,0
1533989,0
1831183,0
961469,1
1523776,1
1700151,1
1307236,0
255376,1
1981351,1
1315353,0
1667237,0
1039033,0
410709,0
1863725,1
1717875,0
2611864,0
2192206,0
337743,3
2646449,0
1137785,0
2635887,1
1316043,0
2179550,2
1442187,0
657234,0
1829054,0
1259883,0
2500114,2
448879,0
160722,0
2597161,0
2366051,0
822115,0
1487670,0
1291156,0
343164,0
1021192,0
488900,0
246197,0
741494,0
1112993,0
2580283,0
1886888,0
1361215,2
799442,4
160166,0
1079992,1
1632237,0
2290447,0
757796,0
514456,0
878073,3
969492,0
145920,0
2134981,1
1086617,0
1984445,0
942457,0
1959224,0
2552515,1
2072674,1
2364213,0
2472588,0
2473780,0
2213137,0
2626808,0
144614,0
823520,2
2439416,0
2239076,0
1195099,0
2552963,1
1067364,0
2464717,1
1923714,1
2469380,0
573441,0
1788754,0
202273,2
1763208,0
1195248,0
1865540,1
2599873,2
2209328,2
1517800,0
2434769,1
2382593,0
1804478,0
978155,0
2423275,0
201431,0
85251,0
2104640,0
1974194,0
1598298,0
2338853,0
1547409,0
2156222,1
480966,0
1650502,1
480968,2
1582510,0
2549351,0
969461,3
1240334,2
1732669,0
571810,0
2096263,0
2007300,0
406464,2
100495,1
1746816,1
1310250,0
1177152,1
1743060,0
471960,0
1756385,0
2420807,0
2563000,0
1532145,1
1817069,2
876573,1
1091833,0
140302,1
1812001,1
2522549,2
849446,0
588032,0
715097,0
168194,0
1069632,0
1130923,0
2497373,0
1611709,0
1628403,0
415437,0
1128041,0
1490112,1
2227171,0
2245965,2
953031,0
1231855,0
327182,0
1066660,2
1937655,0
2444215,3
2100574,0
1628056,0
2125717,0
2040254,0
633037,0
498525,0
1874331,0
12798,1
1359650,0
815302,0
500512,1
2298964,0
2292093,0
358,0
1028036,1
956301,0
2244917,0
1252877,0
1104589,1
600648,2
1424345,0
375564,0
515138,0
530218,0
189180,2
2620687,0
232112,0
2429707,0
1209635,2
874078,0
627422,0
907600,0
1390895,0
1037461,2
1861791,0
1798989,0
590205,0
2144626,0
1712123,1
1700549,2
1954138,0
1603196,0
942342,0
2517390,2
909917,0
1574876,0
232822,0
520815,0
2590110,0
1361278,1
2493868,0
630947,0
441938,0
973809,1
546284,0
463503,1
342936,2
1239259,0
1690265,0
858787,0
1812893,0
629765,0
1630967,0
2115643,0
2003855,1
2069984,0
1129550,0
924839,0
2231246,0
1384312,0
1703602,0
965729,0
1701818,0
1044043,0
1502317,1
1846218,0
478633,0
2492819,0
244916,0
394315,0
2165151,0
1423788,0
2358720,0
194021,0
1255864,0
1862245,1
311256,2
1556891,1
610789,0
1668294,0
1979996,0
2316074,1
2046515,0
2490784,1
2274519,0
408762,0
2116989,0
996222,0
1698961,0
304167,0
277783,0
1160316,0
1793079,0
103692,0
1335529,1
750426,0
422594,3
1983701,0
2040,0
666776,0
157213,0
2644973,0
240205,0
1624864,1
2628801,0
1920769,0
17950,0
1286317,0
1933125,0
1930601,1
45458,0
1677045,0
364739,1
2235105,0
2296219,0
2560236,0
2555117,2
1970653,4
2597382,0
2507090,1
1824180,0
2287855,0
1583695,0
2518308,0
1512842,0
2358123,0
1981962,0
1462211,0
1505980,0
694280,1
147477,0
1849516,0
1537142,0
608076,0
2174771,1
296,0
852377,0
1869226,0
204025,0
2302760,1
1223560,0
1933033,0
1155747,4
1745000,0
1952746,0
2572086,0
1125980,0
2536071,1
1240267,0
80146,0
2117629,0
249772,0
5827,0
133462,0
2335913,0
496265,0
2570803,1
1657904,0
1800093,0
1848432,0
484715,0
537998,2
2612179,0
410672,0
2475007,0
1441662,0
570222,2
717163,0
2460799,0
2628771,1
1962758,0
429811,0
2609563,0
1214219,0
2271556,0
447592,0
1051358,0
396801,0
2103913,1
1466878,0
2220262,1
1299117,0
1715294,0
1367945,0
2493650,2
269304,0
1755159,0
1403469,0
1489155,1
131184,1
2533474,1
289481,0
747251,0
1330896,0
2494476,0
532626,1
498711,0
1770380,1
1098048,3
1653438,1
1018649,1
1634788,0
1189426,0
2579359,0
1423876,2
1986261,0
904346,0
518316,0
207287,0
2311368,1
433490,0
361064,0
409460,0
629711,1
1188228,1
1971293,0
150038,3
559478,1
524295,4
2646329,0
237524,1
640520,0
1846168,0
2241199,1
260935,0
1946157,0
1391481,0
1768779,2
1100735,0
1331,0
1785568,0
736664,0
1181788,0
573772,1
447909,0
1878728,0
2568366,2
926431,0
1832780,2
1138840,2
1920234,0
872494,0
684582,0
1101965,0
784901,0
196915,2
1390884,0
1575680,4
1249238,0
896331,0
2295385,0
1556692,0
1288954,0
2212049,0
758961,0
1871748,0
210595,0
247239,0
1508911,0
2443278,0
1503661,0
1855911,0
1921696,0
239208,0
2335381,0
68281,0
570021,0
1666640,0
359227,0
1928154,0
1004967,2
177171,0
1649909,0
924811,0
585902,0
230984,0
1735151,0
1928290,2
842841,3
132432,0
1916244,2
823585,0
1680106,1
1767981,2
481281,0
1779249,0
162641,4
1760615,1
967913,0
2431829,2
1967152,0
107723,0
1638181,2
633317,4
2309580,2
1693902,2
978518,0
2224299,1
2205547,0
662252,0
1655412,0
2221218,0
1517220,0
1537110,1
1538705,1
1468160,1
891662,0
2123341,0
1274851,0
2121720,2
2047089,0
252476,3
2240502,0
14108,0
264662,0
38949,0
2396772,2
1613679,0
2582835,1
1877048,0
989294,0
366214,0
2147764,0
553969,2
1255318,0
916611,1
2337155,0
1296364,0
433426,1
1849043,0
2035269,3
2062632,0
2355214,0
1223015,0
2406318,0
1780748,0
1590500,1
992411,0
221282,0
2286051,0
2579159,0
622626,1
1679751,1
1213475,0
687096,0
979626,0
2520958,0
584196,0
1490468,0
2199837,3
409592,3
2274438,1
370664,0
1216341,0
1949568,0
41329,1
2357407,0
216623,0
2033737,0
2539974,0
2617613,0
1640414,0
1828803,2
2287814,1
1592790,0
726890,0
2002709,0
2075159,0
2178108,0
2523020,0
20809,0
317722,0
2188046,2
316715,0
650443,1
1117198,3
770175,0
1349666,0
2529835,0
697419,0
2323504,0
593387,0
603543,2
494562,0
1234613,2
1534091,1
935760,0
568947,2
1621033,0
2247765,0
2152377,0
2103655,0
1743351,0
1625008,0
1928315,0
1460170,1
238346,1
683162,0
2497088,2
2374365,0
1331017,0
1906996,0
790845,0
823591,0
334142,1
2520523,0
137013,1
2151802,0
384799,0
204363,0
2020168,0
1971270,2
954476,0
859380,2
1144710,0
948341,0
1120533,0
1301905,0
2406270,1
1686233,0
43439,0
767439,0
978960,0
1651080,0
2059967,0
57053,0
1363100,0
414529,0
2544463,1
2369238,0
2361064,0
1125150,0
1765342,1
1199902,1
225768,0
1291000,0
1670169,0
1001298,0
2538674,0
1991688,1
376104,0
1504841,0
333573,3
1158784,0
1034316,2
825779,1
1014582,0
868881,1
1064955,0
1451819,0
1903606,0
1154923,1
435147,0
2247909,1
1618693,1
442695,0
2500903,1
1973503,2
904813,3
2292120,1
14876,0
1695726,0
184411,1
1711596,0
1081980,2
1208277,2
580537,0
2226142,2
1973862,1
2320808,2
2069267,0
1293504,0
742199,0
1921272,1
1816872,0
895966,1
1006504,0
2103536,0
1151338,0
1300674,0
745264,0
186993,0
1011381,0
1537129,0
454483,0
2020988,0
870885,0
838725,0
872071,1
697734,0
2150779,0
855377,2
1019119,0
2119848,2
2068287,0
623614,0
30161,0
2067329,0
196574,0
2036682,0
162756,0
213764,0
2589398,3
1902535,1
790900,0
1491367,0
1503671,1
330547,0
457870,0
2325495,0
1825699,0
1646693,1
1245086,0
1029994,0
1232787,0
466462,1
2559803,0
575969,3
1721117,0
99546,1
1684624,0
1524355,1
602681,0
1994769,0
2635639,0
2526024,0
1988829,0
1749674,3
750233,0
2586387,1
1328512,0
53074,0
261556,0
2125060,0
1452894,1
1053487,1
1527104,1
693809,1
2584024,0
83001,0
689441,0
353506,0
1735517,1
1364669,3
699655,0
1615917,0
2309060,0
1010179,0
702980,0
1508087,0
1958776,0
775463,2
2378647,0
2335523,0
1536091,0
1410866,0
1284774,0
305872,0
1013782,0
1799009,2
2633149,0
2252212,0
1919770,4
1395964,0
1802972,2
1925266,0
2330518,0
956963,1
596860,0
1921231,1
316322,2
1372532,0
1114821,0
1533453,0
1366312,1
1435213,0
23293,0
1526365,4
520575,0
150570,0
1060767,0
2121000,0
289782,0
1334239,0
200678,1
1929139,0
1174634,1
1138997,0
2035931,2
1311483,0
1796585,1
1224212,0
2160085,4
796526,0
156772,0
2090586,0
1588043,0
660551,0
1700556,0
1738367,0
2408485,0
197068,0
2164689,0
1730147,0
1326168,0
2131846,0
2347167,0
2580234,2
943918,2
2600776,2
501468,0
1332377,3
1840229,0
727301,0
277770,0
1109505,0
53364,2
1511418,0
640499,1
2044724,3
20156,3
992652,0
1287490,4
793693,0
2201483,0
1643561,1
37547,1
1242785,0
1111353,0
348585,2
1137168,1
423196,0
2548920,0
1652158,0
2583705,3
325999,0
2262481,0
2325794,2
33346,0
1180881,0
2509365,1
369542,0
916341,0
1451564,0
133993,1
90465,0
1532485,0
1274114,0
2646842,0
1602973,3
702142,0
868829,0
1583953,0
1943415,0
217619,4
903187,0
1784312,0
1330826,0
621744,1
588259,0
728833,1
1717138,0
2581260,0
955218,1
399823,2
1362048,1
1666422,1
1351594,4
1034926,2
1404311,0
1947644,0
450340,1
1670925,2
1963758,1
555271,0
1573704,0
2535601,2
84811,0
1152026,2
473296,1
1685677,0
799733,1
831475,1
472692,1
1613136,0
1252388,1
2295673,0
1145403,0
47855,0
2247406,1
1970490,0
1658397,0
368755,0
2550350,0
2069207,1
2153970,3
2416392,0
251971,1
1508262,0
2113420,0
1412245,1
18407,0
351936,0
2538506,2
677851,0
677116,0
863749,0
1032010,0
1649253,0
1746224,0
1021760,1
1635708,2
1467380,2
653345,0
272100,0
1334435,0
2073902,0
819621,0
2312862,0
583522,0
2615029,0
2122344,1
111736,3
1305299,0
742508,1
2254084,0
1173619,1
304985,0
2095619,0
1738114,0
17550,1
2609334,0
472173,0
955206,0
2177786,0
1909135,0
15773,0
437760,0
1428535,0
1036904,1
468956,0
2276394,4
680978,0
352265,0
2568809,0
122006,0
344216,0
1000868,0
975206,0
1048453,1
1703885,0
1253980,2
1184924,1
1548324,0
1192848,0
1049402,0
740327,0
1884781,0
926995,0
1059036,2
610533,0
875937,0
1648250,0
1487875,0
2535210,0
1113049,0
1678559,2
1996923,0
1496430,0
442368,0
2108605,0
328577,0
808604,0
626196,0
1115119,0
1729260,0
1713475,0
278938,1
541705,0
1993045,0
1167386,0
2292007,0
1668661,0
1047552,2
2481987,0
1225596,4
366836,0
1688035,0
372650,4
353405,0
1369233,1
11540,0
2310278,0
1940239,0
1585515,0
962384,0
1391909,1
1131121,0
2228851,1
426482,0
175902,2
1264476,1
115328,0
2306618,0
435837,0
1399793,0
786434,1
1296651,0
1170941,0
1500112,2
233555,0
2577713,0
2364683,0
1632297,2
1357688,0
398762,0
1036703,0
1689097,0
1989923,1
746987,0
1558650,0
2431606,1
2599606,3
508266,0
1186411,0
190279,0
1335484,0
2347605,0
992655,0
1709963,3
2211740,0
1252049,0
636983,0
2209417,0
1170131,0
1392484,0
2434974,0
1637517,0
940162,1
1767935,2
1873907,0
1292345,0
2122428,0
1091839,0
748522,0
194631,1
1678976,0
907745,0
1684923,0
382163,0
1632338,1
36837,3
2011089,0
983302,1
2625985,0
119552,0
1895469,0
1072931,0
1330902,0
81692,0
464539,0
183289,0
454336,0
649030,0
1968912,0
1635381,0
1379470,1
1813637,0
2022728,0
1465189,0
2372138,0
2216786,0
1225654,1
621290,0
520817,2
2150869,0
307631,0
1915078,0
2170886,0
570339,0
1471221,0
168947,0
1682666,0
471148,0
2204991,1
1405644,4
1743758,1
974369,0
665537,0
534046,0
1028194,0
1028188,0
1097270,0
1881527,0
2445581,2
1843377,0
393954,0
1567506,0
1336015,0
2141800,0
2084781,0
2584494,0
660449,0
583799,0
829782,0
206852,0
2279291,0
2549621,0
158078,0
370771,1
1607931,0
486317,1
1263200,0
304485,0
365544,1
1750014,0
832147,0
1239115,2
904354,3
118871,3
1972556,0
780112,0
995069,0
1138492,0
2509509,0
387599,0
1038825,1
564686,2
475245,0
190710,0
1629981,1
2175465,0
882231,1
1674065,0
1973467,0
1011901,2
793875,0
2069652,1
2192058,0
1553263,1
1781358,0
1243610,3
820035,0
1096610,0
2177229,1
527395,0
2414739,0
554054,0
959968,0
254300,0
1345221,0
1637761,2
2053602,0
714960,1
478620,0
2547924,2
600986,2
1480200,0
1259725,0
304615,2
451557,0
1502714,0
2113542,0
2032884,0
2193175,0
1446094,0
1266279,0
542751,2
1076417,0
1081909,0
358612,0
1904049,0
935010,3
318609,1
1287379,0
1771040,0
543066,0
1631338,1
2429990,2
1517261,0
327400,0
434874,0
164909,0
730144,0
704279,0
7047,0
10374,4
371156,0
2011560,0
1188772,0
2421030,1
987557,0
617979,0
1420711,0
2504966,0
1655648,1
36373,2
669027,0
1028174,0
37782,0
1094019,2
1136162,0
1429153,0
1242108,0
258680,0
1785462,1
1534845,1
574963,0
2641854,0
1584529,0
1856813,0
886199,0
249419,0
349245,1
978086,2
1990317,2
1196476,0
2598334,1
282486,0
840276,0
309713,0
2433595,0
2170750,0
1556949,0
872070,2
705954,2
1948154,0
2356346,0
2305515,0
2437983,1
1526787,0
2192782,1
645992,1
2572440,0
824471,0
1348734,0
194937,0
834195,0
1582748,0
1750449,0
903983,0
2228342,0
2148401,0
1189722,1
1980693,1
2543307,0
1539831,0
666845,0
2115522,0
1978846,0
2601489,0
1264851,0
2577960,0
1513218,0
2521561,2
2372575,0
2426411,1
1303853,0
1974381,0
1454941,1
2112694,1
1299639,0
1471496,0
1755559,0
1262339,0
525226,0
1087451,0
1755758,0
583628,2
2032107,1
125569,2
2570172,2
2629166,1
689758,4
850619,0
2542463,0
1803599,0
1985660,0
582730,0
1667496,1
218415,0
2517792,0
2222009,0
1047911,0
2208648,0
63475,0
2181377,0
642009,0
1427409,1
1424133,0
1142260,1
807257,0
121276,0
480781,0
1789704,3
1496337,1
20369,0
360849,0
2119125,1
1310979,0
1956349,0
1961122,0
637803,0
1482975,0
910954,1
2044677,0
877260,0
2312771,1
2473958,1
342291,0
223174,0
1579765,1
198655,3
1691893,1
2055659,0
1783738,0
1814431,0
2412698,3
2237235,0
929377,1
1026951,0
1678485,0
818120,0
29811,0
238682,0
575288,3
545670,2
1469759,0
1566640,0
874672,0
369800,0
2051495,1
1131981,0
145941,2
734713,1
1937449,3
384137,0
1954763,0
1401801,0
1352086,0
599291,0
501650,0
1117797,0
541053,1
590535,0
1309349,1
1746402,0
1992918,0
605577,1
574754,0
1937307,1
2181148,2
2231134,0
493503,0
1120573,2
2283320,0
1267794,0
310693,0
1405508,0
1009997,2
877613,4
1873356,0
35824,4
188003,0
1119076,0
1955546,1
361088,0
2322868,0
361829,2
1574646,0
1620398,0
2486149,1
574439,0
2168560,0
1427570,0
1716583,0
2202668,2
2247562,0
1923452,1
1630615,1
2197427,1
623351,0
410212,0
2182412,0
399032,1
1412690,0
101183,0
1504745,0
2260281,1
6799,0
200682,1
2258104,2
2229859,0
1445871,0
1289621,0
2174023,0
1369390,0
1753602,1
860519,0
926502,0
840836,1
725189,1
1244842,0
1391523,3
326807,0
2438579,0
189230,2
14868,1
2290889,0
2126632,0
1956214,1
1517182,0
2375997,0
1201494,1
1856823,0
1098765,0
134431,1
119236,0
1357926,1
2015284,0
1465929,0
394370,0
1442032,1
1158254,0
1459895,0
1466818,0
388809,0
709965,0
2175442,0
2148420,0
1476573,0
740936,4
271571,1
315825,0
2420395,1
465537,0
2584690,0
2317177,1
2201114,2
386826,0
972382,0
1513234,0
1505804,0
242599,0
387633,2
247168,0
299264,1
1541666,0
2186402,0
1447844,2
2432871,0
93433,0
1688578,0
1310871,0
425033,3
265985,0
1888345,0
459524,1
1458166,0
2273676,1
138440,0
1184288,0
1407414,1
1067284,0
2462770,0
1911155,0
1726663,0
405202,0
2300312,0
637610,1
1673054,3
925282,0
988744,0
445077,1
421669,1
409059,0
2510751,0
1064811,0
1983102,2
1574650,2
583557,0
2210044,1
2414164,1
284180,0
2051278,4
1907431,0
400876,2
2559165,0
2454228,0
2606458,0
1231040,0
1245140,1
969175,2
2044653,0
39838,0
918174,1
1350231,1
453962,0
657836,1
1544153,2
2428085,0
2264667,0
1923515,0
2362965,0
2081894,1
1152554,0
690615,0
960777,0
1108629,0
486091,0
794525,1
1892380,0
499346,0
2498949,1
2136963,1
155140,2
910032,0
1869034,0
1853151,0
2185268,0
381707,1
1729808,1
2592120,0
688626,0
2127423,0
911828,4
607775,3
1907843,2
1765294,1
563705,1
1344536,0
487254,0
1633012,0
1000380,3
2421052,2
1421718,1
277258,0
1342865,0
1810197,1
228521,0
1783605,0
359251,2
722210,1
2428261,0
2361369,2
2047645,0
1142387,0
1880804,1
466151,2
851470,0
2099455,0
10016,4
889439,3
2027516,0
1288459,1
1002696,0
1913023,1
1218816,0
2484391,0
1252769,0
1319527,0
279323,0
1063188,0
702521,0
1170366,0
1278411,2
1949305,0
382138,2
397455,0
885543,0
1860831,3
2062764,0
1004795,0
744232,2
314146,4
2347287,0
1710005,0
658979,0
2269919,1
816752,0
291020,1
2049070,1
2377429,0
287177,0
708188,0
2402547,0
2535396,0
2596579,0
48316,0
470504,0
162959,0
2092448,0
815469,1
1032868,0
1783905,0
159523,0
1199883,0
49163,0
1604003,0
1189472,0
623742,0
2267734,0
1761875,0
1446100,0
1166383,0
1725588,3
2439314,0
2062370,0
156518,2
1140367,0
708792,1
734662,2
1015574,0
984085,2
733499,0
2140471,3
294454,0
1092252,2
407121,0
2235578,0
2037185,0
1113930,0
916537,0
2183535,0
1680801,0
1079716,0
1000597,0
1269359,0
2085838,1
2156241,0
613979,0
2268220,0
2464375,4
1139599,0
996840,0
1486593,0
1619688,1
162753,0
1400163,0
2151757,0
2596083,2
1459096,0
1692075,1
269913,2
729949,0
914445,0
534579,0
2093013,0
1932351,0
2273670,0
643815,0
1472236,0
1312610,0
1409415,0
643754,1
1981425,0
183071,0
1278556,2
216484,0
1441892,0
2391470,0
2575399,2
345444,0
180940,0
2441740,0
2009633,0
2563421,0
911312,0
769,1
1466770,3
240208,2
2530216,0
357935,0
1902291,1
1132526,1
1579613,0
1362218,0
2294374,0
904280,0
1200888,0
2520049,0
1458228,0
618187,0
2054041,0
1596784,0
752342,0
136504,0
2418305,0
2470555,2
1204481,0
1863458,0
2269448,0
330993,0
1741582,0
1966382,0
1491835,0
172742,0
735015,0
315883,0
1011496,0
705703,0
1542255,0
114738,0
46283,0
1066731,0
42963,1
2271373,1
2189638,0
1485214,0
1110254,0
1647902,1
1803602,0
1495142,2
1597205,0
2043132,0
1757203,0
644102,0
1741244,2
1479467,0
1193400,1
1652306,3
14204,0
683349,0
1780067,2
342578,1
2081155,0
2094877,4
247681,0
684919,0
515589,0
2274015,2
2401635,4
1505977,1
1391554,0
991468,2
2180490,2
111832,2
403981,0
2159083,0
2552812,0
771805,1
169659,0
2302327,0
221797,0
906865,2
1785430,0
618135,0
70126,0
1091714,0
1240690,0
774591,0
2617902,4
2261713,0
422838,0
1364307,0
1345397,1
57923,0
112735,0
1502281,0
585412,0
440463,0
2087511,0
1825266,0
1014141,0
2065143,0
544980,0
2164870,0
115783,0
2359793,1
361070,2
1803144,0
2024298,0
219430,0
1984859,0
1225632,0
1608960,0
73886,0
2273042,0
1964531,4
2454494,1
2000547,0
1448938,0
1583504,0
994410,0
2085644,0
2375458,0
145664,0
1042529,0
593873,0
2537818,0
217807,0
1770429,0
847397,0
746563,0
594259,0
1587985,2
1854660,3
1509023,0
666302,1
2174719,0
1070028,0
480983,0
533484,0
1156137,0
175842,0
2619408,0
783767,0
1338301,3
1531591,1
705979,0
260023,3
386117,0
955383,0
1107012,3
2385461,0
1756068,0
2374777,0
2221650,0
1891691,0
557942,0
657045,0
419021,0
1046290,0
1860251,0
1961585,0
2597424,0
108508,0
445024,3
1359953,2
2269064,0
846951,0
201959,0
1640262,1
501797,2
1871525,0
1382135,0
1307527,0
1914382,2
2439047,1
2193323,4
2251965,0
351224,0
1564058,0
1538726,0
194721,1
838669,2
123183,0
933337,0
1032407,0
935755,0
1414198,0
1152116,1
449973,1
1929442,1
1357354,1
1526160,0
323371,0
548134,0
362005,0
488656,0
1958984,4
2241741,0
916160,0
443572,2
1983325,0
1082184,0
924827,0
1059771,0
2572942,3
2009965,0
1784803,0
285283,0
229362,0
915509,0
306130,0
1139010,0
1040166,0
326839,1
1492008,0
2060941,1
1924377,2
469195,0
540783,0
2107804,0
712394,0
1187765,4
552908,0
1783498,0
1991545,0
941142,0
2276987,2
107834,1
673076,0
2476034,1
534960,1
2587423,0
951906,0
1474191,0
335994,0
805955,0
1732206,0
883036,3
1134615,0
2245054,1
1701392,0
104405,0
484522,0
1082918,2
2281332,0
2043149,2
2612740,0
820667,0
950068,0
898912,0
2452772,0
1193614,0
1124107,0
1438650,0
2593730,0
945258,1
90181,0
598549,0
183237,1
90682,2
237802,0
2363260,0
1576975,0
392837,0
1624621,0
1547138,0
1220408,0
227463,2
1602927,0
575154,0
1184067,2
1457255,0
2036588,2
2572872,0
2436813,1
827025,0
689390,0
1335128,0
196140,3
244230,1
1234517,2
1244685,0
1265428,3
285031,1
580322,0
113429,0
206865,1
2456461,0
1336448,0
173865,0
2058793,0
613618,0
1630536,0
696617,0
1143603,0
1803747,3
2511560,0
2571816,2
2130393,0
1492954,0
1418637,1
1691656,1
409601,0
2399701,0
1443119,1
960004,0
1521772,2
1141193,0
1040397,3
656493,0
60303,1
2277060,0
1474981,0
1526776,1
2476035,2
1259741,0
316646,0
1443743,0
1849618,0
2263784,0
437753,0
1349014,1
1608803,0
2493873,0
1994790,0
621584,0
1068138,0
1238487,0
619041,0
332513,0
1427269,0
2518662,1
525476,1
2402567,0
2313972,0
1145267,0
594445,0
2428089,0
761185,1
205421,1
2379437,1
1303098,0
454758,0
21678,0
863143,1
1204601,0
1760637,1
935174,1
1845836,0
1844795,1
1240865,4
2583261,0
598782,0
1287793,0
311567,1
465471,0
2599774,1
1302772,0
121324,1
1600053,0
1075916,0
633471,0
1339785,0
492145,0
1371082,1
777433,0
2151339,0
1423516,0
2412334,1
422864,1
1794320,0
918806,0
205023,2
223285,0
2613617,0
149144,0
1986551,3
2093981,0
1542003,0
1167332,0
170933,0
240120,0
411957,0
174857,0
1307118,0
2403229,1
414509,0
132537,2
1942288,0
2304975,0
1636996,0
2042719,1
1087409,2
1551361,0
1152634,0
2345355,0
1276097,0
2325394,1
231,0
2541335,0
464309,1
2220887,0
2351819,0
1129140,0
1858305,0
1391490,0
60597,0
1272199,1
787903,2
1637067,3
445709,0
2222777,0
88324,1
2445714,0
1153940,0
1731023,0
711905,0
671808,1
1429522,0
1833549,0
1908051,3
369788,1
389444,0
7459,0
812678,1
360450,0
317569,3
401112,0
2481311,0
308719,0
373466,0
1404893,0
875344,1
1727288,0
435775,0
1113820,2
1165724,2
1634467,0
2064291,0
2631570,0
1585617,1
1529343,0
1040284,1
937922,0
2072778,0
782663,0
1910182,0
1486956,4
933642,0
2295668,1
369176,0
2112124,3
18432,3
206967,1
1109665,0
171014,0
1351288,0
163085,0
1105447,0
1588235,0
742049,0
1469354,1
2112333,0
1846045,1
2275156,0
1135606,0
269382,0
1314551,0
506056,2
451309,0
1104514,0
1910620,1
1649067,0
2332581,0
547504,0
2505605,0
940990,0
1313694,1
975146,1
396547,0
550910,1
2256978,0
1387521,0
1793159,1
819223,0
690770,1
2271511,0
358052,0
824424,1
1494933,4
2371776,0
16856,0
104283,1
930421,0
108430,0
173312,0
1603472,0
772371,0
44787,1
2342816,0
755749,2
265387,0
2168452,0
737030,0
1759074,1
1833426,0
1991454,0
1897726,0
1906892,0
1605348,0
1873390,0
387783,0
1116109,0
1267957,0
2586875,0
96010,0
2583515,2
201837,2
159433,0
2197292,0
848247,1
1670576,0
898203,0
485973,0
1032721,0
1857628,0
906614,0
207004,0
37974,1
2125666,3
1007364,0
538533,0
1949502,0
1801136,2
162152,0
503445,0
2470396,1
397011,1
2251718,0
44257,1
1069615,0
1349663,0
1792951,0
525989,0
871546,0
1975681,0
1899288,1
2231827,2
2269100,1
1212582,0
650084,0
1375963,1
2238663,3
1417624,0
2604517,2
548807,0
1293280,0
794220,0
160758,0
1530387,0
1924109,1
1546138,0
2311187,1
1319103,0
9796,0
790697,0
1629574,0
1839934,4
2161176,2
1250802,3
2445367,0
2576050,1
1171133,0
1280613,0
1400036,0
1759285,0
1664638,0
1805187,0
2416753,0
293284,2
921585,2
1309974,0
1688076,1
1584882,0
1688718,0
965431,2
1425660,0
1501397,0
521073,0
2118355,0
2625371,2
1116748,0
913568,0
2197205,0
330838,0
484224,0
1331785,0
1993573,0
931328,1
187538,0
2313013,1
2192158,0
789379,0
2585072,0
174451,0
548053,0
2572946,0
943667,0
207849,0
682001,0
2428259,3
89773,0
65809,0
923517,2
319632,0
614669,1
840791,1
980216,0
1407665,0
2407458,0
145968,1
2004246,0
2180836,1
2133771,4
287034,0
2253252,0
1255696,0
2065242,3
992005,0
614657,0
2229377,1
2226780,0
1221220,0
2303393,1
1039554,0
1820781,2
808452,0
11059,0
1099213,1
578771,0
962214,0
2282470,0
2091570,0
301611,0
2031545,0
2634690,1
591844,0
2206373,0
1757013,0
333620,0
308502,1
1162935,0
1512466,2
1837831,0
585791,0
1866722,0
1790576,4
954537,1
534933,2
369321,1
1090771,0
2078863,0
1444602,0
2382931,0
2136343,1
524761,0
424515,0
446433,0
76274,0
269576,0
600718,0
1912191,0
2175611,2
973487,2
1548250,0
684291,0
896226,0
31109,0
894926,1
1298904,1
903348,0
1909349,2
1971128,1
1748039,0
212259,0
284979,0
111987,1
753901,0
192556,0
698929,3
756746,0
343177,0
1273493,0
1954828,1
1704067,2
1978607,1
112185,1
1411055,0
2466211,0
1115165,0
968634,0
146757,0
1306014,0
132059,0
2012116,0
429628,0
156401,3
1440952,3
638861,0
264484,3
2150956,0
1784645,0
240285,0
2604509,1
201387,0
1779312,1
2397663,0
2613600,0
493363,0
2612248,0
523946,0
2323550,0
334242,3
1294225,0
2184630,2
2053439,0
273945,3
558413,0
2635620,0
730224,0
2563776,1
1907697,0
1125858,0
229656,1
2247427,0
2404782,0
1110827,0
2107218,1
1920253,0
622846,2
1470599,0
662746,0
2415756,0
243743,0
2547545,0
510378,0
1490496,0
1220002,0
852670,0
1584892,1
2099701,0
2385719,0
1519388,3
1276786,3
931715,0
1061967,0
541950,0
31572,0
1872670,3
686444,2
57464,0
1057761,0
1128454,0
1996271,0
495965,0
1547312,0
943534,2
1443152,0
1231605,2
1541814,2
175797,0
745409,0
2386695,1
6455,0
2468929,0
2477285,0
1946189,0
1750224,0
55771,1
1137485,0
278548,0
2279778,1
2414873,0
1298934,0
794358,0
1812465,0
36301,0
369398,0
55023,2
648196,1
1730185,0
2394142,1
2414596,0
474648,0
1615951,0
2253160,0
1519538,1
1436898,1
695210,0
437479,0
1719457,2
12876,0
2185076,0
169002,0
904400,0
678513,4
2222248,0
1594635,0
158446,0
46701,1
480541,0
2589663,0
835242,0
1884964,0
1211706,0
2552866,0
1237583,0
384005,0
1600015,0
1242794,0
2178413,0
1980227,0
1216187,0
1245143,3
152244,2
155850,4
1839718,1
1419286,2
1230473,0
780283,1
2369316,1
171008,1
145437,0
209749,1
805209,0
1465967,2
2132452,0
1471911,0
2418808,1
1368905,0
749544,0
2155580,0
2433378,0
454329,2
295607,0
1827107,1
2365130,0
570766,1
1117538,0
543880,0
654582,0
1637103,1
1828349,0
1200781,0
220655,1
243739,3
1070192,0
754724,0
2458760,0
266947,0
2202698,0
1169034,0
794382,0
160272,3
988541,0
1852930,0
1804016,0
2150772,0
1861731,0
285330,0
627655,0
1830820,1
441949,0
957520,0
1286435,0
1134540,0
433566,1
807994,0
1945243,0
1313655,0
117131,1
1396648,0
1617915,3
1179798,0
1593643,0
1769901,0
2073491,0
1926935,1
2127496,2
633690,1
2204684,2
890968,1
1551367,1
2348258,1
1403673,0
2640210,1
2102940,0
2309505,0
2563817,1
2238796,0
2399384,0
1282783,0
1471350,0
2082078,0
500073,0
1169571,1
685997,0
1884432,0
1991430,0
447930,2
286567,4
1791366,0
500433,1
437193,0
1360405,1
2264244,0
2224673,0
1647640,0
2649116,0
1149057,0
2316606,0
1520973,0
2109782,0
1501851,1
703988,0
1334262,1
2114564,0
1187360,0
77457,0
1512786,0
1652690,3
419319,0
380253,0
201270,0
1202396,0
175349,0
2237712,0
1514894,0
574726,0
707569,0
1345636,0
95991,0
275844,0
2424994,0
2311325,0
1908311,0
2098139,0
2185226,1
2021696,0
2641801,1
2080954,0
2611219,0
1804193,0
2356860,0
105977,0
1756596,1
1093758,0
1550252,0
165231,0
715782,0
2382486,2
121921,2
1886528,0
978313,0
1593301,0
690777,1
1873632,0
695282,1
2627984,0
2530840,1
1804984,1
2456884,1
2265773,0
2418897,0
273122,0
2619189,0
532129,0
1175525,0
1509256,0
2322442,1
720083,0
427331,0
809392,0
2372245,0
28548,0
2389674,1
2417151,2
428698,0
2495926,0
1137493,0
2525563,0
858589,0
253765,0
2374867,0
843941,1
1453533,0
2129976,2
80007,1
486644,0
1623681,0
376973,0
1336329,1
708502,0
1831160,0
2528057,1
1518104,4
340659,3
2561704,0
1084822,0
390233,0
586017,1
2006469,1
1861635,0
41897,0
73389,0
777484,0
1340959,0
1073903,0
1466212,2
2413893,0
1040810,0
2463244,1
2126599,0
1597464,0
2043664,1
2377576,0
1504360,2
642079,1
671682,1
2049966,0
1408974,1
2251640,0
2411478,1
666860,1
265588,1
877113,3
2301057,0
2397977,2
2075537,0
1031586,0
2140913,0
456545,1
1713100,0
242260,0
2281455,0
2284918,0
194096,4
1618217,0
912002,0
1848303,0
373244,0
2629083,0
772891,1
1717414,0
893720,0
2270315,0
1161958,0
2469970,0
951993,1
1421858,0
676062,2
341777,0
982171,0
1371390,0
146656,0
847949,1
1210202,0
804516,1
1734135,0
1990815,0
1976114,0
102383,4
1190132,0
2121621,1
1589903,1
2405910,0
1440478,0
845455,0
1321277,0
1163811,1
2471891,0
2346063,0
2224875,0
2145541,0
432447,0
2370628,1
1192313,2
66906,0
37793,0
1501030,0
1587772,0
113895,0
1224560,1
1248935,0
1176559,4
1194381,3
1679411,1
1102582,1
289419,0
1157737,0
1361809,0
1702093,0
1287657,1
992602,0
72381,0
878705,1
682560,2
2145781,3
2374979,0
792948,2
2061690,0
1999342,0
35064,1
372743,3
230683,0
2046969,0
467340,0
2031565,0
1173399,1
2559488,0
2230226,0
35206,0
475520,0
1381566,0
2090117,0
349770,0
868620,0
116299,0
1039295,1
2218686,0
2198016,0
2239755,0
2423742,0
290967,0
1866046,0
2589660,0
1888204,0
809376,0
255074,0
2412888,0
1892961,0
542153,0
1785100,1
2278747,0
2242302,0
2030852,1
2540263,4
1624432,0
221655,0
610541,0
322960,0
2145838,0
217199,1
1679094,0
1853405,0
160043,1
1410753,2
959685,2
2088794,0
1696463,0
2246939,1
219408,0
1722557,0
1262490,0
1336219,0
2620556,0
162973,0
2479992,1
2019254,0
107871,0
1601816,0
2206559,1
396576,0
970038,0
798909,0
489741,0
405296,2
676135,0
907369,0
1741949,1
2449363,0
1919203,0
1933110,0
1980673,0
1388681,0
652594,0
131178,0
1182185,0
2622098,0
76604,1
2138928,1
1548798,0
348070,3
79380,0
1312066,2
599417,0
2232565,2
1758910,2
941528,1
496025,0
1513619,0
2231121,1
1057681,0
651269,0
1767867,0
2145856,2
2457464,1
2485548,0
1637652,0
900992,4
2598263,0
2284832,0
1493408,0
50160,0
622909,0
1317438,0
2452817,0
1465418,0
2388122,1
1566415,0
2549931,0
265266,1
1361643,0
1121767,1
1700462,0
472240,1
1442533,0
1476054,3
1117073,0
1418499,0
2334317,1
1261939,1
2207065,0
2168888,2
678516,0
2168581,0
1531397,0
1441441,0
1027145,0
2526735,0
771010,0
731067,0
921417,0
694457,0
2468019,0
348279,0
2403811,0
200255,3
1372938,0
2162407,0
1838238,0
1527154,0
2285461,0
2485288,0
1784858,0
1509319,0
22036,0
1139389,0
2125252,0
612657,0
103513,0
2031847,0
2227620,0
818180,0
2308879,0
1303696,0
175618,0
1918979,0
1002407,1
2258667,0
1110500,1
2512809,0
798649,2
1189789,0
364921,0
120368,1
209127,3
54618,0
2090923,1
1776584,1
2610641,0
86302,0
32471,0
406383,1
131264,0
2176827,2
163205,1
403531,4
669265,0
2083166,0
313821,0
1264795,0
1574585,0
393313,0
2329125,0
724374,0
1351699,0
972453,0
2274465,0
1583476,1
390203,0
1271122,0
1579220,0
2295122,0
2542731,3
670998,3
2004117,0
349186,0
298408,0
550682,0
419866,0
6161,0
107127,4
1334430,0
2232563,3
2015005,0
1520884,0
449359,0
1387163,0
2430024,0
680711,0
970044,0
2218680,0
1826612,2
529987,0
1800311,0
1000287,0
1254532,0
2332135,0
2353323,0
600152,0
987860,0
95329,0
651146,0
1406478,1
1134552,0
615103,4
2451519,0
2018015,0
2380174,0
1012294,1
2180413,1
1766509,0
2393587,0
2560286,0
1329642,0
1425787,0
1101221,0
1706833,0
850326,0
1006350,0
1520971,1
1680872,1
1377486,2
1553204,0
2289283,2
512772,0
238324,0
1289135,0
971995,0
660569,0
112519,0
26109,2
1903900,2
1489880,1
844212,0
1206475,1
280002,1
1993491,0
2291451,0
856607,0
1654645,0
1172958,1
118118,0
1300439,0
699887,0
377907,1
562960,0
1249572,0
1207679,1
718692,4
389602,0
2129223,0
1074559,2
322664,0
1271611,0
856844,0
1458785,1
73203,0
984148,0
431154,0
371349,1
1624597,0
2643785,1
2337634,3
1967976,1
1651178,0
2150664,0
2503887,3
2378326,0
1042085,0
2444042,0
687883,0
1835319,0
407796,2
1678244,0
755547,0
2473070,0
55311,0
2193044,3
1631485,0
2339071,0
1197243,0
2177762,1
144464,0
1380893,0
659615,0
820638,0
1046443,0
1600078,0
790348,0
1383617,0
94978,0
2071261,0
1121570,1
1129880,1
1597039,0
1954337,0
787595,0
2093962,0
1382270,0
2520356,1
93803,1
70867,0
233652,0
219336,0
117304,0
589882,0
1148143,1
1796711,0
1336019,1
2445470,0
918076,0
2398712,0
2620210,0
1856882,0
172264,1
39663,0
2406779,0
2075039,0
2374279,0
2573241,0
1170762,0
2362131,0
844247,0
2587557,0
524218,2
1325959,0
638186,0
875448,1
1031170,0
360532,0
183388,2
2443218,1
1562842,0
2355432,1
77510,0
2085567,0
2120219,0
268405,1
1072509,0
2615640,0
2088832,0
491544,0
1322420,2
1385284,0
1618799,0
1272667,0
175624,0
187968,0
651072,0
2257890,0
944159,0
280733,0
182794,0
327630,1
924725,0
1319107,2
2556335,1
564930,0
2254234,0
733982,0
56558,0
2422340,0
973280,2
1569868,0
1348282,0
1775996,0
2622904,1
203708,0
1087907,0
1499260,0
1340559,0
2390429,0
1494424,1
1413270,0
2495205,1
1520482,2
1555276,0
1659538,0
2061461,0
819087,0
231467,0
1310877,0
1845393,1
2073309,2
1963193,1
2551891,1
2619988,0
1471932,0
741852,3
2337950,1
1947079,0
1002025,1
2639566,0
1047960,1
2154110,3
2351281,0
1358952,0
586533,0
2013584,0
1711063,0
23652,1
1031916,0
2591680,2
348960,4
1725138,0
2270094,1
972456,2
1631072,1
611758,1
2470589,0
1768114,0
1125499,1
228579,3
2332287,0
2451867,0
1422163,0
2232317,0
351908,0
765505,0
1138365,0
1471913,0
830768,0
1552165,0
1421498,0
603039,0
638130,0
1771228,0
1440471,0
992432,2
350009,3
2246159,3
1349891,0
1782505,2
2554585,0
1772964,0
218572,0
846021,1
1482680,0
1409821,0
326510,0
1903698,0
129881,0
1249743,0
436106,0
2048774,0
852166,4
115742,0
785663,0
2450844,0
803481,0
1354796,0
1137719,0
1844397,4
1363361,0
1489707,1
1367423,0
2040978,0
518079,0
346494,0
147631,3
1737680,0
1266342,0
271854,0
2011343,0
1639484,0
2519040,0
1272468,0
1306442,0
272299,1
287566,4
2214254,0
161212,2
2289012,1
290422,0
562292,0
1912985,0
859689,0
2634788,0
568574,0
362852,1
370065,1
1455707,1
1457846,0
2161634,0
1668666,2
1978747,0
352163,0
318531,0
2032021,1
1068799,4
201913,0
2131842,0
2431252,1
784665,0
1925824,0
1254372,0
873976,3
2404258,0
2455588,0
164119,2
544585,0
1535396,2
1884499,0
2238483,2
955172,0
1061567,0
2186554,0
1747954,1
2535541,0
2043369,0
1119073,0
699387,0
1558694,0
2531319,0
2595092,0
2483619,1
1796297,0
1896247,0
1317314,0
2395304,2
246980,4
993520,1
1946445,3
669415,0
1522244,0
2593773,0
1582374,1
2609412,0
1760009,0
779793,0
1835649,0
1501546,0
1416745,0
583198,0
653164,0
187371,0
500245,0
1922355,0
972740,0
40445,2
1814753,0
1949179,0
555316,0
1532019,0
1719592,0
930394,0
2580747,1
1813144,0
383221,0
59510,0
701980,0
225354,1
2346022,0
451220,0
2154510,0
2044395,1
1713238,2
2438352,0
578151,1
1455803,1
84291,0
1012586,0
1762183,0
1689156,2
1872419,3
2420782,0
1741184,0
685695,0
2489039,0
2076291,0
72488,0
657006,1
1400278,0
1935984,0
201151,0
758487,1
58834,2
1181717,0
1973396,0
2422710,0
2388391,0
2316195,0
1869051,0
2185202,0
1354313,0
2583333,0
1779903,0
353854,0
711681,0
1973617,0
329596,0
1201319,0
2543356,0
2378653,2
2592263,1
1059814,0
1085049,1
2301767,2
2188181,0
577748,0
1733232,0
1109785,0
688463,0
1406988,1
297675,0
1288776,0
536478,0
247932,3
1703253,0
895707,1
1815485,0
147078,4
1020688,0
1877128,2
245382,1
204662,0
1575579,1
1687897,0
2309157,2
923236,0
1787635,4
1069902,1
652235,2
1256575,1
666673,1
1636202,1
412122,0
2141324,0
1395411,0
981500,1
2140366,0
1900331,2
1561126,4
100168,0
1406350,0
1448076,0
627722,0
2587164,0
2445049,1
87139,1
2627393,3
42875,0
1814734,0
1526688,1
401206,3
2604175,0
34922,0
899379,0
2410847,1
578262,0
2338841,2
995489,0
1906666,1
1867982,0
878614,0
102575,0
598506,0
1720756,0
2287125,3
1627768,0
1422503,0
531747,0
2401021,0
187891,2
2325598,0
2079404,1
2474159,0
1488920,0
1894699,0
26244,0
1117018,0
362334,0
638319,0
1721359,0
1758088,3
1315217,0
875343,0
539019,3
59410,0
84030,0
263489,0
2413828,0
1624194,0
144265,1
804864,0
1070043,0
2108488,0
2277841,0
2589542,0
1632756,0
899054,0
824505,0
1103974,0
2156617,0
2471299,1
936354,0
632653,0
2389713,0
2046051,0
1099833,1
163478,1
265848,2
2247306,4
1920916,0
2412993,0
1809573,1
1828436,0
1849138,0
116018,0
507540,0
2119643,1
73966,0
1423425,0
796679,0
2579331,0
617769,0
1769633,0
607194,3
2025952,0
930095,0
1905364,0
1075075,0
974087,0
1182026,2
1467206,2
1206489,1
1019629,0
234984,0
2255628,0
1989819,0
2210312,0
1320022,0
2250233,0
2133574,0
960770,0
1847184,0
900075,0
567272,0
1956081,0
1882888,0
890126,0
591207,3
17186,0
456798,1
1416074,0
2649166,0
392325,0
912204,0
408189,4
624640,0
1498655,0
788855,0
1301646,0
158242,4
631786,1
639216,0
1073900,0
1372767,0
1897404,0
1259291,1
2528236,0
287849,0
1353663,1
2449356,1
1966506,0
2220165,0
1824975,0
2430300,0
6514,0
863941,0
653557,0
1726918,1
2078001,0
1743357,0
522602,0
1893651,0
1461487,2
1573507,1
1831058,2
716874,4
2165181,3
83879,0
2266447,0
1038208,0
2326904,1
2330864,2
1999998,0
85488,3
97608,1
1961066,3
475394,0
1487927,0
821495,2
721267,0
1807946,0
1008517,2
1099347,0
1827608,0
2380052,1
2439175,0
498252,1
689956,2
1807904,1
810346,0
1144448,0
2090644,0
1765736,1
681993,0
42378,0
3039,0
577586,0
1012178,1
2644443,0
427497,0
317194,0
2539750,0
962393,1
447158,1
2470159,0
232138,0
2625256,0
2493476,0
362912,0
1504779,0
770567,0
1619254,0
539941,0
1455644,0
709989,1
2141635,0
1974455,0
2135623,0
1467087,2
957490,0
881960,0
1744936,0
2484526,0
2334849,0
154149,0
1219595,0
838399,1
1271907,0
2027128,0
2039400,2
2313079,0
724073,0
2510023,0
920493,1
464358,0
761364,0
2160653,0
1182717,0
2571998,0
365703,0
1865808,1
1011961,0
1279011,0
1833802,0
2278846,0
1901352,0
1402004,0
697962,3
360757,0
768372,0
1057085,0
1146965,0
519265,1
510959,0
1751496,0
2454784,2
1438636,0
2510722,0
1187577,0
1224658,2
2345297,0
1964350,1
2042734,1
40993,1
2573963,0
820052,2
1929012,0
1773588,0
1138491,0
1062246,2
2449580,0
2308572,0
1559855,0
394507,0
1947476,1
177378,1
519693,0
78703,1
2565831,0
542786,1
2258618,0
318476,0
981069,0
2186555,0
604823,1
412210,0
868608,0
729600,0
1235191,0
2387953,0
1423506,1
1616559,0
629120,2
2644271,0
321153,0
1933894,0
915570,0
1192844,1
2251460,2
488188,0
1216256,0
1009089,1
2291142,1
1969613,0
307483,2
1973852,0
900622,0
2333719,1
2125024,0
263726,0
330299,2
1808694,0
794293,0
2185356,0
924048,0
1158569,1
1398924,0
1414980,1
2517017,0
1860150,1
36487,1
1702488,0
612990,1
218626,0
1635851,0
1595451,1
2400072,0
101436,0
1546371,4
552129,1
1065779,3
1630822,0
352112,1
1306363,0
55342,0
1999825,1
1486283,0
76399,0
1132751,0
1261819,0
2512061,0
1094706,0
782192,1
1200475,2
2495286,0
644503,0
2312171,0
1956997,0
1666991,0
1049292,1
933255,1
460433,0
200139,4
1719039,0
861533,2
2394666,3
2640238,0
1017131,0
110592,0
1426448,1
2199863,0
1595080,3
1457974,1
1231504,0
486172,0
2376125,4
1263037,0
293159,0
1095155,0
1783854,1
1115110,0
1860324,0
336501,0
2075852,0
224067,0
684876,3
1555803,0
693911,4
2190996,1
2353298,0
969636,0
1308024,0
2243036,0
1310661,0
647933,2
1394261,0
191363,0
283438,0
423397,1
1211291,1
1733733,1
682318,0
2329133,0
2489526,3
2344380,0
211418,0
27335,0
1055187,0
2338166,0
1736012,0
2589473,0
2278388,0
1961046,0
611311,0
1937416,0
720151,2
1120126,2
528936,0
1897548,0
1820058,0
881893,0
1297621,0
1940022,0
1514647,3
1731865,0
985946,1
183928,0
1715995,0
547753,0
175850,0
1234718,0
1472073,1
3994,0
2340654,2
602648,0
696901,0
1761351,0
1237384,1
1596264,0
141921,2
275630,3
2318078,0
1574387,0
2191458,1
2250152,0
1732972,0
2106530,0
1502652,0
1206357,1
1653313,0
1574875,0
2242973,1
1456974,2
1937310,0
115087,0
2498810,0
1168926,4
1058972,0
211115,0
751447,0
713033,0
1291805,0
877655,0
469788,1
116723,0
305895,0
677499,0
582114,1
1242267,0
2507981,2
467808,0
762503,0
1370842,2
488412,0
1338614,2
1948186,0
730023,0
576085,3
170869,1
1122639,1
1483639,4
101910,0
770648,0
1072585,3
2511434,2
115383,0
1471597,0
1266428,0
2150588,0
1112079,0
2295401,0
2598000,0
752670,1
2608505,0
143634,0
1922738,0
2240642,0
2201441,0
569056,1
430091,0
2075568,0
1532890,0
1119642,0
2268427,0
887064,0
2536792,0
1173870,0
644469,0
394902,0
1209160,1
952265,0
376968,0
719755,4
2319720,0
1797738,0
2529174,0
856358,0
797503,2
1780442,1
2487389,0
1497013,0
779485,0
1996385,1
1952721,0
2007030,0
1464724,3
1554161,3
112018,0
208911,0
2227024,0
2256615,1
2632199,0
2565124,0
1112176,0
482633,0
2231278,0
2385826,1
2449068,0
1898890,0
1906679,1
2052225,1
2041315,2
757170,0
1006837,0
1247862,0
519759,0
1544545,0
2288404,0
954656,0
2084614,1
91556,0
2034703,0
1940426,0
725586,0
99398,2
1741034,1
1906508,0
1675006,0
640790,0
828351,4
1696227,0
1581433,0
1922442,0
1993007,0
2499740,0
227107,0
258494,2
1711346,0
413596,1
1824061,2
772534,1
2396995,0
2164982,0
1076736,0
288883,1
863916,3
535293,0
2495395,0
2345195,0
2221639,0
2290264,0
512063,0
2528270,0
321974,0
2542131,1
1204113,1
1415022,0
1075294,0
346770,0
1340945,0
389960,1
625545,0
1814467,0
1007768,0
2078225,1
1623952,0
210743,0
1737549,1
16540,0
1140366,0
1827831,0
1819448,0
345610,0
389437,0
2617904,0
1867384,0
2142234,2
187203,1
1269320,0
205366,0
2062544,2
2449717,0
2446634,0
20938,0
2393202,0
464150,0
96096,1
2084673,0
2401646,0
1664742,0
2582614,0
1638789,0
1158138,0
69801,0
575786,0
365928,0
974822,0
108698,0
1940018,0
1803287,1
2415620,0
1309602,0
330526,2
1206624,2
532077,0
245115,0
2038638,0
2575503,0
1278961,4
345800,4
506410,2
1222336,0
2626033,0
1673828,0
2425140,0
2427748,0
930608,1
1185203,1
2524211,0
380154,2
1802297,1
1864805,0
133800,1
255879,3
609824,0
135749,4
1553446,0
659215,0
2567021,1
853755,0
2530227,0
1302441,0
713980,0
1843888,0
476805,0
411316,0
298721,0
1672875,0
540063,0
1991106,0
948086,0
366425,0
1925421,0
1982462,2
97234,0
1665754,0
1730300,0
1500827,0
793499,1
1717896,0
456607,0
794584,0
1835241,0
393470,0
1512053,0
2250732,0
2029086,1
128698,0
202472,0
1713808,0
658779,0
1687771,1
661613,1
1370563,0
1888289,1
188790,1
2222851,0
215554,2
1430364,1
261107,1
1468789,0
982685,1
1629209,0
1388993,0
580817,0
940486,0
1989046,1
2064392,1
1942077,0
2353230,1
1377186,1
222128,1
496432,0
2103892,1
1088090,0
1971298,2
401260,1
990780,0
2436309,0
1704526,0
1381061,1
220034,0
1373320,1
1571302,0
361645,0
872839,0
1794068,0
1809273,0
2234263,0
1401465,0
946175,1
504047,3
1912266,0
1809385,0
1616989,0
2405969,0
812512,2
2215495,1
1329862,1
483828,0
2035984,0
695091,2
1490632,0
1017057,0
2203778,0
1210427,2
2031244,0
603449,0
1013116,0
1377201,2
2477326,0
2754,0
2112912,0
1908610,0
1993654,0
165059,0
2226361,0
1059404,0
1360292,0
2568005,0
1069858,1
2429728,2
934318,0
1733915,2
1987734,0
1430693,0
700189,1
662356,0
704481,0
20460,0
2135457,0
2395504,0
203323,2
2132683,1
857716,0
2171718,0
2281515,1
2308103,0
566743,0
1689663,0
376704,0
2162348,0
1245653,0
2085211,3
2308407,0
1070398,0
560298,1
2251664,0
2239591,0
1981621,3
2646501,0
234023,0
1963805,1
2477529,0
2476598,0
2606355,0
2333603,0
2049500,1
2102481,0
458017,0
594311,1
2202085,0
1795251,3
2129687,0
1225857,0
1674530,0
434632,0
2498306,0
881031,0
880292,3
189663,0
915965,2
2459926,0
1653663,0
1308472,0
1296447,1
2502483,0
997908,0
2286166,0
1744594,1
406948,3
2064048,0
2083805,0
2578372,2
638582,0
1421409,0
970300,0
2219596,1
1438291,0
2400109,0
136973,0
2594704,4
725564,0
143250,0
103314,0
362234,0
1129493,0
1720058,0
1738917,0
1692943,0
1349944,0
2150901,0
245138,0
161291,1
1289710,1
2477548,0
2242997,0
378975,1
2606341,1
2647302,1
770933,0
554557,1
2242540,1
209070,0
853965,3
1027550,1
1764451,1
390499,1
12771,3
239184,2
380551,1
1428802,1
1112193,0
829663,0
263898,0
931640,1
455570,0
1011250,3
2152305,0
2618520,0
796548,1
1298629,1
2185262,0
133080,2
2427172,0
1222999,0
174717,1
2519463,0
2101913,0
274893,0
142522,0
2181619,0
1717410,0
356783,0
41663,0
2310976,1
2009626,0
1247564,0
2305024,0
676631,1
2229221,1
1082768,1
1951200,1
1711351,2
526709,2
2132862,0
636434,0
15983,0
1686291,0
1249878,0
358186,2
2244730,0
2515714,0
2268120,0
291293,0
2626223,3
1268244,1
2053278,0
1458102,0
1263582,2
1127824,2
1654721,2
2099969,2
807961,0
1200899,0
1806004,2
850900,0
2642925,0
1598767,0
336957,0
2031229,0
2434141,0
2267146,0
1822861,0
61765,1
981808,2
2088547,2
192849,0
239188,0
2421350,0
1382751,0
1074260,2
1314593,0
1845090,1
934485,1
1129135,0
1622587,3
2595700,0
446331,0
1863071,1
109062,0
1678272,2
389882,0
1517916,0
592693,0
1402231,0
656104,1
1276696,0
228190,3
669117,2
1632167,0
1384166,0
181190,0
1466064,2
1657093,0
1131589,0
550888,0
2646937,0
482797,0
892839,0
1302061,0
1988882,0
175029,1
1802904,1
39375,4
790065,0
2077101,0
2487260,0
138873,0
1298256,0
1930483,1
734178,0
1051687,0
2068022,1
973789,0
2269994,0
1905561,0
615100,0
357107,0
2469768,0
2408545,0
2034241,1
2127912,0
2150653,0
1278543,0
1704440,2
1155716,0
2593828,0
2584039,0
1644205,1
690158,1
1952543,0
2324513,1
1238603,1
1912356,0
244246,1
1478023,0
447293,3
1572584,1
175045,0
1397203,0
442033,1
1360481,0
795578,2
1022794,0
312822,0
2557244,1
1443328,0
1709347,0
669321,0
391517,0
430641,1
1357528,0
86319,0
934647,0
1140715,0
2637060,0
539372,1
907609,2
1844894,0
444839,0
561697,0
1226831,0
154515,1
346295,0
1155418,0
581141,0
1801963,0
1308996,0
2151303,1
2305243,0
1038467,1
2408478,0
1330142,0
1629647,3
2046701,0
1347064,0
2459275,0
907253,2
2632548,0
1532646,0
757417,0
586991,0
204710,3
1323479,0
1779906,2
799026,2
1049943,0
2452707,0
2315870,0
903054,0
973499,1
2089916,1
195881,0
1079683,0
59490,0
1611281,2
1475650,0
33095,0
1839350,0
356212,2
2053871,0
1092189,1
1746613,3
2100583,1
582486,0
1803990,1
249793,0
2492068,0
2398236,0
256278,3
1597381,0
11267,0
732891,0
1815083,1
103141,1
261880,0
331974,1
341806,2
1825907,0
616820,0
1759045,0
2042043,0
73381,0
357588,2
5989,0
1292794,2
1039702,0
1955037,0
383014,0
1844773,0
1944184,0
2017543,1
1478643,0
355877,0
1147152,0
1972958,0
796904,0
2027292,0
2390197,0
1464866,0
1838886,3
2309163,2
492058,4
2636000,0
1831376,1
658803,0
1589401,2
951402,1
1948068,0
2450017,0
2191762,1
1395369,2
397898,3
6173,0
827770,0
1510325,0
1581575,0
2300734,0
604692,3
465167,1
445085,0
1614547,0
1429672,0
608073,0
882561,0
485301,4
2485154,2
900866,0
2594235,0
193529,0
2270812,0
739258,0
947488,0
746076,0
1137451,1
2401559,0
916268,4
2238910,0
1594095,1
1551213,0
133588,0
951123,0
135657,2
2506754,0
1097210,0
2627451,0
1834781,0
1912790,0
721443,4
1085849,0
709755,4
1499964,1
572663,0
1959180,1
1487507,0
1435534,0
58591,0
2554977,2
1938930,0
619131,0
594841,0
1924508,0
748962,0
1963798,1
238756,1
1838856,0
1397183,0
2538479,0
2139882,0
2487638,0
1432126,0
2365974,0
2643365,1
605332,0
605229,2
849959,2
1432217,0
995886,0
1997148,0
1873492,2
1908118,0
576223,0
2268656,0
699827,0
319827,2
1515495,2
1642815,0
1514089,0
2330423,1
1526063,1
1367494,0
95563,0
159425,0
635441,1
381352,1
2196770,0
2153163,0
602164,0
38059,0
1610650,0
770326,1
2125026,0
1608066,2
1822906,0
721603,2
1230578,0
2532723,0
2592234,2
472322,0
237439,0
505088,0
2262133,0
1341525,3
516498,3
69914,0
1622923,0
1077661,0
1913749,0
1801174,0
455493,1
2172532,0
466862,3
25977,0
2366792,0
1080364,0
204075,2
1044289,0
1406638,0
1121663,1
2430028,0
780478,0
810912,0
474539,0
1443855,0
468142,0
1810689,0
722473,0
1001185,0
1302051,0
942562,0
1767039,1
1208152,1
2448892,3
2536705,0
1799614,0
1188105,0
1195600,0
2284336,0
1682598,0
1112534,0
1227030,0
1522171,0
1529619,0
427511,3
596148,0
1790158,0
1556884,4
943920,3
1160606,0
1650630,3
1974423,0
515616,0
1759835,1
1947174,1
1011839,1
978132,0
945844,1
1849821,1
1100170,0
2210794,0
1640421,1
1830560,0
1137287,0
1993340,0
1008636,0
1861009,0
1052738,0
1437443,0
2252635,2
773937,0
1057577,0
437371,1
928129,0
2126498,0
1388966,0
393620,0
1656952,0
2499019,0
1124804,2
519440,0
475549,1
1926832,0
2431353,0
2406772,1
2130791,0
2337408,0
2051310,1
1709186,1
1244499,0
2398862,0
23814,2
24536,0
1200097,0
2344061,0
2470065,0
40563,2
1079986,0
2030352,0
462182,0
1284469,0
1053361,0
2229663,1
688256,0
2297597,0
2345427,0
822140,4
2590211,0
819313,0
1494150,1
1050130,0
2490339,0
2029981,1
2597664,1
2638852,0
1876634,1
870098,1
1322515,0
2169476,0
1163702,3
1964626,2
1482103,0
1708366,4
574040,0
235312,1
1828018,0
317965,0
823517,1
2512721,0
389763,1
467638,2
1627310,0
2304779,0
1983998,2
246040,0
918157,1
1131398,0
2124083,0
1833218,0
1207809,0
279016,0
1167521,2
2337085,0
1194356,3
1449361,0
1364774,0
1672900,0
998532,0
734983,0
1534251,2
2200214,1
50274,0
1326731,0
34406,1
587043,2
1597729,0
430902,0
1232959,1
2382913,0
2269742,1
2238115,0
424633,0
283334,0
2456518,0
1943714,0
865068,0
2365733,0
2587546,0
2179925,0
2031093,0
2633860,1
2475844,2
884092,3
1194439,0
945877,0
2516288,1
2186026,0
1254857,0
1495476,1
657550,1
1387497,0
809333,0
116963,0
1458562,0
745134,0
1901906,0
1748002,2
216876,0
921327,0
2593080,0
2359219,1
1834699,0
2258440,0
2234889,2
1549307,0
2008700,3
62845,0
2064713,3
1484452,0
1426659,0
1722137,0
924510,0
1655341,0
1160120,0
319934,0
2159980,1
2156914,0
568194,0
1386822,1
751329,0
1769301,0
22670,3
1124878,0
1522321,0
1962415,0
893992,0
2524227,0
811939,0
731217,1
1296944,0
883478,2
2516386,0
249365,0
2200534,0
2424568,0
875855,1
284129,0
2279742,2
2184318,0
2239780,1
985643,0
795082,1
2589510,0
1281409,0
583131,0
2400047,0
1662848,0
57717,2
907650,3
1661600,2
151031,0
1404088,0
2518104,0
610437,0
2442001,0
94981,0
492357,0
211702,0
366959,2
541573,0
1774618,0
634254,1
2245880,1
349664,0
1696502,0
1289155,0
246321,0
2491226,1
2648768,0
1776455,0
2363063,2
2120143,0
2283704,0
1544402,1
797227,0
1957518,0
2393477,1
25318,0
1661999,3
178803,1
1800117,0
2477523,0
1860383,1
1312904,0
47476,0
664825,1
1541853,0
1700841,0
1787173,0
802513,0
2075553,0
1363756,2
882429,2
2571599,0
558537,3
541835,1
1689173,0
527375,0
2577467,4
1836095,2
69977,1
2057596,0
2105633,0
2460229,0
2166028,0
1637299,3
1189763,0
1896771,0
197821,2
936746,0
762145,2
482356,0
2461802,0
492599,0
246345,1
583281,0
2039679,0
145726,0
1531338,1
2436745,0
538957,0
2027708,0
888602,0
2240295,2
1275692,0
314718,1
520241,1
756154,0
2157013,0
390333,0
295910,0
2000067,0
1784540,0
2371816,0
1426939,1
2330530,0
2521396,0
1419253,3
1823311,0
1753356,0
1896062,2
1775818,0
1141578,0
409225,1
2256611,0
2338881,0
414174,0
1357735,0
1051029,0
1666057,0
2592818,2
1403149,0
2167290,3
2291479,0
2204106,0
524677,0
2192736,0
406194,2
1667116,0
1858411,0
2425581,2
2487566,0
260080,1
2231682,0
1659758,3
1897730,0
359960,2
1998328,1
968765,0
2384846,1
779043,0
2568060,0
841866,0
1794615,0
1825963,0
458313,0
347839,0
524390,1
2020475,3
2275881,0
240960,0
2487331,0
1574973,0
2170135,0
2206952,0
2170379,0
1476719,0
2257811,2
1010182,0
1350889,0
2482865,0
1595644,3
1379058,1
2070617,0
2533706,0
479695,0
1583539,0
204920,0
2630046,0
189025,0
68845,3
1250191,0
2293097,0
868296,0
2158461,0
2357363,0
1328585,2
955953,0
788408,1
2245944,1
2538739,0
164468,1
653619,0
1468868,0
211121,0
1683667,1
1308242,0
161458,0
94326,1
696702,0
2442444,0
1973332,1
1498205,1
2235056,1
2189522,0
725541,2
2083476,0
1954957,0
1445067,2
2301679,0
380343,0
1653681,0
1181095,0
2084828,0
654810,0
2490794,3
1376055,0
2051379,1
2450485,1
783348,2
28380,0
1935704,1
697400,0
2409746,1
566806,0
764574,0
2499476,0
1543716,2
482868,0
883211,0
1848916,4
2389750,1
61350,0
556497,0
1892474,0
2427725,0
1899324,1
2336689,0
310426,1
1045053,2
1508675,0
2577161,0
728777,0
1527215,1
1981483,0
1310195,0
484351,1
2375307,0
2204810,0
1644531,0
2279971,0
1840020,0
2292529,0
332048,0
28505,0
690339,0
567279,2
2029909,0
2237319,0
700594,0
1379689,0
1693429,0
2476692,2
1491960,0
2433578,1
2321259,0
410924,1
2297829,0
2430463,1
1478900,0
1386925,0
2017670,1
2220481,0
580382,0
280632,3
2407814,0
1384924,0
264028,2
1005167,0
2043830,0
2146544,0
1319420,1
180458,0
1374112,1
2434761,0
2316963,3
748806,1
1956933,1
130366,0
1964953,0
2439188,0
592374,1
2006190,1
596648,4
1096771,0
1214342,0
370037,2
653459,0
1941228,0
795040,0
328246,2
364247,3
1487139,0
1482654,1
861059,0
1947845,0
1882485,2
2113455,0
2645850,0
2406214,0
1068095,0
2193991,0
208871,0
330800,0
2395309,1
6504,3
2585245,0
1166964,0
1566455,0
2277648,0
1146148,1
1830336,0
2208277,0
822351,0
1997436,1
1520495,0
696448,0
25567,1
813593,0
1440777,0
1366647,1
8026,0
2228963,0
130149,1
61218,0
989890,0
1781295,1
1997686,1
360633,0
82514,0
2181970,1
1553270,4
2097140,0
1748245,0
1328022,1
1631982,0
2004596,2
326306,0
1827543,2
200001,0
1208970,0
1546308,0
480466,0
104459,0
2258805,0
1023432,2
556776,1
1817031,0
732682,1
748317,0
1441340,0
197002,0
2447982,0
1789245,0
2516786,3
389980,0
2352946,0
2292759,1
2442369,4
1742530,0
1095733,0
732873,0
2525492,0
997220,0
1580542,1
794348,0
2009358,0
2468821,0
396132,1
1002367,1
1700656,0
2077391,0
702482,0
1644621,1
57193,2
174230,0
360421,0
2312349,1
2232338,2
1227462,0
2176972,1
969764,0
411119,0
1569889,0
1611819,0
2113255,0
701830,2
2616318,0
2111803,0
1382609,0
2004939,1
2627372,0
2530185,0
2276884,0
1946983,0
263675,0
35750,0
2055622,0
2282961,0
1242799,0
1790966,0
2523252,2
2053441,2
1010747,0
1790853,4
314891,0
2181595,2
2077378,1
1209986,0
1804811,0
1595222,2
756299,3
797230,0
1673262,1
2170930,0
2120118,0
2358651,2
1119547,0
1718299,0
358297,0
50669,1
2179291,0
331443,0
1789555,0
1571958,0
2595840,0
1556168,2
2385683,0
1710184,0
2056689,0
262472,0
2025320,0
2599815,0
2547360,1
450899,0
330762,0
1211421,0
107734,0
414189,0
2555272,1
2599516,0
2122793,0
192346,1
975534,0
417796,0
2646892,0
1328970,0
788571,0
2633100,0
2298735,0
1870560,0
1344365,2
1252036,0
444229,0
205755,0
1117052,0
2523436,0
1611560,2
2629991,0
1358904,0
1263899,0
520584,1
2066307,0
1825299,1
1676939,0
1955137,1
1035378,1
1018212,1
1543992,0
644826,0
950168,0
722341,2
2169183,0
249087,2
1730504,1
2093612,0
366732,0
645973,1
592650,0
1375558,0
2404122,0
1660952,2
2356969,0
1341870,0
822173,2
1494715,0
2601942,0
1307286,1
2407754,3
2559858,0
335226,0
511795,0
1040309,0
1303781,1
649010,0
1328687,0
2022072,2
2088569,0
602275,0
1385478,1
498684,0
652920,0
2350684,0
380185,0
673619,0
2144788,0
667722,1
60266,0
837693,0
1330311,0
2241558,0
2334461,0
2243394,2
1050986,1
483139,0
919164,0
794636,0
273041,0
594734,0
1677141,0
952668,0
1045574,0
31724,0
2119539,0
1730026,3
2013678,3
1356644,0
724066,0
276860,0
632313,1
1079429,0
1717946,0
1898533,0
397460,0
79750,1
667286,0
1930946,0
436227,0
27851,1
375398,0
829548,2
1014214,0
2442487,1
716831,2
745695,0
888430,0
1483921,0
218699,0
2237844,0
1052721,2
1069,0
2492108,0
167711,0
2166862,0
1566528,0
2107885,1
460487,0
1090680,0
1930783,0
103539,0
2456018,0
2288607,0
897502,0
2001679,0
2519454,0
1947767,1
1336936,0
1389750,0
2143804,0
2516355,0
1048199,3
2582849,0
2215871,1
2197583,0
1821193,0
1631815,0
1037347,2
1433687,0
460500,3
991359,0
2632005,0
2096785,2
1817706,0
1169517,0
1745025,0
2378645,0
2091589,2
1787129,0
1651702,0
2255815,0
754517,0
817224,0
1433690,1
2597932,1
786492,1
2344019,0
1189579,1
1618005,3
2635210,0
71765,4
628911,0
1548454,0
162313,0
1986678,0
645921,1
1308458,1
976328,0
742766,2
1317244,0
489856,0
187895,0
377690,0
1256686,0
926273,0
1059927,1
897044,0
2563677,0
2627263,0
271366,1
696845,3
2427673,0
2361510,0
982239,0
450102,0
2536189,0
1124372,1
368194,0
881077,0
2065821,0
182303,0
1728086,0
1309167,2
599382,1
2293883,1
1460439,1
1689602,0
1033967,0
934436,0
2138793,1
2151503,0
87113,4
646889,1
1228568,1
1619065,3
1570126,0
149576,2
2471971,1
1967343,0
536737,1
460419,4
1955333,1
1330415,1
1317252,0
2450549,0
166897,4
2203008,0
416768,0
151158,0
1601348,0
1390239,2
81041,0
1130262,0
1458826,0
287934,0
1794635,0
1529511,1
1921295,0
1884287,1
1384459,0
2283019,0
2341040,0
790475,1
2310422,0
2379388,0
626987,0
1557873,0
1236675,0
1752324,2
2251704,0
2471303,0
200449,0
562768,0
2590395,0
1072844,0
1288325,0
2469502,0
2251582,3
2198179,0
302573,0
299272,0
1599224,0
150141,2
1215097,1
1530600,0
2271728,0
984246,0
1149359,0
1478642,0
789229,0
1418533,0
1842902,0
453268,0
620785,0
1163769,0
2233186,2
862917,0
1233203,0
2278279,0
2463896,0
768953,0
276549,0
430373,0
58485,4
1378175,0
308470,1
2419866,1
2343385,1
1067079,1
986421,2
1296429,0
592316,0
740461,0
1193278,0
2352804,3
1644987,1
415415,0
1481503,0
2602874,0
23421,1
692635,0
667307,0
1589788,2
2089305,0
1549104,1
278261,0
603445,0
179153,0
761585,4
2219650,0
1588895,0
2616317,0
1592822,1
948457,3
1964970,0
181666,0
2620618,0
807383,0
187566,1
822256,0
344210,0
1601271,0
85778,0
2560986,0
2155033,0
2510436,0
2362949,0
1614754,0
1144823,0
1220989,0
2543428,0
1807224,0
358916,0
1433997,0
1284991,2
1287575,0
1675027,0
372216,0
932927,4
1835423,2
2360868,0
139107,1
1106391,0
2395073,1
2225519,0
1553129,0
1767952,1
2443387,0
1271668,2
1691620,0
1188248,0
1651034,0
698813,0
2451297,0
1300524,0
1827892,0
940476,1
97638,0
1879617,1
1153985,0
1449137,0
1355542,0
241019,0
1526068,0
2515494,0
537083,0
1618104,0
1627227,0
2225,2
882628,0
2447272,2
779574,0
1232448,0
926350,3
1405845,0
2156747,1
413090,0
754397,3
1372908,2
278824,0
1706831,4
986237,0
2463711,0
405788,1
1046775,0
1212955,0
2553292,0
853571,0
186087,0
2435040,0
1989998,0
2160638,0
2590220,0
1449931,1
133904,1
1820629,0
1830264,0
2427856,0
2459434,0
1120202,0
1881601,1
926896,0
441553,0
1921588,0
1590887,1
327006,2
799157,1
1012733,0
1026246,2
1171523,4
95577,4
759018,2
1405168,0
1478617,0
2018422,0
678154,0
315542,0
1473199,0
610675,0
1617888,0
2365188,0
1293165,0
653956,1
1402219,0
2606118,1
652480,0
1434685,0
808169,0
2191225,0
2604283,0
2004579,0
1198975,0
961389,2
1638469,0
187372,0
2557990,0
1725374,1
1279858,0
741743,0
1259038,0
1509424,2
2509639,0
1661985,0
1042597,0
1509547,0
1523046,3
1986616,0
2069200,3
1361091,0
1008157,1
2171387,0
920295,0
1832701,0
2591236,0
2053496,0
2390156,0
567986,1
1056072,0
2189429,0
816179,0
1688442,1
1837599,0
1930099,2
2521955,1
412017,2
1650982,1
809207,1
1765114,0
1115513,1
1887788,0
1245675,0
2260446,0
2059098,1
1386053,1
1711548,0
2641258,0
608234,1
2213096,0
766958,0
1148074,0
1344139,0
2135104,0
1990218,0
478815,4
940365,0
286401,0
930289,0
739914,0
1664962,0
534427,1
1627678,0
1112554,0
857179,0
2188505,1
1741624,2
921229,0
489454,1
1357064,0
1323507,2
413538,1
1008413,0
1914553,2
349705,0
1609549,2
2603730,0
2566993,0
1685061,1
1853235,0
643172,0
2476277,0
252976,0
692353,0
968714,0
1808030,0
125498,0
2476116,0
1296460,0
1874993,0
1821002,0
2523948,0
1577347,1
2061246,1
2544181,0
1299989,0
2605984,0
675057,0
1215900,1
2569204,2
843842,0
11278,0
756986,0
2614627,0
642946,0
269500,0
44516,3
2520859,0
1456522,2
1899206,1
1669884,0
1616757,0
1985166,2
2357411,0
1154474,0
121378,1
1580282,0
2306430,0
2511574,0
2131331,0
2637575,0
718142,0
2065472,2
171878,1
1346201,0
445491,0
2066383,0
1937171,0
2167009,0
2262547,0
1613260,2
1912781,0
1566590,0
2321159,0
133576,0
2353416,0
1159135,0
454171,0
820005,1
197315,1
2151127,0
1359127,0
2333102,0
1395526,0
1284607,0
937534,2
224773,0
18856,3
1028987,0
1942689,0
1959982,0
1415063,0
508267,1
1068821,0
1116187,1
2252101,0
1321712,1
508491,0
2439924,0
92659,0
1209956,0
1155723,1
2394943,1
741930,0
2392513,0
1787827,2
285071,0
2201852,0
319686,0
1876896,1
345953,1
101049,2
2487099,0
2104189,0
434561,0
1222245,0
1576111,1
1627044,0
618225,0
115816,0
1270810,0
1704468,0
2381156,0
42921,0
1212387,0
1343299,0
1416744,0
201576,0
854274,1
727568,0
2455019,0
2007507,0
85664,0
894519,3
2139616,0
1543481,0
2069625,0
1610815,0
809249,0
1916333,0
1594182,1
458685,0
2300352,0
1533189,0
2547062,0
854946,0
1980314,1
753537,1
1601114,2
1793512,0
646279,0
35708,0
1282277,0
1546342,0
2530483,0
237070,0
945175,3
1651291,0
2443642,4
1622462,3
2433422,0
2534796,1
1323052,0
1345371,0
733642,0
2087689,0
2493150,0
2419391,0
700511,0
602223,0
1877713,2
1321126,1
1341523,0
2522640,0
335751,0
2155998,0
1666826,0
1577665,0
1046598,1
549725,1
2313298,0
1192377,0
896169,0
480161,0
2446044,0
2492893,0
416653,0
2274100,0
2647941,0
1670319,0
349367,0
1550147,0
838349,0
403389,0
235253,4
1140107,0
189389,0
2442755,0
2497124,1
94101,0
689920,0
397404,0
1941534,2
2324477,0
480332,0
381536,0
340111,0
748377,3
2349410,0
2456853,0
457903,2
640202,0
2334733,0
1127093,2
784475,0
4894,0
1813821,1
228584,2
381954,0
240907,0
968279,1
1575272,0
2114982,0
1203784,0
1232562,0
1977127,1
604591,0
2219515,0
1072387,0
2133476,0
376594,0
2316110,0
218740,0
1458517,0
1178384,0
479659,0
787026,0
1811452,2
2452802,0
704254,0
137487,0
2344473,0
546977,0
259416,0
324235,0
1185700,0
598216,0
471879,1
52876,0
389384,1
1657250,0
126505,0
1166005,0
1368684,0
2113022,1
1781622,0
1963126,2
2084975,0
2097928,0
1070158,0
16475,0
1939881,0
1610717,0
1574990,0
1079023,0
51741,0
194968,0
1759827,3
53960,0
1449303,0
462128,2
1968389,0
1860149,1
1519432,0
502697,1
1162895,0
1082342,2
1912131,2
435878,0
238550,0
1716183,0
1688703,0
1646899,0
1212844,1
780982,1
1942575,1
968985,0
1687478,0
1969947,1
454103,3
2104412,2
1566104,1
2447866,2
863214,0
722960,2
347174,0
1958197,1
2500102,0
1334519,0
713840,0
2116935,1
1528911,0
1413451,0
2062052,2
2365844,0
2497047,0
2631526,0
2421477,0
1985490,0
1336217,0
1608210,0
742717,0
36488,0
2228502,4
1723314,0
1995527,0
2305406,0
1080825,0
1347192,1
1272467,1
1128503,0
215745,0
1479518,0
246561,1
407115,1
397684,2
1771725,0
125567,0
804400,0
519997,0
406679,1
2462055,0
1507106,0
1794738,1
2088152,0
238375,0
641729,1
2262260,1
916412,3
1379576,0
1995052,2
672374,2
165698,2
126938,0
690609,0
1050841,0
1470116,0
1201772,0
1858041,0
2576855,0
528678,0
1738109,0
2261827,0
62285,1
1747406,0
382817,0
2021379,0
2212285,0
2440255,0
240214,0
350103,1
1368681,0
2293440,0
2567978,0
1114810,0
69627,0
414980,0
2440000,0
113542,0
35994,2
2039301,3
1382019,0
1573702,0
334997,0
636208,0
2341576,1
1713977,2
1557757,3
1950559,3
59936,3
1592675,0
604798,1
2140799,0
314618,0
1807910,0
1014299,1
1889587,0
561672,0
2004258,0
1863557,2
2243977,1
765594,3
83151,0
1810088,0
2071416,1
1686932,0
721546,0
106399,0
2613674,4
902324,1
678911,1
998607,1
1194224,0
2169129,0
2057648,0
611083,2
2012236,0
351053,1
2320490,1
590121,1
423665,0
2475058,1
1080869,1
999750,0
909663,0
539743,0
1548415,0
1211396,0
888571,0
88697,1
1083257,0
2358386,0
348723,0
252051,0
2342517,1
1620834,0
1172502,2
549529,0
214192,0
1863391,0
2532534,0
2339387,0
1491583,1
2258730,4
82330,0
61373,0
916077,0
1067018,2
111967,2
273933,0
185087,2
2138037,0
1905621,0
1492626,0
2436541,0
2361002,0
1499910,0
639273,0
946572,0
1469150,0
645895,0
1160293,0
233125,0
2371948,1
1012575,0
2520694,0
151783,0
2375058,1
1945221,3
1216839,0
1459471,0
349740,0
891092,0
1143165,0
2010114,0
1595448,0
1690314,0
1660196,1
588344,4
2128386,0
1485714,2
2359260,0
566950,0
108239,0
46389,0
2096152,0
714327,0
274591,0
1421736,0
1663055,0
225899,0
1171675,0
1342962,0
682499,0
298854,0
2321416,3
2438741,0
1870259,0
2561976,0
259014,0
150285,0
1589034,0
175013,0
1675194,2
971057,0
1317386,0
2231320,0
411427,0
746971,0
1809137,3
1644734,2
779332,0
801513,2
915571,0
1426454,0
1519934,0
2402822,2
2643418,0
1525459,0
1638114,2
2554842,0
2457753,0
333562,1
1367149,0
1428871,2
2170383,1
999124,1
1816817,0
853517,0
1670677,0
1452236,0
1239679,0
2393773,0
2215040,0
1907148,2
2325737,4
2188363,1
2196916,0
2573688,0
2481776,2
1752619,2
1243223,0
1942150,2
468197,2
2413479,0
2324048,0
588430,0
1146044,1
1253193,3
1863644,0
1857720,0
2333721,0
1789450,2
577000,0
1443692,0
2254919,1
1716404,0
925611,3
1298573,0
136617,0
1017690,0
249239,1
2155172,0
954301,2
2646060,1
1864263,0
684326,0
1295280,1
1294234,1
1993648,0
93127,0
93524,1
505816,0
1473832,0
188288,0
2466269,0
716146,1
200280,0
153595,0
827895,0
1812918,1
1616810,0
2507129,4
66552,4
95038,0
1767247,0
899033,0
681249,0
1783376,0
2296276,0
1510598,0
174531,1
887963,3
983755,0
552185,0
1665270,3
431813,0
1022657,2
493098,0
2166450,0
140685,0
2157061,0
1891356,0
2271950,2
538574,1
361308,0
1542628,0
1643370,0
630130,0
2198080,0
591468,0
2382319,0
1204061,0
2342956,0
952078,0
2070646,0
1564739,0
1417851,2
2042528,0
2390205,0
1364283,0
290350,0
1128410,2
1096917,0
1851582,0
1928344,0
31462,2
1896563,0
1013975,0
1950792,0
827917,0
441737,1
1300556,1
1112770,2
149877,0
490021,0
275803,1
753518,0
1920714,1
2478342,0
2005525,0
638279,1
1504000,0
1468631,0
531698,0
1921809,0
1339377,0
1214955,0
1540779,2
2322370,0
1102824,0
2411226,0
477,0
715753,0
1418612,0
2622882,0
1306112,1
726079,2
1090844,1
1627982,0
2186372,0
673543,1
2331491,0
2557435,0
794292,1
1135078,0
1574022,0
1018786,0
2391082,0
258337,0
1134307,0
1913273,0
2217162,1
2565301,0
2250260,0
490549,0
90871,0
1190684,0
2080743,2
470361,0
2227822,0
1470918,0
2555220,0
1819416,0
422918,0
638156,0
2170287,0
782742,0
2209424,1
1322587,3
926926,0
884118,0
906696,0
1330662,3
2208760,1
844637,3
216290,0
1721046,0
922377,0
37242,0
79807,0
336579,0
1843005,4
2318421,1
129622,1
2622351,2
1413464,0
2635117,1
623937,0
272402,0
1718092,1
566705,0
1219144,1
1169635,0
2124539,1
1564968,1
315061,0
1899193,0
110493,1
1465346,1
2090837,0
2167071,0
470869,0
897423,1
2050546,0
2329289,1
1617513,0
1874384,0
2251835,2
2292810,0
1806238,2
1860246,1
1685708,0
1515161,0
173003,0
865920,1
499047,0
2562341,0
1773018,0
119077,0
58649,0
146028,0
674590,1
1714356,0
938485,0
495582,0
1753817,2
1306227,1
1715827,1
1379326,0
2122097,0
1989573,3
2398440,1
6177,0
949181,0
80356,0
854148,0
1091277,1
924135,1
332402,0
1448430,0
1395676,0
1118187,0
1680771,0
2033139,0
74402,1
49999,0
521330,0
56309,0
1475035,0
919887,0
1666103,0
1482486,0
1290581,0
1296207,2
1273222,0
1437916,0
460591,0
821819,0
1763109,0
1116585,1
1589301,0
2326211,3
113138,1
943026,0
797049,0
822042,0
1541127,0
1125052,0
2604430,0
1314173,0
2562102,0
179127,1
1303204,0
507963,0
1506913,1
1151752,1
2193177,0
1293409,0
907456,0
1805297,0
1019478,0
2125534,1
623838,2
1487546,1
2492645,0
1356376,0
1290175,0
663803,0
794434,1
734896,0
77896,0
1847806,0
1232538,2
2151531,0
1481636,0
2111933,1
968832,1
796122,2
1686061,0
1888241,0
2320734,0
425537,1
2361592,0
1756410,0
704223,2
756847,0
16855,0
1087452,0
1487381,0
971853,0
683714,0
2275508,0
719745,0
2088980,0
1314890,1
490904,0
464075,0
2631847,0
872496,0
1968888,0
813870,0
1626750,0
2161965,0
540028,0
1189890,0
664502,0
748734,0
13269,0
1249136,4
621728,0
1024097,0
1686621,0
278689,0
1634971,0
1220187,0
749727,0
1254993,0
2538442,0
1028986,0
2099021,0
2090758,0
1943479,0
912714,0
2508416,0
2020676,0
1657469,0
2335976,0
396658,0
2070090,0
526953,1
2159544,1
2097489,0
1897190,0
2612086,1
2510217,0
353268,0
1014298,1
209988,0
1327446,1
252915,0
1451735,1
140267,1
992228,3
206393,1
2242547,0
1873493,0
1104586,0
2190193,0
1191940,3
2582004,2
1295856,0
2104474,0
2519310,3
1565319,3
1380078,0
2090216,0
909354,0
1618539,0
2069906,0
873795,0
204666,3
135545,0
1956269,2
1977685,0
1824854,0
2415066,0
2327305,0
1124538,0
2239213,4
633391,1
1083496,1
2037872,1
374475,0
1752988,1
433891,0
402017,2
2191509,0
129375,0
1287484,0
440294,0
349501,0
1487867,0
551642,0
2126864,0
1735935,0
1921154,0
26733,0
699791,0
1257154,0
1756722,3
2081824,0
1816893,0
414293,1
1670290,0
1624952,0
554761,0
188254,2
992680,0
2141379,1
30751,0
554395,0
705037,0
1230199,0
358267,0
1428378,0
1410269,1
1761324,4
1204108,0
2158266,1
293640,0
1102094,0
1844669,1
2080883,0
1598990,0
1268760,2
386336,0
1589010,0
872887,0
2018421,1
2016295,0
2072473,0
2056875,3
1785629,0
1143264,0
1346100,0
2531716,0
1048850,0
668632,0
371008,2
489923,0
1626829,2
1746173,1
1765381,1
372140,0
816435,2
968602,3
1714096,0
1373223,0
42570,0
2373178,1
2365398,0
1924732,0
434235,1
2144766,1
1881996,0
1749425,0
993446,0
2292140,3
2126421,0
1550619,0
1707687,2
2404943,0
360737,0
1574156,0
1926091,1
2559471,2
2639863,1
2292257,2
1436024,1
976914,1
1572848,0
829299,0
1308744,0
832460,0
1916537,0
1061016,0
2048340,1
1920397,1
2528914,2
1220568,0
862950,0
895433,0
528951,0
1987010,1
1395688,2
1704249,0
1862941,1
1275842,0
2176677,0
2343076,1
1169727,0
563024,0
1506918,0
1821272,1
1402635,0
1995638,1
1152303,0
1213124,1
2004818,2
1539419,0
442070,1
1386157,0
1688193,2
855645,0
1337461,0
2504372,0
2475919,0
1004682,0
1159626,0
2435266,0
349753,0
2273358,0
1030697,0
453546,0
1360360,0
2322742,2
1361184,0
2394073,0
2329026,4
2032832,1
889674,0
844764,0
1961456,2
2335617,0
1007084,0
2284082,0
162925,1
890452,0
2540969,0
1025279,0
2212726,0
2648119,0
562361,0
95189,0
2192511,0
1509285,0
1801719,0
162201,0
102255,0
214473,1
398679,0
2318882,0
512633,2
105000,1
976520,0
2473795,1
829702,0
1599770,0
1066646,0
480209,0
2287196,0
2638245,0
869468,1
1919141,0
989768,1
1885311,0
1625448,0
882071,0
2517804,0
103019,0
2232215,0
104432,4
684217,0
703234,0
2340999,0
1072881,0
1052546,0
850308,0
68560,0
790508,0
892669,1
92540,0
649362,0
1694552,0
2477173,0
651895,0
1378059,0
84477,0
2156368,2
673541,0
2007115,0
1744432,0
1449813,0
445691,0
172875,1
716353,1
1670435,0
909049,0
630039,0
1207723,0
1747371,0
1537581,0
2058029,0
1376165,1
892887,1
551429,0
1368024,1
569865,0
1359770,4
1748307,1
1124376,0
2236080,0
122805,0
1798845,0
621640,0
1410702,0
2315658,0
1877070,0
2427123,0
430188,0
470613,0
906768,1
1820219,0
898719,0
1760811,0
1767265,2
2011590,0
660885,0
356975,2
2166648,0
1744891,0
506904,1
2269885,2
2091005,0
2287412,0
2308331,1
752723,0
2315196,0
677162,0
718717,1
2137309,0
1728270,0
1943498,0
1360217,0
2221362,3
322291,0
130875,1
65249,0
98535,0
1068266,3
1672045,0
506632,0
2349143,0
729654,0
58802,3
2056068,0
499894,0
1609066,0
1059294,0
2275672,0
29706,2
996881,0
6315,0
643544,1
2165484,1
2491266,0
2227563,0
1675407,2
1716656,0
487790,0
2057520,1
668386,0
60531,0
219590,1
495387,0
489485,1
827300,0
1819860,0
1225419,0
2160353,0
1553301,0
409104,3
759495,0
1772742,0
1408376,0
2114987,0
1018031,2
1466473,0
1027262,0
243029,0
1702297,0
729279,0
2420296,0
1550207,0
1722392,0
2638967,1
941087,0
953604,4
2496708,0
1835357,3
1070187,0
1618540,0
758834,0
1012716,0
2065676,1
2270194,0
753367,0
1829704,2
270365,0
1439911,0
1659955,0
753283,1
579483,4
524812,0
1836594,0
415762,2
312741,0
1919542,0
2533563,0
117758,3
628395,0
1720366,0
1273309,0
866277,1
2280153,0
2238561,0
1076756,1
1548065,1
24438,3
302653,0
1009027,0
797924,0
1400108,2
2304924,3
1953609,1
691878,2
2130099,0
720032,0
1739440,4
2561864,0
130818,1
2535323,0
2228525,0
2024701,0
2187598,0
1849194,0
192889,2
965756,0
1202106,0
604081,0
2203021,0
1411979,0
225691,0
1834642,0
2334219,0
2180528,0
835724,0
2080822,1
1863095,0
650549,0
1739156,2
1333624,1
1424815,1
1445588,0
44863,0
1462398,0
1927082,0
1214306,0
2270309,0
2090999,0
1732585,0
607220,1
2613524,2
1633749,0
2416656,0
1617647,1
523110,0
2446481,0
659976,0
2447195,1
700126,1
1413358,3
1875299,2
2133749,0
181364,0
189915,0
1737088,0
1100527,0
485279,0
692977,0
1794933,4
508627,0
1804561,0
763170,0
2624306,0
1498236,2
2391053,0
1059961,0
1360936,1
1497679,0
1665958,0
710279,0
44937,2
623809,0
308412,2
185851,0
1344033,0
321868,1
1444857,0
974242,1
1144832,0
805029,0
1951970,0
1855544,1
155932,2
115175,0
2059457,0
2051557,0
857668,0
2483288,0
1004681,0
493082,3
1407742,0
1786918,0
999638,0
796535,0
442118,2
610852,0
265824,0
1369931,0
51869,0
1651932,0
176072,0
1785760,0
1267245,0
1239545,0
430177,0
1056078,1
2284540,2
82950,0
723135,4
976507,0
758610,2
742473,0
2165625,1
580316,1
1738133,1
1930548,0
1724374,0
818766,0
886570,0
364562,0
842801,0
1928849,0
694987,0
1137469,0
1692674,4
1378562,1
465856,0
1542441,1
1863587,0
2019084,1
1721745,0
1456008,0
1342908,0
993838,0
17325,0
1056266,0
1974869,0
476183,0
422234,0
531541,0
2132385,1
888760,0
223140,0
2169295,0
1388228,2
847780,2
1881276,1
747559,1
1412308,1
860549,0
386933,0
1874263,0
705534,3
1239666,0
339183,1
1956207,0
2465943,0
1128027,1
1280711,0
2496875,0
834793,0
206685,0
1689718,0
1769985,1
822825,0
1709755,0
1197524,0
2152576,1
1169319,0
102247,0
924511,0
1511802,0
909570,0
1939141,0
2198679,0
1898957,0
2277952,0
471672,1
1301236,0
1811842,2
966426,1
2158325,0
69538,0
2322377,0
1581564,0
1564271,1
2266296,0
670188,0
1287074,1
1851410,0
246200,4
543560,1
710915,0
139944,0
2614880,1
1477055,0
129367,0
1123349,0
1321396,4
80899,0
1044608,0
1601496,0
2580275,0
2219406,0
318834,0
1583664,1
2032449,0
517851,0
610766,0
2124653,0
630276,0
2614556,0
2030511,0
800683,0
5980,4
294444,0
1166527,0
101793,0
2067068,0
2095812,3
2486599,2
476887,0
1233879,0
478423,0
792112,0
890498,0
548256,2
1073987,2
490145,0
1756740,0
1992363,1
1789290,0
2549475,0
750438,0
142078,1
268421,0
1386737,2
2165737,0
2508906,1
2310459,1
1447585,0
1822437,1
2586233,1
1402467,0
2425123,0
1517936,1
284056,0
864303,0
1249686,3
2344419,1
687597,0
2538432,0
2516486,1
526960,1
562002,0
1333726,0
1041536,2
92143,0
1248442,0
2202772,0
2039175,0
1152581,0
717693,0
1122200,0
502050,1
831009,0
850288,0
893712,0
1533,0
2634474,2
1090155,1
1279511,0
286966,0
2284436,1
601974,0
1847295,0
2064128,2
2132069,0
2395996,0
1718914,0
2317874,0
600424,1
2165461,1
604404,2
706143,0
2206008,0
1554906,1
900685,2
1137400,3
728740,0
225876,1
2444615,0
2337940,0
2403240,0
92234,0
2112383,2
1171244,1
1097115,1
1476886,0
2281101,0
158143,1
1593635,0
1942005,1
2023653,0
953658,1
2526750,0
1431196,0
969003,0
1622277,2
204969,0
1581788,0
636812,0
833176,0
1272856,0
2531507,1
1498961,0
1154038,0
872340,0
76184,1
1503868,0
307910,0
937507,0
1646491,0
496571,0
2509106,0
74906,0
827445,0
483917,0
1246729,0
1202191,3
799122,0
1034537,0
2533803,0
2437493,1
112839,0
1632784,0
2623660,0
798707,2
2096738,0
2629721,0
434796,2
913510,1
38859,2
2012679,0
1470995,0
842458,0
1381350,1
1976444,1
2208125,2
2016903,0
1212910,0
1302880,0
1974891,0
1388809,0
2336400,0
742142,1
457692,0
1408570,1
1068063,0
2576929,0
2081711,0
130024,0
318700,0
1303498,0
402609,1
1080272,0
441361,0
1200710,1
189108,0
9424,1
2448705,0
1470766,0
6663,0
2331185,0
133026,2
2621405,0
656896,0
2251733,0
1811566,1
2264677,2
523657,0
617031,2
2039125,0
1098639,3
1841576,0
2130443,3
1014939,2
404156,1
1453623,0
1762521,0
2053714,0
1053466,1
1004508,0
1309403,1
630462,2
858554,0
1086968,0
1357365,0
870674,2
2066276,0
1068771,0
1532635,2
1742507,0
1779519,0
1001926,4
2179686,1
2235411,1
1515751,0
792808,1
1319320,1
2249456,0
1070072,0
1528801,1
2613297,0
1385267,1
1195210,0
1324832,1
1026933,2
531734,0
2490806,0
1175935,0
434038,0
545664,1
146985,0
276221,0
463240,2
594555,0
740176,0
1210935,4
1631009,0
1915968,0
130279,0
1463822,0
2567002,0
2191700,0
1855766,0
1804698,1
2434546,0
1569773,0
2161508,0
535337,1
218872,0
108984,0
935821,0
2146271,0
2495202,0
600416,2
1840194,1
2597125,0
566701,0
2214050,0
715098,1
839123,1
2614612,0
1652808,0
588383,0
463833,0
875109,0
2550431,4
2437479,0
1868998,2
1968875,0
533632,1
1649820,0
751895,0
709168,0
333776,0
640465,0
992253,0
771716,0
2290711,0
2420186,1
1776122,0
2115962,1
1648147,0
2582726,1
418172,0
2041725,0
125128,0
638068,0
638525,1
384742,1
1836216,2
1402327,0
2297647,0
2063905,1
2116941,0
1049615,0
120427,0
2263535,1
1710691,0
2075459,0
1940735,1
2102451,0
2620148,0
511234,2
1786788,0
1007750,0
548868,2
2271141,0
2376367,3
278096,0
269474,3
1636337,3
2127461,1
167392,0
1564520,0
62871,0
229952,1
2522733,1
523445,0
2439352,0
1128484,1
759030,0
2308308,0
524110,2
1260240,0
1217704,1
933755,1
2299278,0
1555258,1
2291163,0
1507451,0
18376,1
685310,1
682866,0
828672,3
667513,0
2249361,0
658137,1
2177750,0
118343,0
1348187,0
282417,0
1155253,0
403515,0
1000512,0
2367545,0
2440510,2
1084008,0
1247877,3
326969,0
689684,0
1658225,0
612243,1
194512,2
237791,1
1159265,0
2559498,0
1800443,0
506542,0
1523616,0
768936,0
1611284,0
2532803,0
2470762,0
270694,3
266364,0
34710,0
996762,0
108950,0
163970,0
71198,0
1077726,1
1448116,1
1736346,0
1860053,0
746111,0
1026448,0
542969,0
1875993,0
525021,0
470500,2
1907228,0
2458442,0
1938233,0
649692,2
2505756,0
1800902,0
471303,1
693410,1
2608919,0
2588445,0
470977,2
767862,0
1225947,4
1270630,0
381958,0
2617239,0
337207,0
718112,0
646196,0
61194,0
1581822,1
1971183,1
117802,0
1326195,2
1159665,0
22910,0
1676221,0
955504,0
52000,4
1220431,3
2076954,1
867005,1
821315,4
1775437,1
946714,1
220512,4
2261486,0
2497526,0
1600444,0
1538872,1
24436,1
1301993,1
2342430,0
1107762,0
301501,2
209551,0
1518278,0
311994,2
2548988,0
864618,2
1164759,0
1092184,0
1365009,0
995674,0
791266,1
1739041,1
1594841,0
2202039,0
2150689,2
804100,1
1140054,0
1679050,0
182888,0
1438407,0
2395122,2
284176,0
12631,0
1990552,0
616527,0
126913,0
1813263,0
722126,0
1253046,0
2083329,2
793877,0
993299,1
344584,0
391777,1
2257441,3
216589,0
439251,0
1525869,0
569694,1
1742103,3
170758,2
640427,0
2159883,0
1791533,1
1027992,0
849978,0
1601267,0
2618135,1
1989409,0
555941,0
1317335,1
1606261,1
1083665,0
38468,0
98579,0
68946,0
1133763,4
1644712,0
1688484,0
2484725,1
1955660,0
1570151,0
2207798,2
1724599,1
785521,0
312783,0
309657,3
2029236,2
2095207,0
1635209,0
860520,2
299857,3
1496148,0
1908579,0
366978,0
2525921,0
559092,0
2095209,0
886602,1
320082,0
1356270,1
1791981,0
735097,2
2246266,1
2575590,2
1270723,1
1417314,1
576805,0
1897659,0
1071084,1
340216,0
1582769,2
1148253,0
1896304,0
1690832,0
822391,1
1969907,0
780871,1
1696636,0
2263343,0
1591427,0
164739,1
31997,0
2082942,1
857076,2
2505332,0
1625620,0
504834,0
1082084,0
1266360,0
344121,0
5004,0
91406,0
1112576,0
867788,1
1036299,1
2399791,1
125206,0
1669062,3
2255578,2
1821408,0
523989,0
2465221,0
934923,0
1868343,0
2349395,0
1671085,1
1274602,1
595700,1
1152440,1
1468660,0
1387470,0
1208571,2
955809,0
376429,3
1997609,0
1333686,1
1104130,0
1222320,2
782776,4
155337,1
191926,0
1798417,0
2095686,0
372315,3
692760,1
1103938,0
1101752,0
2533256,0
1752355,0
923936,0
1549767,0
2489741,0
1502916,0
1319885,0
2337730,0
1257213,0
2031852,0
1827952,0
532486,0
318174,0
1506293,0
15170,0
1574397,0
654518,0
1851429,2
2228520,0
883348,0
1478364,0
1374216,3
670831,2
2396007,0
564811,0
553931,1
2458973,0
308753,0
841211,0
1242327,2
339939,0
400462,3
674866,1
1527474,0
2362591,1
1202267,0
1718235,1
698249,0
2446827,0
2590072,1
23047,3
586659,1
375152,0
851012,0
2509495,0
778438,0
369109,0
1451179,0
1612257,0
1149588,1
772923,1
224713,0
2181521,0
790828,0
1245018,3
2605408,0
2092409,0
1456916,0
1384348,0
169458,0
1157563,0
1572660,0
2093905,0
1054467,0
681117,0
1558914,0
928853,0
627688,0
1074230,0
2365986,0
1679397,1
756793,1
352590,2
1226652,0
2534919,0
1779410,1
2235156,1
2634092,1
1552475,0
2111799,1
1740412,0
427334,0
2448382,0
2490308,0
1370315,0
1482775,0
421862,0
615537,0
1597879,0
773574,0
1895311,2
2609870,0
897208,0
2574944,0
2563260,0
2201701,0
2115046,0
123707,3
381524,0
1238312,0
2564111,3
1921153,0
44772,0
78475,1
77225,0
774342,0
69368,1
711703,0
343139,1
2372344,0
2063699,1
2344128,0
149575,1
2437632,0
323205,0
1600023,0
1048518,1
1268349,1
1387039,0
514262,1
361291,0
2048308,0
1127024,0
1292426,2
1966674,0
78373,0
667684,1
2371144,2
1980906,0
2523318,1
210306,1
1078216,0
2562662,0
483107,0
1535298,0
456518,0
678155,3
1592434,3
229833,1
245226,0
254168,0
1826445,0
1293631,1
2088591,0
549105,0
1525070,2
867654,0
746466,0
2136523,3
1749598,0
1431851,0
1887043,3
2070300,0
1525858,0
743092,0
980213,0
1865481,0
1469128,2
2167934,1
142161,0
2271587,0
824303,0
1197256,0
1012318,2
947391,0
2508518,1
1580134,0
1592958,4
1244043,0
781675,0
1160647,0
2420298,2
1062103,0
2023067,1
57543,0
1107448,3
2532304,0
2138296,1
1165172,0
1920225,1
2442071,0
2016006,0
1313003,0
380629,1
952388,3
2580952,0
1395497,2
616197,0
1309302,0
2162228,1
1361428,0
1516936,2
1037713,3
2277405,1
2569071,4
2275038,0
23348,1
643312,0
684761,0
561210,2
732147,1
2419135,0
2415470,0
1924968,2
1247469,0
790758,0
2584093,0
2470844,0
262377,0
2387767,0
1743149,0
2503546,4
1859272,0
549525,0
2589899,0
1320864,0
1268783,0
209573,0
1776592,0
50253,1
553682,0
728074,4
1428520,0
1020584,1
1130790,0
1068245,0
2120743,0
2592337,0
1933923,0
1917337,2
405150,0
126421,2
471023,1
1438285,2
1518446,2
1717742,1
2147779,1
1891929,0
181496,0
863546,0
855371,0
119923,0
2041106,0
642935,0
1764766,1
1234072,1
190051,1
1426173,0
865660,0
1157706,0
1880468,0
2035735,0
1246165,0
2066745,0
2290691,0
647747,0
160534,0
1519081,0
1269977,0
1196867,0
1865963,2
1989027,1
379104,1
899674,0
1759392,0
590225,0
1947221,0
492111,1
2064189,0
1448376,3
2424822,0
383938,0
1518081,0
80055,3
2634624,0
1503884,0
584427,0
1330,0
2372398,0
2408062,0
828817,0
1390859,1
1159415,2
2416293,1
2016590,0
462693,0
51464,0
1771216,0
1051922,3
698472,0
2182670,0
1360696,0
280845,0
1879167,1
2548025,0
2191240,0
595747,0
1327592,0
2216058,0
2086075,0
1232144,3
284823,0
816237,2
1717236,0
2564112,1
1287727,4
2388393,0
812465,1
1863866,1
1562864,0
1079697,0
687215,1
221408,0
383702,2
2173400,0
1287939,4
1712181,0
200189,0
1899378,0
171471,0
178013,0
2071630,0
2281042,0
2339050,0
730869,0
658284,0
657927,0
1430078,1
1111811,0
1018498,0
829528,3
310149,0
702457,0
20199,0
2604252,0
2520536,0
592134,2
2515404,0
243854,0
2274775,0
798,0
864203,0
570184,0
688051,2
337994,2
75926,0
2481529,0
703318,0
2189626,0
824181,0
2497410,0
1818538,0
1775894,1
1009779,1
1228589,0
1994337,0
1585758,1
2280252,0
1803385,0
1195511,0
1474490,0
423909,3
2568336,0
1438109,0
1951977,0
175315,0
1967541,0
663808,1
1479543,0
2415060,0
218273,0
353778,0
1604142,0
828045,4
2289095,0
2561682,3
1140990,0
1608691,1
1017753,0
731889,0
563409,0
1655940,0
2267371,1
2119964,0
161877,0
2314325,0
581662,0
1517901,0
1058309,0
1342135,0
18666,1
1067601,1
417571,1
1770232,0
1620363,1
54813,2
1968862,1
1615014,1
105410,0
1967866,1
103811,2
708504,0
2531429,1
2012077,0
700503,1
1938667,0
1284692,0
767666,2
134877,0
1450484,4
500553,0
2528072,0
536113,0
2136083,2
2541388,1
488091,2
1578207,0
2083077,0
1346326,1
203495,0
458457,1
1254561,2
1965391,0
1561951,0
458230,0
747044,0
1411048,1
2646860,0
745176,1
2487102,0
135213,0
783280,0
689866,0
144934,2
1720068,2
1856054,0
2608673,0
276678,2
978889,0
2404322,0
359236,0
2560039,0
2396982,0
2085421,3
1483008,0
1618288,1
1642271,0
1763479,0
1987297,0
2000925,0
1193196,0
737905,2
179636,0
31420,0
2470136,0
151136,2
43188,0
1000559,1
2334416,2
2203651,0
88909,2
162757,0
2016667,2
1213998,0
2571625,0
549962,0
686102,0
688372,0
1380597,1
724992,2
1926905,0
2428896,1
236642,2
2645337,1
724896,0
642583,0
1742441,0
785153,0
1036836,2
2442223,1
487856,1
1873327,0
622539,0
1253048,0
2118932,1
828259,0
1661731,0
2418199,0
670912,0
320652,2
926859,2
2568440,0
2028085,0
787209,0
2189855,1
61182,0
2122210,0
1317773,0
2479385,0
1623996,0
983674,3
1526011,0
1204739,0
2197519,0
1225003,2
1347777,1
310354,0
1167243,1
2475903,0
782972,0
239105,0
429604,0
17665,0
355121,1
963178,0
573769,0
1919057,0
1472099,0
341547,0
1743478,1
1215656,0
499895,0
1666510,0
1207709,0
492235,0
738379,3
537338,0
1698690,0
2436742,2
1386235,0
2028451,0
2069638,0
621895,0
2532407,4
1527361,0
392627,0
1716139,0
1549941,0
1970227,0
812378,0
2002655,0
39939,0
723466,0
2276374,0
973703,1
825676,0
153068,1
630441,0
2239796,0
2058400,0
170051,2
1620740,0
439255,0
2008233,0
752211,0
2314610,0
1544947,1
1313592,0
1407495,0
2517840,0
2360827,0
2023244,3
857327,0
1211556,0
1345922,0
1085043,0
1001353,0
363772,1
2060180,0
2416706,0
837230,0
261764,0
301337,0
2320617,0
1508365,0
2003612,0
547691,0
1999169,2
2238386,0
1623925,0
223511,0
1792473,0
2136298,0
539511,0
1488927,0
1914711,3
1015529,3
782285,0
1971798,0
1319554,0
2481141,0
240882,0
1484512,0
1658534,0
605983,0
1675069,0
663193,1
1254165,0
2322684,0
2205703,0
1844205,0
908260,0
1389070,1
2426915,2
990043,0
439318,0
2138510,0
296024,0
2093957,1
1888884,0
1925561,0
528021,0
626602,0
2391973,0
2056385,0
311209,1
1067046,0
2360999,0
2323769,1
1596667,0
449212,0
2621293,0
344345,0
2242180,0
643641,0
511790,0
1485835,2
1172758,0
1371044,0
757420,0
2465313,0
92453,1
2568764,0
79922,0
26049,0
2492770,0
2051116,0
2409499,2
530143,1
1498974,0
1332847,0
855146,0
2177173,0
2532366,0
2034416,0
1057941,0
1756878,1
1244314,1
2258149,1
1418722,0
1414947,0
1075179,1
2316403,0
1772185,0
1083033,0
1912834,0
218543,1
1356903,0
668946,1
1476613,3
1920610,0
359559,0
850652,1
1143595,0
1733329,0
575026,0
1953202,2
228919,0
1192603,1
2400234,2
2624088,0
812892,0
185468,1
107986,1
2063016,0
270600,3
253991,0
1450008,1
2341640,1
1070409,0
645237,1
2098959,2
1298142,0
1057021,3
291920,0
1635217,0
1830653,0
140157,0
417410,0
622945,1
161533,2
2092301,2
380992,0
1555850,0
420531,0
1534359,0
1545441,3
2014331,0
1229091,0
2437426,0
2238839,0
2360080,0
2110295,0
839476,1
373456,0
2258841,2
547902,0
554041,0
1041792,0
1637718,0
1722887,0
682857,1
2602006,3
2579677,2
55339,2
2364975,1
1657872,0
2347592,0
2541452,0
400880,1
2266645,0
1908980,1
718554,0
2593109,0
198054,0
439521,1
2616705,0
1784648,2
908105,0
419424,0
2065741,1
613250,0
2620151,0
1460569,1
2258002,1
1496187,1
1755885,0
492575,0
1677552,0
681702,0
1219441,0
1728535,2
498902,1
2500254,0
1221990,0
1251170,1
1576026,0
1538053,0
601859,0
349817,0
400744,0
1917725,1
1465888,0
2028381,2
2230632,0
793395,0
1035583,0
670926,2
1337383,1
1903337,0
1601366,0
604744,2
1429994,0
1234593,0
196541,1
2143946,0
359054,0
2058076,0
2434640,0
1787994,2
1708551,1
2630478,2
2640976,0
524897,0
1937044,1
88709,0
964228,0
2484412,0
533771,0
1200889,0
1393321,0
1027090,0
12207,1
745651,0
763287,2
671459,1
418675,2
1218377,3
2114644,0
545781,0
2054652,0
1381955,1
1287458,2
2174723,1
2009820,1
584517,2
961971,0
2458458,1
75442,0
376031,0
724480,0
2073532,0
2176763,1
1811129,0
1013997,0
2051389,0
2530928,0
1755823,1
973625,0
926906,1
1100112,0
1596596,1
137907,0
2125721,0
1914188,0
1371690,0
204588,0
1159594,0
1277908,0
1003874,2
1698402,0
818475,0
1559150,0
895587,2
110734,1
970893,0
1110261,4
1196022,2
225765,1
999159,0
100500,0
2398212,2
2135302,0
1581453,0
437389,1
1949862,1
649547,0
520814,0
1065695,0
2629352,2
1181089,2
335465,0
537455,0
1585093,0
1578576,0
778465,1
194693,0
341363,1
2511644,4
968447,1
85165,0
938496,0
1745144,0
1501983,0
1973472,0
1630194,0
1886847,0
1098634,0
2602563,0
1420005,0
857686,0
383609,0
2491817,1
643967,0
2184048,1
370285,0
952853,1
758424,0
107609,0
1410948,0
997813,0
938693,0
2406201,0
916704,2
2505919,0
1356498,0
458948,0
100511,1
740917,0
2366524,2
365079,0
1877019,0
1028027,0
2404203,1
1135679,2
1891149,2
1945397,0
343789,0
1037442,0
2456423,0
1579438,1
2232246,0
1286411,0
1699499,0
1987359,1
1041009,0
2298339,1
412916,0
1254804,1
1546582,0
1762072,0
586404,0
125392,3
1901176,1
673036,0
2641559,3
425786,0
2615449,0
1685381,0
2250382,0
2294384,0
1322839,3
2112480,0
795917,0
875711,0
479035,3
1336377,0
2260135,0
648871,0
1479695,0
2186649,0
2115030,0
1678397,0
692085,0
2496042,2
488551,3
734177,0
2140874,0
1704332,1
910173,0
1498510,0
1459584,0
500829,1
1959845,1
1690900,0
1083336,1
2549282,1
1283709,1
679843,0
1470697,3
1296957,1
1766964,0
2344613,0
279696,0
15385,1
2399264,0
1656709,0
2619945,0
2423796,1
2050477,0
1118228,1
888053,2
457643,0
3300,0
1990179,0
794237,1
1164580,0
388174,0
254617,1
2369665,0
402453,0
1745449,0
1421686,1
1084609,0
2300232,0
121333,2
1841494,0
57977,1
1892434,0
683159,0
950677,2
2007628,0
2126327,0
966346,0
1996949,0
998702,0
512284,1
2518423,0
124784,0
1711679,0
2374610,1
1677862,3
1022288,1
180243,0
1090249,1
1192929,0
1208607,0
995559,0
396418,0
2412851,1
931797,1
692577,0
939960,0
2537796,0
290740,1
2517824,0
6401,1
1343260,0
659638,2
963313,0
2108582,0
2162539,4
2375683,2
2531573,0
2143313,0
679222,2
818526,1
2536517,1
1003913,0
1143216,1
229472,0
897901,0
1561185,0
2304851,2
1428050,0
1530288,2
2082395,0
486798,3
2344901,4
2237432,0
1440291,3
161063,3
2425159,0
59270,1
612080,0
1091358,0
1354869,0
2395674,0
2096081,0
1553423,0
2298914,2
1935593,0
384104,0
2267104,1
1499377,0
2357707,0
368937,0
1363860,1
1859039,0
2527564,0
327947,1
1626105,0
1192298,3
30496,0
1050805,0
1371801,1
542598,2
458039,0
2245954,0
1743749,0
776931,0
1879826,0
1793483,0
1653519,0
1868176,1
1681021,0
1547917,0
813040,0
487776,0
1409787,0
1907278,4
2424168,1
849500,1
1093821,2
2159248,0
535436,1
2338627,0
1327480,3
851698,1
1945374,1
1282487,0
1701580,0
1031500,0
620556,0
2133077,0
860589,2
1530377,1
1764022,0
2371114,2
1941371,0
2067355,2
1694338,1
668882,0
903669,0
1627485,0
11215,0
835265,2
2511091,0
815669,0
1167442,0
1156354,0
271099,1
1677647,0
1819296,0
346984,0
1810896,2
1774642,3
597192,3
1244242,0
600245,1
2645712,1
3788,1
1523426,3
1945878,2
296660,0
788934,0
1373912,0
1333158,2
1725903,0
296937,0
1834881,1
2288744,0
1240206,0
1858122,0
1914112,0
164912,0
889487,0
246302,0
1592208,0
837251,0
70125,3
2302601,0
1451106,0
1659052,0
2099418,0
1329275,0
721960,0
50066,0
1145912,0
286773,0
153237,2
742507,0
505218,0
2593783,1
542408,1
1032704,0
928643,0
187293,0
2011464,0
1664821,0
1130999,1
408964,0
1546917,0
1893503,0
392050,0
2634074,3
1601972,0
866057,0
425571,0
1446297,0
1015048,1
344250,0
2521403,0
2528563,0
2002578,1
1173969,0
2380068,1
649331,0
1204571,0
1121106,0
1984352,0
522576,0
589664,0
182984,0
647870,0
269399,1
2568222,2
1110744,0
917886,0
1852870,0
1526803,0
1555531,3
2559334,1
2475945,0
1862656,0
1562502,2
648115,0
1761676,1
1723484,1
1881690,0
991813,0
720405,0
2258090,3
1723056,0
9204,0
1580673,3
14829,0
2028811,0
514520,2
298263,1
200289,0
728413,0
1206403,0
198752,0
1441566,0
2267567,0
2614953,3
1128547,0
2293340,0
266801,1
1855029,0
1309638,0
1955740,0
398054,0
890925,0
551362,0
2267187,2
2588686,4
834273,0
1843370,0
2061026,0
1912463,0
1412773,0
1367265,0
2026731,0
188964,0
1842201,1
2305671,1
934685,2
2960,1
281959,0
677821,1
1957786,2
981849,0
2395401,0
1442915,0
688300,0
357340,0
102020,0
502526,0
1622292,0
2276456,1
782724,0
947574,4
746310,0
1051845,0
1448459,0
816452,0
837413,0
1570329,2
2340313,0
343415,0
1416368,0
1415858,0
1315249,3
2366229,2
1155129,0
1585686,0
1590598,0
1394934,1
2317889,0
1939081,0
208881,1
1482579,0
516672,0
11138,0
665109,1
772825,3
1241661,0
1474350,0
2004615,0
2319025,1
2400911,3
930441,0
1232997,0
1054289,0
1076970,2
2347565,2
2557142,0
2075608,0
2635865,0
1835295,2
2325871,4
1892671,2
103443,0
510792,2
2356408,0
1216672,0
994949,0
776673,2
342902,1
906039,0
1533440,1
1628028,0
1430230,3
1993089,0
1278721,0
1180994,1
2613257,0
1340025,0
706865,0
1676401,0
982580,0
1326839,0
235487,1
2435591,0
954231,0
66585,0
742035,0
343216,0
498569,0
1582441,0
2042727,1
1436299,0
1839311,0
402510,0
2567335,0
814612,0
2175099,1
2389191,1
2614684,0
1286325,0
1088562,0
1947652,0
226434,2
838671,0
912687,0
735881,0
2540864,0
1256176,0
615770,1
1058234,0
120346,0
145733,0
1657563,0
1352307,2
2119952,0
1906516,0
2530108,2
645951,3
589636,0
2451144,0
1527472,0
618222,1
1974975,0
1363965,0
1674181,0
971558,0
1042991,0
1507782,1
551465,1
1044095,0
1523435,0
830883,2
1248505,0
1052440,1
732563,0
376023,1
122431,1
1588031,1
655111,3
2033312,0
2605725,0
2486844,0
1492872,0
1343332,2
459878,0
1664585,0
2342854,0
775314,0
170362,0
1143578,0
1202360,0
891096,0
1740185,0
611325,0
1076037,0
1567034,0
2594075,0
1625329,0
2603381,0
1326288,1
134680,0
542813,0
459816,0
2187827,0
1368086,2
1036776,1
1933745,3
713470,0
1827691,0
1905658,1
2217533,3
1616541,1
1216083,0
2226619,0
2318950,0
375585,1
2416451,0
2206853,0
2338361,0
2242912,0
2318635,0
497789,1
412682,1
2212448,0
1942026,1
474582,1
1884510,1
2135476,0
1502020,0
318345,0
183855,1
1936501,3
1689398,0
1355015,0
2286006,0
1473641,4
1707078,0
898733,0
1783909,0
1618396,1
1844187,0
29402,0
967731,0
2242386,0
2344305,0
1428123,0
1467566,0
1949914,0
550289,0
231874,0
1024852,0
2074746,0
428059,0
2138244,0
2279798,0
2160231,1
200326,3
661407,2
85309,0
2041130,0
2461642,0
170967,0
2177603,1
1847624,0
1757056,2
597639,0
2005761,0
1535955,0
681095,0
74764,1
119942,1
232286,1
1280094,0
27264,0
1582266,0
1176988,3
439537,0
731817,0
2639096,1
2424717,0
1067877,0
2559017,0
866371,1
397283,0
65181,0
933356,0
1301231,0
250261,1
2469480,1
1845522,0
915949,0
1954605,0
1919689,0
1424745,0
1690506,0
2563768,1
2376801,3
1933724,0
188434,0
43653,0
2230266,0
901733,1
1256151,0
2360013,0
2361303,0
1823969,0
2385034,1
1420108,0
1515200,0
139122,0
1212136,0
48947,0
1892529,3
271055,0
203752,0
2364107,0
2436744,4
1182931,0
2338119,0
132734,0
328642,3
894020,0
1044203,0
757907,0
146682,0
806406,1
438404,0
541293,0
2080059,0
2586906,1
2387225,0
2502173,0
2076210,0
2389098,0
719192,0
1826686,1
1939032,0
1670833,0
608309,1
1675766,0
1680626,0
869238,0
1020476,1
893543,0
587471,1
1097058,1
489333,0
1159442,0
698059,0
927610,0
2587616,1
1810347,0
58417,0
1264029,0
2076779,0
2555219,0
2056367,0
1956880,0
586060,2
675795,0
2628777,0
536051,0
649597,0
965528,1
289214,0
572098,0
228464,1
1816103,0
2157725,0
1305413,0
2252410,0
1545944,1
2628210,0
639991,0
608896,0
877457,2
243612,3
612225,0
1179872,1
1158559,4
1441622,0
2388300,0
924870,0
972214,0
1723301,0
1724291,1
1984022,0
850790,0
715874,0
1426688,0
522013,0
1596326,0
401589,0
1373009,0
391240,0
2261406,0
105647,0
738776,2
1599367,0
1334551,0
2626675,4
336630,1
146321,0
2130480,2
696170,0
1345808,0
449538,0
509913,0
1015954,0
1845071,2
2464102,2
254252,0
1863844,2
627935,1
1933598,0
1481424,0
1242284,0
2360906,4
1980583,0
1973537,0
153629,0
1139340,0
702287,0
439675,0
1655083,0
825554,0
319037,0
2325519,0
2519830,0
2412758,0
2100752,0
116820,0
223562,2
946652,1
2406275,0
1613705,0
578248,2
567573,0
909944,1
654599,0
893389,1
1830660,1
2185811,0
1335797,0
2269854,0
839593,0
231738,1
378636,1
852423,1
2165469,2
2403072,1
1935054,0
981974,0
1282763,0
2526309,2
1243018,0
158043,0
1898924,2
1843962,0
1251910,1
1140267,0
1114801,4
1178145,0
1842355,0
432130,4
2124005,0
1531291,0
680811,0
2648745,1
2338256,0
410060,0
793001,1
420866,0
1406428,0
292679,1
1732840,2
1108317,0
2012487,0
621463,0
819383,0
1828571,2
757650,0
337023,0
1097454,0
2242704,3
1604543,1
2496979,0
597878,1
1168064,0
257107,0
836006,0
1155978,0
474824,0
1245318,0
738014,0
1010396,0
2324471,0
1467738,1
2581722,0
1480186,0
1413791,0
893392,2
251144,0
1987656,0
1510130,0
2438246,2
2008184,0
2285897,0
328139,0
2222014,0
688943,0
1273320,1
2281646,0
2438944,1
2528534,0
2555614,1
139331,0
1998463,0
892792,0
1541988,0
835881,0
1044564,2
2138707,0
1385987,0
164555,0
2332470,0
2112524,0
1044980,0
2546249,0
2132626,0
1595787,0
1029713,0
588389,0
297580,0
2547332,0
2532338,1
1371388,2
2213460,0
149289,0
1694546,0
99019,0
1240513,0
1613530,0
2499779,0
2273766,0
2066217,0
2311707,1
413548,0
356745,0
1930826,0
1048377,0
1807323,3
2642821,0
1609949,0
1259083,3
33001,0
1345303,0
380362,1
335399,1
770210,0
2042003,0
2622469,0
2011517,0
195348,0
664812,1
2024808,2
747026,0
1250231,3
2420328,1
479620,1
2179800,0
423452,0
2262238,0
2229666,0
698690,0
588249,0
2115442,0
2522859,0
2034262,0
1229269,2
155668,0
2317001,0
31781,1
2397146,0
2473843,1
2002682,0
1954943,0
1137604,0
722936,2
2402424,0
933993,0
1833076,0
905370,1
201218,1
117086,0
2196229,0
1643826,0
702455,0
1380880,4
98838,1
337101,0
11822,0
1552059,0
2249758,0
179523,1
577812,0
499718,4
1915978,1
1654826,0
252672,0
1207845,0
2058234,0
463875,1
1739013,0
1092430,0
981254,0
2186173,2
256033,0
1833330,0
1403738,0
321208,0
1819419,1
2042520,0
721303,0
1054930,0
1025307,0
1094642,0
216653,3
702686,0
186748,0
1144195,1
1909330,0
1744054,1
1498249,0
575315,0
538479,0
1893187,0
2064992,0
494632,3
112334,1
2572565,2
234634,1
1423668,3
2185388,0
2213039,0
1982604,0
1632493,1
1121753,0
2111376,1
1535050,1
2523017,0
1101741,0
500291,0
2292812,0
2484564,1
1795063,0
379372,0
366870,1
2500983,1
1908845,1
70777,0
1686991,0
45656,3
1588648,0
1805679,1
1860515,1
866189,1
928247,0
1209833,0
1252151,0
525168,0
2062699,1
805028,0
627515,0
1598009,0
2162124,1
2158017,0
446624,1
1293600,1
2111266,0
1018100,0
947779,1
1205217,0
705774,0
907037,0
724430,0
323125,0
629176,2
2564223,0
1387828,0
1571424,1
2441010,0
152252,0
2135233,0
2644423,0
614469,1
1414934,0
1238756,0
322033,0
1921988,0
483829,0
1520680,0
715480,1
961774,0
2179295,1
2208612,0
754634,0
1780965,3
1790881,0
382697,2
861874,2
676700,0
616603,0
2245991,0
141656,0
2275248,3
1387040,0
276642,0
331364,0
1104275,0
657261,1
2160049,0
2278221,0
1866713,0
838366,0
2565803,0
2010534,0
2024374,0
620153,0
949980,0
71760,0
1322594,0
199323,0
786667,1
1303433,2
992256,0
734448,2
1484808,1
1954652,0
508161,0
1669327,0
2160684,2
2626082,0
2386022,0
1491001,0
215616,0
2211317,0
2021871,0
1520840,0
203821,2
2402302,0
2234535,4
96537,0
257913,0
531404,0
1761040,0
865351,1
496135,0
1817488,0
1874235,0
2491292,0
1922052,2
2043024,0
2467757,0
301472,0
72368,0
818396,0
1612033,0
2062668,0
699011,0
1566268,0
2544904,0
437055,0
85281,0
318936,0
2531501,0
1325149,0
604922,0
514940,1
355145,0
1935544,1
2177092,2
2247316,0
435450,4
1063987,0
1301158,1
1892784,0
584301,1
798507,1
1736133,1
2474298,0
2242260,0
1245343,0
1609886,0
1778010,0
466871,2
466840,1
1130491,1
1749699,1
2642044,0
86145,0
2566127,0
396696,0
129180,1
1787649,1
2064078,0
1065191,0
1630342,0
2535051,1
2643611,1
1586868,1
611531,0
283293,0
1601071,1
2368488,2
811157,0
1848973,1
1817040,1
1650183,0
607129,0
2354449,1
235229,0
321959,0
2153429,0
2381036,0
2648095,1
1761603,0
1325948,0
809689,0
174329,0
1028203,0
301902,0
1532984,2
1949178,1
2595242,0
411597,2
1850713,0
1565392,0
420914,0
2334774,0
2182662,0
1789890,0
1801739,1
2151453,0
2378317,1
779791,2
2246095,0
2120884,4
1889330,0
597404,0
2087319,0
811716,1
783828,0
811516,0
1212195,0
370323,0
2093317,0
1111596,0
234191,2
847496,1
1210088,2
1111594,2
1343658,3
2406958,3
2214690,0
2412682,0
1030153,0
744823,2
2580792,0
2245281,0
1792487,0
92177,1
168397,0
1929766,1
1301243,2
716034,0
77397,0
324760,0
1775345,0
1757176,1
1740442,0
1058117,0
741423,2
1839671,0
1324394,0
1025888,4
1793468,0
2040166,0
1895242,1
1036139,3
2642839,0
955395,0
1046246,0
2234808,0
997866,0
210644,1
1706190,0
149436,0
1111852,1
2023283,0
1822231,2
15322,0
1973470,0
797860,0
1656085,0
1234996,2
526475,1
881779,0
467190,0
2617950,0
2638753,0
87229,0
2022051,0
2519114,4
1931279,2
719871,0
1416800,0
822625,0
701908,0
2199956,0
672286,0
2152465,3
1500954,0
1618413,0
222687,0
1438009,0
1751572,3
2546451,2
2111332,3
1062800,4
486125,0
362430,1
1968271,0
1702974,0
1083890,0
1881889,2
498337,0
1345177,0
628307,3
1769006,2
201229,0
2526434,0
970615,0
1088005,1
1626810,1
2179689,0
1489256,0
2107416,0
426109,0
2533857,1
2327601,0
777852,0
2396581,1
1092685,2
1705359,0
1357565,0
1099488,0
2621826,1
203299,1
2083019,1
177755,1
396023,0
968454,2
947785,0
713385,0
159328,4
684565,0
336176,0
703079,1
2361485,0
2181485,0
1008904,0
1198312,0
102881,0
2142481,0
2170172,0
60212,0
1890413,1
537689,0
615851,0
1430142,4
247317,0
665252,2
2235475,1
63313,1
2101435,0
169456,0
1019790,0
488183,2
571263,1
262563,0
